Linha no cliente;SKU;Produto;Tipo;Novo/Replicado;Categoria;Data Roteiro;Link Roteiro
2;240347300;Boneca Bebê Realista 42cm com Acessórios - Lulie Kids;PRIORIDADE;Novo;Brinquedos;;
3;240351300;Boneco Bebê Realista 42cm com Acessórios - Lulie Kids;PRIORIDADE;Novo;Brinquedos;;
5;241521300;"Rack para TV até 75"" 4 Portas EDN Móveis Sense 2.2";Vídeo 3D;Replicado;Móveis;;
6;241521400;"Rack para TV até 75"" 4 Portas EDN Móveis Sense 2.2";Vídeo 3D;Replicado;Móveis;;
8;241501500;Guarda-roupa Casal com Sapateiro 8 Gavetas 6 Portas Conquista Móveis Prime Bergamo;Vídeo 3D;Replicado;Móveis;;
9;241502000;Guarda-roupa Casal com Sapateiro 8 Gavetas 6 Portas Conquista Móveis Prime Bergamo;Vídeo 3D;Replicado;Móveis;;
13;240050900;Sofá 3 Lugares Suéde Lisboa Linoforte;Vídeo 3D;Replicado;Móveis;;
14;240050600;Sofá 3 Lugares Suéde Lisboa Linoforte;Vídeo 3D;Replicado;Móveis;;
19;241522000;"Rack para TV até 75"" 4 Portas EDN Móveis Sense 1.8";Vídeo 3D;Replicado;Móveis;;
20;241519900;"Rack para TV até 75"" 4 Portas EDN Móveis Sense 1.8";Vídeo 3D;Replicado;Móveis;;
26;241522100;Buffet 4 Portas EDN Móveis Sense 2.20;Vídeo 3D;Replicado;Móveis;;
28;240053500;Sofá 4 Lugares Linho Lyon A2 Linoforte;Vídeo 3D;Replicado;Móveis;;
30;241319300;Guarda-roupa Casal com Espelho 4 Gavetas 3 Portas de Correr Mademarques Napoli;Vídeo 3D;Replicado;Móveis;;
33;241308600;Poltrona do Papai Reclinável Moderna 3 Posições Móveis Matrix Ônix;Vídeo 3D;Replicado;Móveis;;
40;234598400;Mesa para Computador Demobile - Office Morada;Vídeo 3D;Replicado;Móveis;;
46;241308900;Poltrona do Papai Reclinável Moderna 2 Posições Móveis Matrix Kwid;Vídeo 3D;Replicado;Móveis;;
47;241306700;Poltrona do Papai Reclinável Moderna 2 Posições Móveis Matrix Kwid;Vídeo 3D;Replicado;Móveis;;
48;241306600;Poltrona do Papai Reclinável Moderna 2 Posições Móveis Matrix Kwid;Vídeo 3D;Replicado;Móveis;;
50;241518600;Sofá 4 Lugares Retrátil Reclinável Slim Molas Ensacadas Milano BestHouse;Vídeo 3D;Replicado;Móveis;;
58;241686500;Guarda-roupa Casal 4 Gavetas 2 Portas de Correr Móveis Henn Palace;Vídeo 3D;Replicado;Móveis;;
63;241313200;Guarda-roupa Solteiro 3 Gavetas 2 Portas de Correr Móveis Europa Veneza;Vídeo 3D;Replicado;Móveis;;
64;241319200;Guarda-roupa Solteiro 3 Gavetas 2 Portas de Correr Móveis Europa Veneza;Vídeo 3D;Replicado;Móveis;;
78;241919400;Liquidificador Electrolux Efficient Sport Blender 320W 600ml Inox e Preto BSE20 (https://www.youtube.com/watch?v=8DZLiXjgees);IAC;Replicado;Eletroportáteis;17/09/2026;https://docs.google.com/document/d/1m-nqKGtPGUfKmUWaUJ2if-eDW6DbCM6aIR5Af_9qiEw/edit?usp=drivesdk
80;241633800;Depurador de Ar Electrolux 80cm 5 e 6 Bocas 3 Velocidades DE8SS  (https://drive.google.com/drive/folders/1539XiC5P1PwnApKf9IeU1K5n0zWTNpHs?usp=drive_link);IAC;Replicado;Eletrodomésticos;17/09/2026;https://docs.google.com/document/d/1Gx0jSmFfF1M1uH86ci-9mL-xyct6sejcRf3d6fui5S4/edit?usp=drivesdk
82;241634200;Depurador de Ar Electrolux 60cm 4 Bocas 3 Velocidades DE6SS (https://drive.google.com/drive/folders/1539XiC5P1PwnApKf9IeU1K5n0zWTNpHs?usp=drive_link);IAC;Replicado;Eletrodomésticos;17/09/2026;https://docs.google.com/document/d/1Vw-z54sZaBHGVQcRl2F3MidfB3-Khv5B6lD7dvYHJFc/edit?usp=drivesdk
84;241634400;Depurador de Ar Electrolux 80cm 5 e 6 Bocas 3 Velocidades DE8SB (https://drive.google.com/drive/folders/1539XiC5P1PwnApKf9IeU1K5n0zWTNpHs?usp=drive_link);IAC;Replicado;Eletrodomésticos;17/09/2026;https://docs.google.com/document/d/1kggihO8WQroGeooNT7rTjTAdUw7FGjvaFZyWWY14xSc/edit?usp=drivesdk
87;241705300;Aspirador de Pó Electrolux 1300W Efficient ABS05 Azul (https://www.youtube.com/watch?v=nHCbrLRAIe0);IAC;Replicado;Eletroportáteis;17/09/2026;https://docs.google.com/document/d/1Sbn8umzAM_y5C6FyoRKdBmYWL8pInlowkwVDa5q1-T0/edit?usp=drivesdk
89;241705500;Aspirador de Pó Electrolux 1600W EasyBox EAS40 Azul (https://drive.google.com/drive/folders/1539XiC5P1PwnApKf9IeU1K5n0zWTNpHs?usp=drive_link);IAC;Replicado;Eletroportáteis;17/09/2026;https://docs.google.com/document/d/1gjfi9P-AyZyIZRdNjc67xzvJEB6y-1AzmZ2FMVXFwRE/edit?usp=drivesdk
96;242042200;Extratora Electrolux Portátil AcquaBoost Clean ESC10 1800W (https://www.youtube.com/watch?v=faJRAST1o-g);IAC;Replicado;Eletroportáteis;17/09/2026;https://docs.google.com/document/d/1dDBD6CcjFvMQvHyagXplICEfNt5LslIU7CF016SdY20/edit?usp=drivesdk
105;242183800;Micro-ondas Electrolux 34L Branco Efficient ME34B (https://drive.google.com/drive/folders/1539XiC5P1PwnApKf9IeU1K5n0zWTNpHs?usp=drive_link);IAC;Replicado;Eletrodomésticos;17/09/2026;https://docs.google.com/document/d/1Uy7eid3SZ3fAcPFN5amV4AlEsPDvg4_DChCyaCrCuLs/edit?usp=drivesdk
107;242184000;Micro-ondas Electrolux 34L Cinza Espelhado Efficient ME34S (https://drive.google.com/drive/folders/1539XiC5P1PwnApKf9IeU1K5n0zWTNpHs?usp=drive_link);IAC;Replicado;Eletrodomésticos;17/09/2026;https://docs.google.com/document/d/1iTCnI0cj315LdjsRjtL6tixEc41-wBkQBI_BfHT-dSo/edit?usp=drivesdk
278;108512400;Secador de Cabelo Gama Italy IQ Perfetto Gelo - 2000W 3 Velocidades ((https://www.youtube.com/watch?v=OOgil6lpYIo));IAC;Replicado;Beleza e Perfumaria;;NÃO FAZER
467;235113700;Secadora de Roupas de Parede Mueller Sun 8kg - 3 Programas de Secagem;IAC;Replicado;Eletrodomésticos;;
470;241437200;Air Fryer EOS Cheff Gourmet EAF08P 8,2L Digital Preta  (https://www.youtube.com/watch?v=4YNDYUMD73k - USAR APENAS CENAS PRETO);IAC;Replicado;Eletroportáteis;;NÃO FAZER
476;241335500;Aspirador de Pó 2 em 1 Philco 1400W PAS1450C 54902086 Cinza;IAC;Replicado;Eletroportáteis;;
478;240139100;Ferro de Passar Roupa a Vapor e a Seco Black+Decker FX1050 Branco e Roxo (https://www.youtube.com/watch?v=HIU1HJLvuto);IAC;Replicado;Eletroportáteis;;NÃO FAZER
480;241962700;Lavadora de Roupas Midea 14kg Cesto Inox 13 Programas de Lavagem Branca MA512W140A/WK04;IAC;Replicado;Eletrodomésticos;;
482;241660500;Secadora de Roupas de Piso Philco 11kg PSR11B 15 Programas de Secagem;IAC;Replicado;Eletrodomésticos;;
484;241896800;Freezer Horizontal Philco 143L 1 Porta PFH160B;IAC;Replicado;Eletrodomésticos;;
486;241348200;Purificador de Água Colormaq de Mesa e Gabinete Compressor Grafito Pró Água Gelada e Natural 120004500 (https://www.youtube.com/watch?v=zQBVZihCqkw);IAC;Replicado;Eletroportáteis;;NÃO FAZER
488;240966900;Micro-ondas Mondial 34L Preto MO-02-34-B;IAC;Replicado;Eletrodomésticos;;
490;241706500;Geladeira/Refrigerador Samsung Smart French Door Inox 664L RF70H;IAC;Replicado;Eletrodomésticos;;
492;241335100;Liquidificador Britânia BLQ15A 1500W Copo de 3,1L Preto e Prata;IAC;Replicado;Eletroportáteis;;
495;238155700;Sanduicheira Electrolux 750W Antiaderente Efficient ESG20 (https://www.youtube.com/watch?v=3gbiPKu5WKA);IAC;Replicado;Eletroportáteis;;NÃO FAZER
497;241334100;Sanduicheira Grill Britânia BGR28A 1200W Preto;IAC;Replicado;Eletroportáteis;;
499;241936300;Micro-ondas Philco 28L Prata Espelhado PMO31S;IAC;Replicado;Eletrodomésticos;;
501;241348800;Purificador de Água Colormaq de Mesa e Gabinete Compressor Branco Pró Água Gelada e Natural 120004497 (https://www.youtube.com/watch?v=zQBVZihCqkw);IAC;Replicado;Eletroportáteis;;NÃO FAZER
503;218504200;Pipoqueira Elétrica Britânia Poplite BPI01V - Vermelha 50g de Pipoca;IAC;Replicado;Eletroportáteis;;
505;241633000;Micro-ondas Consul 23L Inox CMS23AR;IAC;Replicado;Eletrodomésticos;;
507;013086700;Geladeira Consul Frost Free Duplex 340L Branca com Prateleiras Altura Flex 220V CRM39ABBNA;IAC;Replicado;Eletrodomésticos;;
510;241632800;Micro-ondas Consul 23L Branco CMS23AB;IAC;Replicado;Eletrodomésticos;;
512;241627700;Forno Elétrico de Bancada Mondial Preto e Inox 52L Preto Family Grill FRN-52-BI;IAC;Replicado;Eletrodomésticos;;
514;241957400;Lavadora de Roupas Midea 14,5kg Cesto Inox 13 Programas de Lavagem Cinza Titânio MA512W145/GK-05;IAC;Replicado;Eletrodomésticos;;
516;242119400;Tanquinho de Lavar Roupas Suggar 15kg Lavamax Eco;IAC;Replicado;Eletrodomésticos;;
518;241382300;Panela de Arroz Elétrica 3 Xícaras Oster OPAN306;IAC;Replicado;Eletroportáteis;;
520;241493900;Cervejeira Linq Preta 86L Frost Free CGT1P (https://www.youtube.com/watch?v=0F3cCN_phvo);IAC;Replicado;Eletrodomésticos;;NÃO FAZER
525;241334900;Liquidificador Britânia BLQ14A 63101019 Copo de Vidro de 2,3L 1400W Preto e Inox;IAC;Replicado;Eletroportáteis;;
527;241348000;Bebedouro de Água de Mesa Compressor Colormaq Pro 120004492 (https://www.youtube.com/watch?v=zQBVZihCqkw);IAC;Replicado;Eletroportáteis;;NÃO FAZER
529;213485500;Purificador de Água Consul Refrigerado por - Compressor CPB36 ABANA Água Gelada e Natural;IAC;Replicado;Eletroportáteis;;
531;231231500;Cafeteira Nespresso Citiz Branco (https://www.youtube.com/watch?v=3X4iGA9LuHc);IAC;Replicado;Eletroportáteis;;NÃO FAZER
533;241897200;Bebedouro de Água de Coluna Turbo Compressor Philco PBE80A;IAC;Replicado;Eletroportáteis;;
535;241455000;Micro-ondas Midea 20L Prata Espelhado MHP20S1;IAC;Replicado;Eletrodomésticos;;
541;241929400;Ventilador de Coluna Arno Essential VE2C 40cm 6 Pás 3 Velocidades Preto;IAC;Replicado;Ar e Ventilação;;
565;241334300;Secador de Cabelo Britânia Silence Turbo e Tourmaline Íon Rosa e Rosé 1450W 3 Velocidades BSD15A 63502091;IAC;Replicado;Beleza e Perfumaria;;
587;242042500;Ventilador de Coluna Britânia BVC41A 48cm 6 Pás 3 Velocidades Preto;IAC;Replicado;Ar e Ventilação;;
620;241930300;Ventilador de Mesa Arno X-Treme VE70 40cm 7 Pás 3 Velocidades Preto e Azul Escuro;IAC;Replicado;Ar e Ventilação;;
632;241930400;Ventilador de Mesa Arno Essential VE2E 40cm 6 Pás 3 Velocidades Preto;IAC;Replicado;Ar e Ventilação;;
715;228886300;Aquecedor Halógeno Mondial Comfort Air II A-09;IAC;Replicado;Ar e Ventilação;;
758;242175100;Ventilador de Coluna Wap Flow Turbo WV02PR 40cm 8 Pás Preto (https://www.youtube.com/watch?v=bT4ZqlGInts);IAC;Novo;Ar e Ventilação;;NÃO FAZER
759;242175000;Ventilador de Coluna Wap Flow Turbo WV02PR 40cm 8 Pás Preto (https://www.youtube.com/watch?v=bT4ZqlGInts);IAC;Replicado;Ar e Ventilação;;NÃO FAZER
760;242174400;Ar-condicionado Janela 10.000 BTUs Midea Frio QCL108BB;IAC;Novo;Ar e Ventilação;;
761;242174500;Ar-condicionado Janela 10.000 BTUs Midea Frio QCL108BB;IAC;Replicado;Ar e Ventilação;;
763;242120800;Celular Samsung Galaxy Z Fold8 512GB 12GB RAM Lavanda 7,6” Câm. Traseira 50+50MP Frontal 10M (https://www.youtube.com/watch?v=Ad2LNjNaIGQ);IAC;Replicado;Celulares e Smartphones;;NÃO FAZER
764;242119900;Celular Samsung Galaxy Z Fold8 256GB 12GB RAM Preto 7,6” Câm. Traseira 50+50MP Frontal 10M (https://www.youtube.com/watch?v=Ad2LNjNaIGQ);IAC;Replicado;Celulares e Smartphones;;NÃO FAZER
765;242120700;Celular Samsung Galaxy Z Fold8 256GB 12GB RAM Lavanda 7,6” Câm. Traseira 50+50MP Frontal 10M (https://www.youtube.com/watch?v=Ad2LNjNaIGQ);IAC;Replicado;Celulares e Smartphones;;NÃO FAZER
766;242119600;"Notebook Samsung Galaxy Book Go NP340XLA-L0ABR Snapdragon 7C Gen 2 4GB RAM 14"" Full HD Windows 11";IAC;Novo;Informática;;
767;242110900;Ventilador de Coluna Arno X-treme 7 VE7C 40cm 7 Pás 3 Velocidades Preto e Azul Escuro (https://www.youtube.com/watch?v=nLhfGF9DsoQ);IAC;Novo;Ar e Ventilação;;NÃO FAZER
768;242110800;Ventilador de Coluna Arno X-treme 7 VE7C 40cm 7 Pás 3 Velocidades Preto e Azul Escuro (https://www.youtube.com/watch?v=nLhfGF9DsoQ);IAC;Replicado;Ar e Ventilação;;NÃO FAZER
769;242092700;"Celular Samsung Galaxy Z Flip8 512GB 12GB RAM Preto 6,9"" Câm. Dupla 50MP O Flip Mais Leve do Mundo (https://www.youtube.com/watch?v=roK-wxy1MO4&list=PLLoSBVVVwRbc&index=2)";IAC;Novo;Celulares e Smartphones;;NÃO FAZER
770;242093100;"Celular Samsung Galaxy Z Flip8 512GB 12GB RAM Rosa 6,9"" Câm. Dupla 50MP O Flip Mais Leve do Mundo (https://www.youtube.com/watch?v=roK-wxy1MO4&list=PLLoSBVVVwRbc&index=2)";IAC;Novo;Celulares e Smartphones;;NÃO FAZER
771;242092800;"Celular Samsung Galaxy Z Flip8 256GB 12GB RAM Preto 6,9"" Câm. Dupla 50MP O Flip Mais Leve do Mundo (https://www.youtube.com/watch?v=roK-wxy1MO4&list=PLLoSBVVVwRbc&index=2)";IAC;Novo;Celulares e Smartphones;;NÃO FAZER
772;242092900;"Celular Samsung Galaxy Z Flip8 256GB 12GB RAM Rosa 6,9"" Câm. Dupla 50MP O Flip Mais Leve do Mundo (https://www.youtube.com/watch?v=roK-wxy1MO4&list=PLLoSBVVVwRbc&index=2)";IAC;Novo;Celulares e Smartphones;;NÃO FAZER
773;242082800;Kit Ferramentas Titanium Platina TI 110 Peças;IAC;Novo;Ferramentas;;
774;242082200;Kit Ferramentas Titanium Platina 128 Peças;IAC;Novo;Ferramentas;;
775;242058100;Ar-condicionado Split 9.000 BTUs Philco Eco Inverter Frio PAC9FT;IAC;Novo;Ar e Ventilação;;
776;242054600;Samsung Galaxy Watch9 Smartwatch 40mm BT Galaxy AI Cristal de Safira Preto (https://www.youtube.com/watch?v=tN4tQ0cQniE);IAC;Novo;Celulares e Smartphones;;NÃO FAZER
777;242054400;Samsung Galaxy Watch9 Smartwatch 40mm BT Galaxy AI Cristal de Safira Creme (https://www.youtube.com/watch?v=tN4tQ0cQniE);IAC;Novo;Celulares e Smartphones;;NÃO FAZER
778;242047400;"Smart TV 55"" Samsung 4K UHD OLED S85H One UI Tizen QN55S85HAEXZD 2026";IAC;Novo;TV e Vídeo;;
779;242046500;"Smart TV 65"" Samsung OLED S85H One UI Tizen QN65S85HAEXZD 2026";IAC;Novo;TV e Vídeo;;
780;242046300;"Smart TV 65"" Samsung 4K UHD Neo QLED QN70H One UI Tizen QN65QN70HAGXZD 2026";IAC;Novo;TV e Vídeo;;
781;242044400;"Notebook Gamer Acer Nitro V15 Intel Core i5 512GB SSD 8GB RAM 15,6"" Full HD IPS Nvidia RTX 4050 6GB Linux ANV15-52-57MC";IAC;Novo;Informática;;
782;242002100;"Celular Samsung Galaxy A27 256GB 5G 6GB RAM Rosa 6,7"" Câm. Tripla Selfie 12MP";IAC;Novo;Celulares e Smartphones;;
783;242001700;"Celular Samsung Galaxy A27 256GB 5G 6GB RAM Preto 6,7"" Câm. Tripla Selfie 12MP";IAC;Novo;Celulares e Smartphones;;
784;242002000;"Celular Samsung Galaxy A27 256GB 5G 6GB RAM Azul 6,7"" Câm. Tripla Selfie 12MP";IAC;Novo;Celulares e Smartphones;;
785;241999000;Creme Hidratante Corporal Eudora Instance Karité 400ml;Lu Oferta;Novo;Beleza e Perfumaria;;
786;241991800;Câmera de Segurança Wi-Fi TP-Link Full HD Interna Tapo C200;IAC;Novo;Casa e Construção;;
787;241962500;Lavadora de Roupas Midea 16kg Cesto Inox 13 Programas de Lavagem Branca MA512W160A/WK04 (https://www.youtube.com/watch?v=YUX8ns2Ovs8);IAC;Novo;Eletrodomésticos;;NÃO FAZER
788;241962600;Lavadora de Roupas Midea 16kg Cesto Inox 13 Programas de Lavagem Branca MA512W160A/WK05 (https://www.youtube.com/watch?v=YUX8ns2Ovs8);IAC;Replicado;Eletrodomésticos;;NÃO FAZER
789;241957700;Lavadora de Roupas Midea 16,5kg Cesto Inox 13 Programas de Lavagem Cinza Titânio MA512W165/GK-05;IAC;Novo;Eletrodomésticos;;
790;241957600;Lavadora de Roupas Midea 16,5kg Cesto Inox 13 Programas de Lavagem Cinza Titânio MA512W165/GK-04;IAC;Replicado;Eletrodomésticos;;
791;241957200;Lava-louças Midea 16 Serviços com Função Higienizar MDWEF1633GSS2 Inox;IAC;Novo;Eletrodomésticos;;
792;241957100;Lava-louças Midea 16 Serviços com Função Higienizar MDWEF1633GBS1 Inox;IAC;Replicado;Eletrodomésticos;;
793;241936000;Micro-ondas Marca 33L Espelhado PMO39S;IAC;Novo;Eletrodomésticos;;
794;241936100;Micro-ondas Marca 33L Espelhado PMO39S;IAC;Replicado;Eletrodomésticos;;
795;241935800;Micro-ondas Philco 33L Branco PMO39B;IAC;Novo;Eletrodomésticos;;
796;241935900;Micro-ondas Philco 33L Branco PMO39B;IAC;Replicado;Eletrodomésticos;;
797;241933200;Carrinho de Bebê com Bebê Conforto Reversível Infanti Romanzo Duo 0 a 15kg (https://www.youtube.com/watch?v=Gsmiin6hAvA);IAC;Novo;Bebê;;NÃO FAZER
798;241933500;Carrinho de Bebê com Bebê Conforto Reversível Infanti Romanzo Duo 0 a 15kg (https://www.youtube.com/watch?v=KL56MnbpjQE);IAC;Novo;Bebê;;NÃO FAZER
799;241934100;Carrinho de Bebê com Bebê Conforto Reversível Infanti Romanzo Duo 0 a 15kg (https://www.youtube.com/watch?v=KL56MnbpjQE);IAC;Novo;Bebê;;NÃO FAZER
800;241923600;Carrinho de Bebê Avanti Garden 0 a 15kg;IAC;Novo;Bebê;;
801;241923500;Carrinho de Bebê Avanti Garden 0 a 15kg;IAC;Novo;Bebê;;
802;241896500;Forno Elétrico de Bancada Philco Autolimpante 50L Preto PFE56A;IAC;Novo;Eletrodomésticos;;
803;241896300;Forno Elétrico de Bancada Philco 80L Preto PFE80A;IAC;Novo;Eletrodomésticos;;
804;241896400;Forno Elétrico de Bancada Philco 80L Preto PFE80A;IAC;Replicado;Eletrodomésticos;;
805;241890600;"Smartphone Motorola Razr Fold 1TB 5G 16GB RAM + 16GB RAM Boost Inteligente Preto Tela 6,6"" e 8,1"" Câm. Tripla Selfie de 20MP e 32MP (https://www.youtube.com/watch?v=JcmGHt5aq9M)";IAC;Novo;Celulares e Smartphones;;NÃO FAZER
806;241883900;"Smartphone OPPO Reno16 512GB 5G 8GB RAM Violeta Crepúsculo 6,32"" Câm. Tripla + Selfie 50MP";IAC;Novo;Celulares e Smartphones;;
807;241870600;Jeep Elétrico Infantil Branco e Preto Bandeirante  - Off Road R/C 12V com Controle Remoto 2 Marchas (https://www.youtube.com/watch?v=kyOveYobSl8);IAC;Novo;Brinquedos;;NÃO FAZER
808;241859100;"Monitor Gamer TCL 25G64 25"" Full HD Preto";IAC;Novo;Informática;;
809;241826900;Jogo Adivinha Quem Pokémon - Tabuleiro Hasbro Games;IAC;Novo;Brinquedos;;
810;241823300;LEGO Marvel Homem-Aranha Vs. Hulk - 76350 534 Peças (https://www.lego.com.br/76350-lego-marvel-homem-aranha-vs-hulk-confronto-epico/p);IAC;Novo;Brinquedos;;NÃO FAZER
811;241823200;LEGO Marvel Homem-Aranha Perseguição na Prisão - 76349 367 Peças (https://www.lego.com.br/76349-lego-marvel-perseguicao-do-homem-aranha-no-transporte-da-prisao/p);IAC;Novo;Brinquedos;;NÃO FAZER
812;241821200;LEGO Botanicals Plantas Balançantes - 11506 253 Peças (https://www.lego.com.br/11506-lego-botanicos-plantas-balancantes/p);IAC;Novo;Brinquedos;;NÃO FAZER
813;241820400;LEGO Ideas Peanuts: A Casinha do Snoopy - 21368 964 Peças (https://www.lego.com.br/21368-lego-ideas-peanuts-casinha-do-snoopy/p);IAC;Novo;Brinquedos;;NÃO FAZER
814;241816100;LEGO Duplo Caixa Colorida Criativa - 10479 80 Peças (https://www.lego.com.br/10479-lego-duplo-caixa-criativa/p);IAC;Novo;Brinquedos;;NÃO FAZER
815;241756900;Fogão 5 Bocas Atlas Preto Mesa de Vidro Agile Up Glass;IAC;Novo;Eletrodomésticos;;
816;241716300;Escova Rotativa Mondial Red Infinity Keratin 1300W de Cerâmica ERB-11-KR (https://www.youtube.com/watch?v=yqjzShqiS1w);IAC;Novo;Beleza e Perfumaria;;NÃO FAZER
817;241705700;Caixa de Som Torre Samsung Sound Tower MX-ST40F Bluetooth 160W RMS (https://www.youtube.com/watch?v=fodyUgJTkzw);IAC;Novo;Áudio;;NÃO FAZER
818;241705600;Caixa de Som Torre Samsung Sound Tower MX-ST50F Bluetooth 240W RMS (https://www.youtube.com/watch?v=Hgj2RMM7M8U);IAC;Novo;Áudio;;NÃO FAZER
819;241922100;Balcão de Cozinha para Pia Telasul Aço 4 Portas 2 Gavetas Star New;IAC;Novo;Móveis;;
820;241704000;Balcão de Cozinha para Pia Telasul Aço 4 Portas 2 Gavetas Star New;IAC;Novo;Móveis;;
821;241703500;Cozinha Modulada Suspensa Telasul Cristal Smart com Balcão 10 Portas 1 Gaveta Aço;IAC;Novo;Móveis;;
822;241703800;Cozinha Modulada Suspensa Telasul Cristal Smart com Balcão 10 Portas 1 Gaveta Aço;IAC;Novo;Móveis;;
823;241703600;Armário de Cozinha Aço Telasul Liz 8 Portas 1 Gavetas 140x175,5cm;IAC;Novo;Móveis;;
824;241703400;Armário de Cozinha Aço Telasul Liz 8 Portas 1 Gavetas 140x175,5cm;IAC;Novo;Móveis;;
825;241703300;Escada de Alumínio Multifuncional Articulada 4x4 16 Degraus Botafogo Lar & Lazer Prime;IAC;Novo;Casa e Construção;;
826;241703200;Escada de Alumínio Multifuncional Articulada 3x4 12 Degraus Botafogo Lar & Lazer Prime;IAC;Novo;Casa e Construção;;
827;241702200;Mesa de Jantar 4 Cadeiras 4 Lugares Retangular Cinamomo Off White Caramelo e Creme Móveis Henn Nathalí;IAC;Novo;Móveis;;
828;241701700;Armário de Cozinha Aéreo MDF Móveis Henn Americana 3 Portas 120x83cm;IAC;Novo;Móveis;;
829;241702300;Armário de Cozinha Aéreo MDF Móveis Henn Americana 3 Portas 120x83cm;IAC;Novo;Móveis;;
830;241701300;Mesa de Jantar 6 Cadeiras 6 Lugares Retangular Cinamomo Off White Caramelo e Creme Móveis Henn Olívia;IAC;Novo;Móveis;;
831;241701200;Mesa de Jantar 6 Cadeiras 6 Lugares Retangular Cinamomo Off White Caramelo e Creme Móveis Henn Nathalí;IAC;Novo;Móveis;;
832;241688700;Esteira Ergométrica Elétrica Kikos Bolt E350C Dobrável 12km/h;IAC;Novo;Esporte e Lazer;;
833;241688600;Esteira Ergométrica Elétrica Bolt E350C Vel. Máxima 12km/h;IAC;Replicado;Esporte e Lazer;;
834;241688400;Bicicleta Ergométrica Vertical Kikos Bolt 3016 Residencial Até 100kg;IAC;Novo;Esporte e Lazer;;
835;241687500;Cômoda 6 Gavetas Móveis Henn Ravenna;IAC;Novo;Móveis;;
836;241687400;Cômoda 6 Gavetas Móveis Henn Ravenna;IAC;Novo;Móveis;;
837;241686800;Cômoda 4 Gavetas 1 Porta Móveis Henn Americana;IAC;Novo;Móveis;;
838;241686900;Cômoda 4 Gavetas 1 Porta Móveis Henn Americana;IAC;Novo;Móveis;;
839;241687100;Guarda-roupa Casal com Espelho 3 Gavetas 10 Portas com Penteadeira Móveis Henn Briz;IAC;Novo;Móveis;;
840;241686300;Guarda-roupa Casal com Espelho 3 Gavetas 10 Portas com Penteadeira Móveis Henn Briz;IAC;Novo;Móveis;;
841;241687000;Mesa de Cabeceira Moderna 2 Gavetas Campeche Móveis Henn;IAC;Novo;Móveis;;
842;241686200;Mesa de Cabeceira Moderna 2 Gavetas Campeche Móveis Henn;IAC;Novo;Móveis;;
843;241686700;Guarda-roupa Infantil 4 Gavetas 4 Portas Móveis Henn Americano;IAC;Novo;Móveis;;
844;241685900;Guarda-roupa Casal 9 Gavetas 6 Portas Móveis Henn Imperial;IAC;Novo;Móveis;;
845;241687200;Guarda-roupa Casal 9 Gavetas 6 Portas Móveis Henn Imperial;IAC;Novo;Móveis;;
846;241685800;Mesa de Cabeceira 2 Gavetas Americana Móveis Henn;IAC;Novo;Móveis;;
847;241687600;Mesa de Cabeceira 2 Gavetas Americana Móveis Henn;IAC;Novo;Móveis;;
848;241685700;Guarda-roupa Casal com Espelho 6 Gavetas 2 Portas de Correr Móveis Henn Cayman;IAC;Novo;Móveis;;
849;241685600;Guarda-roupa Casal com Espelho 6 Gavetas 2 Portas de Correr Móveis Henn Cayman;IAC;Novo;Móveis;;
850;241685000;Esteira Ergométrica Elétrica Dream Fitness Concept 1.6i Vel. Máxima 9km/h;IAC;Novo;Esporte e Lazer;;
851;241684900;Esteira Ergométrica Elétrica Dream Fitness Concept 1.6i Vel. Máxima 9km/h;IAC;Replicado;Esporte e Lazer;;
852;241684800;Esteira Ergométrica Elétrica Dream Fitness DR 2110i Vel. Máxima 14km/h;IAC;Novo;Esporte e Lazer;;
853;241684700;Esteira Ergométrica Elétrica Dream Fitness DR 2110i Vel. Máxima 14km/h;IAC;Replicado;Esporte e Lazer;;
854;241684200;Esteira Ergométrica Elétrica Dream Fitness Black Edition 3.5i Dobrável Vel. Máxima 18km/h;IAC;Novo;Esporte e Lazer;;
855;241683300;Esteira Ergométrica Elétrica Dream Fitness Black Edition 3.5i Dobrável Vel. Máxima 18km/h;IAC;Replicado;Esporte e Lazer;;
856;241683400;Esteira Ergométrica Elétrica Dream Fitness Black Edition 4.0i Dobrável Vel. Máxima 20km/h;IAC;Novo;Esporte e Lazer;;
857;241684300;Esteira Ergométrica Elétrica Dream Fitness Black Edition 4.0i Dobrável Vel. Máxima 20km/h;IAC;Replicado;Esporte e Lazer;;
858;241682500;Bicicleta Ergométrica Horizontal Dream Fitness HX1i Black Edition Magnética 120kg;IAC;Novo;Esporte e Lazer;;
859;241682200;Esteira Ergométrica Elétrica Dream Fitness Concept Compact 2.5i Dobrável Vel. Máxima 16km/h;IAC;Novo;Esporte e Lazer;;
860;241682300;Esteira Ergométrica Elétrica Dream Fitness Concept Compact 2.5i Dobrável Vel. Máxima 16km/h;IAC;Replicado;Esporte e Lazer;;
861;241682100;Esteira Ergométrica Elétrica Dream Fitness Concept 1.8i Dobrável Vel. Máxima 12km/h;IAC;Novo;Esporte e Lazer;;
862;241685200;Esteira Ergométrica Elétrica Dream Fitness Concept 1.8i Dobrável Vel. Máxima 12km/h;IAC;Replicado;Esporte e Lazer;;
863;241631800;Lava e Seca Brastemp 14kg BNO14AS Água Quente e Fria Inox e Preto (https://www.youtube.com/watch?v=senG4oq4RZQ);IAC;Novo;Eletrodomésticos;;NÃO FAZER
864;241631200;Lava e Seca Brastemp 14kg BNQ14AR Água Quente e Fria Grafite (https://www.youtube.com/watch?v=RglLOy6l2-I);IAC;Novo;Eletrodomésticos;;NÃO FAZER
865;241631100;Lava e Seca Brastemp 14kg BNQ14AR Água Quente e Fria Grafite (https://www.youtube.com/watch?v=RglLOy6l2-I);IAC;Replicado;Eletrodomésticos;;NÃO FAZER
866;241628000;Forno Elétrico de Bancada Mondial 42L Branco Family Grill FRN-42-WI;IAC;Novo;Eletrodomésticos;;
867;241627900;Forno Elétrico de Bancada Mondial 42L Branco Family Grill FRN-42-WI;IAC;Replicado;Eletrodomésticos;;
868;241623000;Colchão Solteiro Prorelax de Espuma D65 14x78x188cm Max Firme;IAC;Novo;Colchões;;
869;241612900;Sofá 2 Lugares Retrátil Reclinável Slim Molas Ensacadas Milano BestHouse;IAC;Novo;Móveis;;
870;241612800;Sofá 3 Lugares Retrátil Reclinável Slim Molas Ensacadas Milano BestHouse;IAC;Novo;Móveis;;
871;241612600;Sofá 3 Lugares Retrátil Reclinável Slim Molas Ensacadas Milano BestHouse;IAC;Novo;Móveis;;
872;241610200;Ar-condicionado Split 9.000 BTUs Aiwa Inverter Frio AWS-AC-9F-EU;IAC;Novo;Ar e Ventilação;;
873;241609600;LEGO Mario Kart Luigi & Mach 8 - 72050 2234 Peças (https://www.lego.com.br/72050-lego-super-mario-kart-luigi-mach-8/p);IAC;Novo;Brinquedos;;NÃO FAZER
874;241605400;LEGO Editions Capacete Scuderia Ferrari HP - Lewis Hamilton 43022 884 Peças (https://www.lego.com.br/43022-lego-editions-capacete-scuderia-ferrari-hp-lewis-hamilton/p);IAC;Novo;Brinquedos;;NÃO FAZER
875;241604700;LEGO Editions Capacete Scuderia Ferrari HP - Charles Leclerc 43014 886 Peças (https://www.lego.com.br/43014-lego-editions-capacete-scuderia-ferraria-hp-charles-leclerc/p);IAC;Novo;Brinquedos;;NÃO FAZER
876;241568400;Panela de Pressão Brinox 4L Inox Ultra;IAC;Novo;Utilidades Domésticas;;
877;241567100;Porta-tempero de Vidro 10 Peças Brinox Lock com Suporte;IAC;Novo;Utilidades Domésticas;;
878;241568500;Panela de Pressão Brinox 5,4L Indução Preta Pressure;IAC;Novo;Utilidades Domésticas;;
879;241564800;Aparelho de Jantar 20 Peças Tramontina Redondo de Porcelana Branco e Azul Lavínia;IAC;Novo;Utilidades Domésticas;;
880;241564700;Aparelho de Jantar 20 Peças Tramontina Redondo de Porcelana Branco e Azul Royal;IAC;Novo;Utilidades Domésticas;;
881;241558400;Guarda-roupa Casal com Sapateiro 4 Gavetas 10 Portas Demóbile Vizanno;IAC;Novo;Móveis;;
882;241558300;Guarda-roupa Casal com Sapateiro 4 Gavetas 10 Portas Demóbile Vizanno;IAC;Novo;Móveis;;
883;241557400;Air Fryer Gaabor AF-35M02A 2,8L Preta;IAC;Novo;Eletroportáteis;;
884;241557300;Air Fryer Gaabor AF-35M02AS 2,8L Preta;IAC;Replicado;Eletroportáteis;;
885;241557000;Cama de Casal Conquista Móveis Rubi Cinamomo;IAC;Novo;Móveis;;
886;241557100;CAMA CASAL RUBI BRANCO - CMCSRUBIBRA;IAC;Novo;Móveis;;
887;241530300;Poltrona Giratória Matielo Cloe 2630;IAC;Novo;Móveis;;
888;241521600;Aparador 2 Gavetas EDN Móveis Sense;IAC;Novo;Móveis;;
889;241521100;"Rack para TV até 75"" 4 Portas EDN Móveis Modena 2.0";IAC;Novo;Móveis;;
890;241520900;"Rack para TV até 75"" 2 Gavetas EDN Móveis Eifell 1,80";IAC;Novo;Móveis;;
891;241521000;"Rack para TV até 75"" 2 Gavetas EDN Móveis Eifell 1,80";IAC;Novo;Móveis;;
892;241520800;"Rack para TV até 75"" 2 Gavetas EDN Móveis Eifell 2.20";IAC;Novo;Móveis;;
893;241520600;"Painel para TV até 75"" EDN Móveis Alpes";IAC;Novo;Móveis;;
894;241521800;"Rack para TV até 85"" 2 Gavetas EDN Móveis Eifell 2.6";IAC;Novo;Móveis;;
895;241519700;"Rack para TV até 85"" 2 Gavetas EDN Móveis Eifell 2.6";IAC;Novo;Móveis;;
896;241519600;"Painel para TV até 85"" EDN Móveis Alpes";IAC;Novo;Móveis;;
897;241518700;Sofá de Canto 5 Lugares Retrátil Reclinável Slim Molas Ensacadas Milano BestHouse;IAC;Novo;Móveis;;
898;241518800;Sofá de Canto 5 Lugares Retrátil Reclinável Slim Molas Ensacadas Milano BestHouse;IAC;Novo;Móveis;;
899;241518400;Sofá 5 Lugares Retrátil Reclinável Slim Molas Ensacadas Milano BestHouse;IAC;Novo;Móveis;;
900;241518500;Sofá 5 Lugares Retrátil Reclinável Slim Molas Ensacadas Milano BestHouse;IAC;Novo;Móveis;;
901;241518000;Carregador Portátil/Power Bank 1Hora GAR158-28-1 por Indução 20.000mAh;IAC;Novo;Celulares e Smartphones;;
902;241500400;Guarda-roupa Casal com Espelho 8 Gavetas 3 Portas de Correr Conquista Móveis Prime Chicago;IAC;Novo;Móveis;;
903;241501300;Guarda-roupa Casal com Sapateiro 8 Gavetas 5 Portas Conquista Móveis Prime Bari;IAC;Novo;Móveis;;
904;241500500;Guarda-roupa Casal com Sapateiro 8 Gavetas 5 Portas Conquista Móveis Prime Bari;IAC;Novo;Móveis;;
905;241501400;Guarda-roupa Casal com Sapateiro 8 Gavetas 5 Portas Conquista Móveis Prime Bari;IAC;Novo;Móveis;;
906;241501000;Guarda-roupa Casal com Espelho e Sapateiro 4 Gavetas 2 Portas de Correr Conquista Móveis Prime Chicago;IAC;Novo;Móveis;;
907;241500900;Guarda-roupa Casal com Espelho e Sapateiro 4 Gavetas 2 Portas de Correr Conquista Móveis Prime Chicago;IAC;Novo;Móveis;;
908;241501200;Guarda-roupa Casal com Espelho e Sapateiro 4 Gavetas 2 Portas de Correr Conquista Móveis Prime Chicago;IAC;Novo;Móveis;;
909;241500800;Guarda-roupa Casal com Espelho e Sapateiro 6 Gavetas 3 Portas de Correr Conquista Móveis Prime Siena;IAC;Novo;Móveis;;
910;241498900;Kit Electrolux Efficient ECT10 com Cafeteira e Torradeira;IAC;Novo;Eletroportáteis;;
911;241499000;Kit Electrolux Efficient ECT10 com Cafeteira e Torradeira;IAC;Replicado;Eletroportáteis;;
912;241478200;Guarda-roupa Casal com Espelho 6 Gavetas 2 Portas de Correr Araplac Moura;IAC;Novo;Móveis;;
913;241478300;Guarda-roupa Casal com Espelho 6 Gavetas 2 Portas de Correr Araplac Moura;IAC;Novo;Móveis;;
914;241474800;Banheira de Bebê com Suporte e Trocador Dobrável Galzerano Classic Rosa 20kg;IAC;Novo;Bebê;;
915;241474700;Banheira de Bebê com Suporte e Trocador Dobrável Galzerano Classic Azul 20kg;IAC;Novo;Bebê;;
916;241472700;"Pneu Aro 16"" 195/55R16 XBRI 87V Ecology";Lu Oferta;Novo;Automotivo;;
917;241471500;"Pneu Aro 17"" 225/50R17 XBRI 98W Sport+ 2 XL";Lu Oferta;Novo;Automotivo;;
918;241471300;"Pneu Aro 17"" 215/50R17 XBRI 95W Sport+ 2 XL";Lu Oferta;Novo;Automotivo;;
919;241471000;"Pneu Aro 15"" 205/65R15 XBRI 94H Ecology";Lu Oferta;Novo;Automotivo;;
920;241454800;Micro-ondas Midea 35L Prata Espelhado MasterCook MHP35S2;IAC;Novo;Eletrodomésticos;;
921;241454700;Micro-ondas Midea 35L Prata Espelhado MasterCook MHP35S2;IAC;Replicado;Eletrodomésticos;;
922;241438100;Geladeira/Refrigerador LG Smart Frost Free Side by Side Inox Look 628L GC-X267GL5P Bivolt (https://www.youtube.com/watch?v=h_5MY1HfJFs);IAC;Novo;Eletrodomésticos;;NÃO FAZER
923;241425100;Berço Co-leito Cosco Kids Cubbie com Mosquiteiro Até 9kg Bege (https://www.youtube.com/watch?v=X4AsJwJ925U);IAC;Novo;Bebê;;NÃO FAZER
924;241424600;Berço Co-leito Cosco Kids Cubbie com Mosquiteiro Até 9kg Cinza (https://www.youtube.com/watch?v=X4AsJwJ925U);IAC;Novo;Bebê;;NÃO FAZER
925;241423900;Amaciante Fofo Concentrado Azul Tudão Floral 1,5L;Lu Oferta;Novo;Mercado;;
926;241423800;Carrinho de Bebê com Bebê Conforto Reversível Maxi-Cosi Anna³ Trio 0 até 22kg (https://www.youtube.com/watch?v=L1hBdgvmhmQ);IAC;Novo;Bebê;;NÃO FAZER
927;241423700;Carrinho de Bebê Assento Reversível Maxi Cosi Anna 0 a 22kg;IAC;Novo;Bebê;;
928;241423000;Carrinho de Bebê Assento Reversível Maxi Cosi Anna 0 a 22kg;IAC;Novo;Bebê;;
929;241423600;Cadeirinha para Auto Reclinável Maxi-Cosi Tanza I Size 15 a 36kg;IAC;Novo;Bebê;;
930;241422900;Cadeira de Alimentação 6 em 1 Maxi-Cosi Minla 9 Posições de Altura 0 a 60kg (https://www.youtube.com/watch?v=MjudORNpNBQ);IAC;Novo;Bebê;;NÃO FAZER
931;241422800;Cadeirinha de Descanso Maxi-Cosi Reclinável Kori 0 a 9kg (https://www.youtube.com/watch?v=U_mHS3Y8fq0);IAC;Novo;Bebê;;NÃO FAZER
932;241422700;Berço Portátil Maxi-Cosi Tori com Colchão até 9kg (https://www.youtube.com/watch?v=GQYOzXvo2P8);IAC;Novo;Bebê;;NÃO FAZER
933;241421900;Cadeirinha para Auto Cosco Kids Zennya 9 a 36kg;IAC;Novo;Bebê;;
934;241422300;Cadeirinha para Auto Cosco Kids Zennya 9 a 36kg;IAC;Novo;Bebê;;
935;241423400;Carrinho de Bebê com Bebê Conforto Safety 1st Travel System até 22kg (https://www.youtube.com/watch?v=CLZBRohC2Dw);IAC;Novo;Bebê;;NÃO FAZER
936;241422000;Carrinho de Bebê com Bebê Conforto Safety 1st Travel System Bytes Duo até 22kg (https://www.youtube.com/watch?v=CLZBRohC2Dw);IAC;Novo;Bebê;;NÃO FAZER
937;241383700;"Mochila para Notebook até 17"" Acer Nitro NBG450 Preta";IAC;Novo;Informática;;
938;241383300;Colchão Solteiro King Americanflex de Espuma D45 28x100x200cm Clinoflex Bambu;IAC;Novo;Colchões;;
939;241381400;Extratora Britânia BEX20A 1600W 64701023;IAC;Novo;Eletroportáteis;;
940;241381500;Extratora Britânia BEX20A 1600W 64702023;IAC;Replicado;Eletroportáteis;;
941;241369900;Liquidificador Portátil Arno Lightmix LP00 Amarelo (https://www.youtube.com/watch?v=1Wf5Jz03a1c);IAC;Novo;Eletroportáteis;;NÃO FAZER
942;241349200;Copo Térmico Fratelli para Cerveja Premium Verde 400ml com Tampa e Abridor;Lu Oferta;Novo;Utilidades Domésticas;;
943;241348500;Bebedouro de Água de Mesa Compressor Colormaq Pro 120004487 (https://www.youtube.com/watch?v=cRncwZ39HHo);IAC;Novo;Eletroportáteis;;NÃO FAZER
944;241348600;Bebedouro de Água de Mesa Compressor Colormaq Pro 120004489 (https://www.youtube.com/watch?v=cRncwZ39HHo);IAC;Replicado;Eletroportáteis;;NÃO FAZER
945;241336900;Jogo de Copos de Vidro Fiore Transparente 400ml 6 Peças Nadir Fiore;IAC;Novo;Utilidades Domésticas;;
946;241326100;Jogo de Taças de Vidropara Cerveja 400ml 6 Peças Nadir Dublin;IAC;Novo;Utilidades Domésticas;;
947;241325800;Jogo de Copos de Vidro Madrid 395ml 6 Peças Nadir;IAC;Novo;Utilidades Domésticas;;
948;241313700;Guarda-roupa Casal com Sapateiro 4 Gavetas 2 Portas de Correr Móveis Europa Granada;IAC;Novo;Móveis;;
949;241313100;Guarda-roupa Casal com Sapateiro 4 Gavetas 2 Portas de Correr Móveis Europa Granada;IAC;Novo;Móveis;;
950;241309000;Poltrona do Papai Reclinável Moderna 2 Posições Móveis Matrix Kwid;IAC;Novo;Móveis;;
951;241307100;Sofá-cama 2 Lugares Casal Reclinável Veludo Napoli Matrix Sissy;IAC;Novo;Móveis;;
952;241306500;Sofá-cama 2 Lugares Casal Reclinável Veludo Napoli Matrix Sissy;IAC;Novo;Móveis;;
953;241283400;Aparelho de Jantar e Chá 30 Peças Oxford Redondo Cerâmica Azul e Branco Flat Málaga;IAC;Novo;Utilidades Domésticas;;
954;241283300;Aparelho de Jantar e Chá 20 Peças Oxford Redondo Cerâmica Azul e Branco Flat Málaga;IAC;Novo;Utilidades Domésticas;;
955;241281600;Colchão Solteiro Americanflex de Espuma 28x88x188cm Clinoflex Bambu;IAC;Novo;Colchões;;
956;241278200;Colchão King Americanflex de Molas Ensacadas D28 30x193x203cm Lumi Amx;IAC;Novo;Colchões;;
957;241274600;Buffet Retrô 4 Portas Viero Móveis Spark;IAC;Novo;Móveis;;
958;241274500;Mesa de Jantar 4 Cadeiras 4 Lugares Redonda Mel Blonde e Marfim Viero Móveis Vilage;IAC;Novo;Móveis;;
959;241274400;Mesa de Jantar 4 Cadeiras 4 Lugares Retangular Mel e Kaki Viero Móveis Smart;IAC;Novo;Móveis;;
960;241274100;Poltrona Pétala Estilo Moderno Viero Móveis Imperial;IAC;Novo;Móveis;;
961;241274000;Sofá 3 Lugares Linho Living Viero Móveis;IAC;Novo;Móveis;;
962;241262000;Sofá 3 Lugares Retrátil Reclinável Elétrico Poliéster e PU Molas Ensacadas Mova Caemmun;IAC;Novo;Móveis;;
963;241253500;Boneco Pixar Alto-falante Buzz Lightyear de 7”;IAC;Novo;Brinquedos;;
964;241253400;Boneco Pixar Alto-falante Woody de 7”;IAC;Novo;Brinquedos;;
965;241251500;Veículo Hot Wheels Monster Trucks Tiger Shark Mattel;IAC;Novo;Brinquedos;;
966;241251200;Kit com 4 Carros Surpresa Hot Wheels Mario Kart Mattel;IAC;Novo;Brinquedos;;
967;241249500;Carrinho Hot Wheels Monster Trucks Oversized - Bone Shaker Mattel;IAC;Novo;Brinquedos;;
968;241216700;Frigideira Antiaderente Cerâmico Multiflon de Alumínio Indução Capadócia Bege 24cm;IAC;Novo;Utilidades Domésticas;;
969;241189500;Fogão Elétrico 2 Bocas 2000W Britânia BFG01A;IAC;Novo;Esporte e Lazer;;
970;241189600;Fogão Elétrico 2 Bocas 2000W Britânia BFG01A;IAC;Replicado;Esporte e Lazer;;
971;241152200;Fórmula Infantil Nestonutri Nestlé 800g;Lu Oferta;Novo;Mercado;;
972;241142700;Fralda Descartável Huggies Máxima Proteção G 9 a 12,5kg 136 Unidades;Lu Oferta;Novo;Mercado;;
973;241112200;Guarda-roupa Casal 4 Gavetas 8 Portas Araplac Arouca;IAC;Novo;Móveis;;
974;241112400;Guarda-roupa Casal 4 Gavetas 8 Portas Araplac Arouca;IAC;Novo;Móveis;;
975;241112300;Guarda-roupa Casal 4 Gavetas 8 Portas Araplac Arouca;IAC;Novo;Móveis;;
976;241112600;Guarda-roupa Casal com Espelho 4 Gavetas 6 Portas Araplac Lagos;IAC;Novo;Móveis;;
977;241112500;Guarda-roupa Casal com Espelho 4 Gavetas 6 Portas Araplac Lagos;IAC;Novo;Móveis;;
978;241112100;Guarda-roupa Casal com Espelho 4 Gavetas 6 Portas Araplac Lagos;IAC;Novo;Móveis;;
979;241107600;Carregador Portátil/Power Bank ELG Essential 8.100mAh;IAC;Novo;Celulares e Smartphones;;
980;241102900;Frigobar Midea 93L Preto MDRD142RTD303 (https://www.youtube.com/watch?v=7y-7fspKSxg);IAC;Novo;Eletrodomésticos;;NÃO FAZER
981;241102100;Sofá 3 Lugares Retrátil Reclinável Veludo Berlim SMP;IAC;Novo;Móveis;;
982;241102200;Sofá 3 Lugares Retrátil Reclinável Veludo Berlim SMP;IAC;Novo;Móveis;;
983;241101500;Ferro de Passar com Estação a Vapor Arno Express Force SSEF Azul (https://www.youtube.com/watch?v=rO86ApbHhN8);IAC;Novo;Eletroportáteis;;NÃO FAZER
984;241101600;Ferro de Passar com Estação a Vapor Arno Express Force SSEF Azul (https://www.youtube.com/watch?v=rO86ApbHhN8);IAC;Replicado;Eletroportáteis;;NÃO FAZER
985;241048300;Headphone Bluetooth JBL Tune 730BT Branco (https://www.youtube.com/watch?v=lxVTUl7eD4c);IAC;Novo;Áudio;;NÃO FAZER
986;240948700;Berço Portátil Desmontável Cosco Kids Happy até 15kg (https://www.youtube.com/watch?v=ri2VhmPvtQ8);IAC;Novo;Bebê;;NÃO FAZER
987;240939200;Sofá Linho Braque Proença Martielo Prime;IAC;Novo;Móveis;;
988;240891800;Berço Portátil Desmontável Baby Style Estrelinha Cinza;IAC;Novo;Bebê;;
989;240890500;Berço Portátil Baby Style Estrelinha;IAC;Novo;Bebê;;
990;240889800;Carrinho de Bebê Baby Style Runner até 15kg (https://www.youtube.com/watch?v=6K7HSBAkjtk);IAC;Novo;Bebê;;NÃO FAZER
991;240881900;Caixa de Som LG Xboom by Will.i.am Stage301 Bluetooth Amplificada 120W USB (https://www.youtube.com/watch?v=J4SqDsWQ5dQ);IAC;Novo;Áudio;;NÃO FAZER
992;240800400;Smartwacth Huawei Watch Ultimate 2 Preto 64GB Bluetooth;IAC;Novo;Celulares e Smartphones;;
993;240792900;Colchão Queen Umaflex de Espuma 25x158x198cm Siena Visco;IAC;Novo;Colchões;;
994;240793000;Colchão Solteiro Umaflex de Espuma 25x88x188cm Siena Visco;IAC;Novo;Colchões;;
995;240792800;Colchão Casal Umaflex de Espuma 25x138x188cm Siena Visco;IAC;Novo;Colchões;;
996;240792700;Colchão King Umaflex de Espuma D33 20x193x203cm Parma;IAC;Novo;Colchões;;
997;240789400;Assento de Elevação Cosco Kids Moon Fix 15 a 36kg Cinza (https://www.youtube.com/watch?v=SU-RfQ_2qco);IAC;Novo;Bebê;;NÃO FAZER
998;240788600;Poltrona Decorativa Moderna Matrix Savana;IAC;Novo;Móveis;;
999;240789100;Poltrona Decorativa Moderna Matrix Savana;IAC;Novo;Móveis;;
1000;240788700;Poltrona Decorativa Moderna Matrix Savana;IAC;Novo;Móveis;;
1001;240741500;Barra de Proteína Nutrata Havanna Dulce de Leche com Limão Siciliano 40g 12 Unidades;Lu Oferta;Novo;Suplementos Alimentares;;
1002;240740400;Chapinha Mondial Space Shine P-25 Tourmaline Íon 230°C P-2 (http://youtube.com/watch?v=fJiBi7_XlNU);IAC;Novo;Beleza e Perfumaria;;
1003;240707600;Serra Mármore Elétrica Black+Decker BES41200 4 1/2” 14000 RP (https://www.youtube.com/watch?v=bXxtZV2FDSQ);IAC;Novo;Ferramentas;;NÃO FAZER
1004;240707500;Aparador de Cerca Viva a Bateria sem Fio Black+Decker BCHT222D1-BR;IAC;Novo;Flores e Jardim;;
1005;240691100;Carrinho de Bebê com Bebê Conforto Safety 1st Spark Plus Duo 0 a 22kg (https://www.youtube.com/watch?v=oFR0ajkPcMA);IAC;Novo;Bebê;;NÃO FAZER
1006;240683000;Fralda Calça Pampers Premium Care Pants XXG 14 a 23kg 90 Fraldas;Lu Oferta;Novo;Mercado;;
1007;240681000;Kit Shampoo Condicionador e Máscara Eudora Siàge Hair-Plastia 50ml;Lu Oferta;Novo;Beleza e Perfumaria;;
1008;240680700;Desodorante Colônia Eudora Club 6 Masculino 95ml;Lu Oferta;Novo;Beleza e Perfumaria;;
1009;240653300;Protetor Solar Corporal Australian Gold 50432 Creme FPS 30 200g;Lu Oferta;Novo;Beleza e Perfumaria;;
1010;240653200;Óleo Corporal Bio-Oil Tradicional 200ml;Lu Oferta;Novo;Beleza e Perfumaria;;
1011;240649900;Shampoo e Condicionador Eudora Siàge Hair-Plastia;Lu Oferta;Novo;Beleza e Perfumaria;;
1012;240636400;"Bicicleta Aro 29"" South Bike Legend Freio a Disco 21 Marchas Câmbio Shimano";IAC;Novo;Esporte e Lazer;;
1013;240635200;"Bicicleta Aro 29"" South Bike Legend Freio a Disco 21 Marchas Câmbio Shimano";IAC;Novo;Esporte e Lazer;;
1014;240556100;Berço Portátil Safety 1st Falcon com Mosquiteiro até 20kg (https://www.youtube.com/watch?v=h_JmCg9Cjcc);IAC;Novo;Bebê;;NÃO FAZER
1015;240949000;Bebê Conforto com Base Cosco Kids Wizz até 13kg (https://www.youtube.com/watch?v=9wiuNbHMBbQ);IAC;Novo;Bebê;;NÃO FAZER
1016;240949100;Bebê Conforto com Base Cosco Kids Wizz até 13kg (https://www.youtube.com/watch?v=9wiuNbHMBbQ);IAC;Novo;Bebê;;NÃO FAZER
1017;240559000;Bebe Conforto Cosco Kids Wizz até 13kg (https://www.youtube.com/watch?v=9wiuNbHMBbQ);IAC;Novo;Bebê;;NÃO FAZER
1018;240557700;Carrinho de Bebê Cosco Kids Lummy até 22kg (https://www.youtube.com/watch?v=SKc53rsRtqU);IAC;Novo;Bebê;;NÃO FAZER
1019;240557400;Carrinho de Bebê Safety 1st Magnific até 15kg;IAC;Novo;Bebê;;
1020;240470000;EA Sports FC26 para PS5 Eletronic Arts;IAC;Novo;Games;;
1021;240446000;Colchão Casal Zissou de Mola Ensacadas 25x138x188cm Spark by Zissou Equilibrado Z159LP;IAC;Novo;Colchões;;
1022;240446100;Colchão Queen Zissou de Mola Ensacadas 25x158x198cm Spark by Zissou Equilibrado Z160LP;IAC;Novo;Colchões;;
1023;240446200;Colchão Solteiro Zissou de Mola Ensacadas 25x88x188cm  Spark by Zissou Equilibrado Z157LP;IAC;Novo;Colchões;;
1024;240435100;Colchão King Gazin de Espuma D33 28x193x203cm High Comfort;IAC;Novo;Colchões;;
1025;240434700;Colchão Queen Gazin de Espuma D33 28x158x198cm High Comfort;IAC;Novo;Colchões;;
1026;240435000;Colchão Casal Gazin de Espuma D33 28x138x188cm  High Comfort;IAC;Novo;Colchões;;
1027;240404900;Piscina de Bolinha Unicórnio Unika 50 Bolinhas - LP Toys;IAC;Novo;Brinquedos;;
1028;240379000;Kit Perfume Masculino Banderas The Icon Supreme 1 Eau de Parfum de 100ml + 1 Desodorante Spray de 150ml;Lu Oferta;Novo;Beleza e Perfumaria;;
1029;240378400;Kit Perfume Masculino Banderas King of Seduction 1 Eau de Toilette de 100ml + 1 Desodorante spray de 150ml;Lu Oferta;Novo;Beleza e Perfumaria;;
1030;240358300;Boneca Baby Alive Vitamina Doce Tilly  - com Acessórios Hasbro;IAC;Novo;Brinquedos;;
1031;240355700;Whisky Hibiki Suntory Blended Japonês 700ml;Lu Oferta;Novo;Mercado;28/09/2026;https://docs.google.com/document/d/1T6kdZtfbw81916Hu5BtDGXApqRVrTZTTNnx4jAfuqGQ/edit?usp=drivesdk
1032;240353900;Carregador Portátil/Power Bank 10.000mAh Geonav Energia Turbo Slim Charge;IAC;Novo;Celulares e Smartphones;;
1033;240353500;Lava Roupas Líquido Ciclo Rápido OMO Ação Cuidado 1,4L;Lu Oferta;Novo;Mercado;28/09/2026;https://docs.google.com/document/d/1SqYW7wSoEt3FBKa4ZB31Jv70Gvsmu2weysCo0XHc4V8/edit?usp=drivesdk
1034;240353400;Lava Roupas Líquido Ciclo Rápido OMO Ação Total 750ml;Lu Oferta;Novo;Mercado;28/09/2026;https://docs.google.com/document/d/1Pxc9Q1mZaC_ObC3v3QHatFfqNo3N9LVldPCAal8lk7k/edit?usp=drivesdk
1035;240353600;Lava Roupas Líquido Ciclo Rápido OMO Ação Total 1,4L;Lu Oferta;Novo;Mercado;;
1036;240353700;Lava Roupas Líquido Ciclo Rápido OMO Ação Antiodor 750ml;Lu Oferta;Novo;Mercado;;
1037;240349200;Jogo Barril Pula Pirata Lulie Kids;IAC;Novo;Brinquedos;;
1038;240346400;Sabão Líquido Omo 64934497 Lavanda 5L;Lu Oferta;Novo;Mercado;;
1039;240303400;Aspirador de Pó e Água Portátil Britânia sem Fio a Bateria com Filtro HEPA 60W BASE01 Cinza 64903078;IAC;Novo;Eletroportáteis;;
1040;240302000;Colchão Queen Umaflex de Molas Ensacadas 32x158x198cm Sonno Di Firenze;IAC;Novo;Colchões;;
1041;240301900;Colchão Casal Umaflex de Molas Ensacadas 32x138x188cm Sonno Di Firenze;IAC;Novo;Colchões;;
1042;240292800;Ferro de Passar Roupa a Vapor Philips Walita Série 2000 Roxo e Branco;IAC;Novo;Eletroportáteis;;
1043;240292900;Ferro de Passar Roupa a Vapor Philips Walita Série 2000 Roxo e Branco;IAC;Replicado;Eletroportáteis;;
1044;240279400;Cozinha Infantil Plume de Madeira Plume Janod (https://www.youtube.com/watch?v=2DrjjvzAgWs);IAC;Novo;Brinquedos;;NÃO FAZER
1045;240271900;Fórmula Infantil ProFutura 3 Aptanutri Danone 800g 4 Unidades;Lu Oferta;Novo;Mercado;;
1046;240270600;Achocolatado em Pó Nestle Nescau Chocolate Sachê 990g;Lu Oferta;Novo;Mercado;;
1047;240270400;Cápsula Nescafe Dolce Gusto & Kopenhagen Café Lajotinha 10 Unidades;Lu Oferta;Novo;Mercado;;
1048;240270100;Cápsula Nescafe Dolce Gusto & Kopenhagen Café Lingua de Gato 10 Unidades;Lu Oferta;Novo;Mercado;;
1049;240251200;Creatina Monohidratada FTW em Pó 300g;Lu Oferta;Novo;Suplementos Alimentares;;
1050;240236800;Boneca Baby Alive Berry Boo Festinha do Chá - com Acessórios Hasbro;IAC;Novo;Brinquedos;;
1051;240236300;Boneca Baby Alive Baby Alive Sophia Sparkle  - Festinha do Chá com Acessórios Hasbro;IAC;Novo;Brinquedos;;
1052;240212800;Patinete Infantil 3 Rodas Bandeirante Skatenet LED Pro Preto e Verde (https://www.youtube.com/watch?v=51gGut1zmCk);IAC;Novo;Esporte e Lazer;;NÃO FAZER
1053;240213600;Patinete Infantil 3 Rodas Bandeirante Skatenet Max LED Preto;IAC;Novo;Esporte e Lazer;;
1054;240207800;Sabão Líquido Brilhante Limpeza Total 900ml;Lu Oferta;Novo;Mercado;;
1055;240207500;Sabão Líquido OMO 62696678 Refil Explosão de Lavanda 900ml;Lu Oferta;Novo;Mercado;;
1056;240207400;Amaciante Comfort Concentrato Energia Floral Refil 900ml;Lu Oferta;Novo;Mercado;;
1057;240207900;Amaciante Comfort Concentrato Lavanda Refil 900ml;Lu Oferta;Novo;Mercado;;
1058;240200000;Fralda Pampers Premium Care Tamanho XXXG (+19kg) 72 Unidades;Lu Oferta;Novo;Mercado;;
1059;240196700;Gomas de Mascar Mentos Pure White Spearmint Sem Açúcar Sabor de Hortelã Display 336g 6 Unidades;Lu Oferta;Novo;Mercado;;
1060;240196600;Licor Jack Daniels Canela Honey 700ml;Lu Oferta;Novo;Mercado;;
1061;240194700;Cápsula de Café Avelã Nescafé Lungo Dolce Gusto 10 Cápsulas;Lu Oferta;Novo;Mercado;;
1062;240193500;Organizador de Geladeira Ou Clear Fresh 2 Peças;Lu Oferta;Novo;Eletrodomésticos;;
1063;240192600;Centrífuga de Salada 5,5L Ou Clear Fresh;IAC;Novo;Utilidades Domésticas;;
1064;240191700;Lixeira para Cozinha com Pedal Basculante 12L Ou Trium;IAC;Novo;Utilidades Domésticas;;
1065;240188700;Base Cama Box Casal Prorelax 37x138x188cm Milão;IAC;Novo;Colchões;;
1066;240188500;Base Cama Box Queen Prorelax Bipartida 37x158x198cm Milão;IAC;Novo;Colchões;;
1067;240185000;Minigame Marvel Spider-Man Candide;IAC;Novo;Brinquedos;;
1068;240183800;Minigame Sonic The Hedgehog 34199 Candide;IAC;Novo;Brinquedos;;
1069;240185200;Minigame Patrulha Canina Candide;IAC;Novo;Brinquedos;;
1070;240184900;Minigame Princesas Candide;IAC;Novo;Brinquedos;;
1071;240185300;Minigame Disney Stitch Candide;IAC;Novo;Brinquedos;;
1073;240184200;Dinossauro Robo Alive Dino DNA Articulado 22cm - Zuru Capsulá com Slime e Helix de DNA;IAC;Novo;Brinquedos;;
1074;240182100;Caminhão de Brinquedo Patrulha Canina Fire Rescue - Lixo do Rocky Sunny Brinquedos;IAC;Novo;Brinquedos;;
1075;240139400;Base Cama Box Queen Gazin 27x158x198cm Nevasca;IAC;Novo;Colchões;;
1076;240134700;Guarda-roupa 2 Gavetas 3 Portas Moveis Peroba Harmonia;IAC;Novo;Móveis;;
1077;240134400;Berço Mini Cama Branco e Amêndoa Moveis Peroba Ninho;IAC;Novo;Móveis;;
1078;240124300;Colchão Solteiro Plumatex de Espuma D28 14x78x188cm Plumaspuma;IAC;Novo;Colchões;;
1079;240108800;LEGO Speed Champions Carro de Corrida Ferrari - SF-24 F1 77242 275 Peças (https://www.lego.com.br/77242-lego-speed-champions-ferrari-sf-24-f1/p);IAC;Novo;Brinquedos;;NÃO FAZER
1080;240109800;LEGO Speed Champions Carro de Corrida da Mercedes  - AMG PETRONAS F1 Team 77244 267 Peças (https://www.lego.com.br/77244-lego-speed-champions-mercedes-amg-f1-w15/p);IAC;Novo;Brinquedos;;NÃO FAZER
1081;238047200;LEGO Speed Champions Carro Esportivo Ford Mustang  - Dark Horse 76920 344 Peças (https://www.lego.com.br/76920-lego-speed-champions-carro-esportivo-ford-mustang-dark-horse/p);IAC;Novo;Brinquedos;;NÃO FAZER
1082;240110300;LEGO Speed Champions Carro de Corrida MoneyGram - Haas F1 Team VF-24 77250 242 Peças (https://www.lego.com.br/77250-lego-speed-champions-moneygram-haas-f1-team-vf24/p);IAC;Novo;Brinquedos;;NÃO FAZER
1083;240110900;LEGO Speed Champions Carro de Corrida Aston Martin - Aramco F1 AMR24 77245 269 Peças (https://www.lego.com.br/77245-lego-speed-champions-aston-martin-aramco-f1-amr24/p);IAC;Novo;Brinquedos;;NÃO FAZER
1084;238050200;LEGO Speed Champions Carro de Corrida  - Audi S1 E-tron Quattro 76921 274 Peças (https://www.lego.com.br/76921-lego-speed-champions-carro-de-corrida-audi-s1-etron-quattro/p);IAC;Novo;Brinquedos;;NÃO FAZER
1085;240110600;LEGO Speed Champions Carro de Corrida BWT Alpine - F1 Team A524 77248 258 Peças (https://www.lego.com.br/77248-lego-speed-champions-bwt-alpine-f1-team-a524/p);IAC;Novo;Brinquedos;;NÃO FAZER
1086;240099900;Cápsula de Café Nescafé Dolce Gusto KitKat 10 Cápsulas 170g;Lu Oferta;Novo;Mercado;;
1087;240082800;Condicionador TRESemmé Blindagem Antiumidade 650ml;Lu Oferta;Novo;Mercado;;
1088;240082700;Shampoo TRESemmé Blindagem Antiumidade 650ml;Lu Oferta;Novo;Mercado;;
1089;240081500;Condicionador Pantene Pro-V Miracles Biotinamina B3 Antiqueda & Nutrição 510ml;Lu Oferta;Novo;Mercado;;
1090;240055700;Escrivaninha Dobrável Ciplafe Link;IAC;Novo;Móveis;;
1091;240055500;Escrivaninha Dobrável Ciplafe Link;IAC;Novo;Móveis;;
1092;240048800;Chaleira Elétrica Gaabor Quick Branca Inox 1,7L;IAC;Novo;Eletroportáteis;;
1093;240048700;Chaleira Elétrica Gaabor Quick Branca Inox 1,7L;IAC;Replicado;Eletroportáteis;;
1094;240040300;Armário Office Multiuso 2 Portas 7 Prateleiras Aramóveis Florença;IAC;Novo;Móveis;;
1095;240008400;Sabão Liquido Para Roupas Delicadas Ola Coco 3.8L;Lu Oferta;Novo;Mercado;;
1096;240007600;Escova de Dente Elétrica Recarregável Colgate Philips SonicPro 35;Lu Oferta;Novo;Mercado;;
1097;238996800;Mesa Dobrável Multiuso 90x60cm Otello DOB-AL2;IAC;Novo;Casa e Construção;;
1098;238997000;Mesa Dobrável Multiuso 60x45cm Otello DOB-AL1;IAC;Novo;Móveis;;
1099;238981800;LEGO Caminhão de F1 com Carros de F1 RB20 e AMR24 - 60445 1086 Peças (https://www.lego.com.br/60445-lego-city-caminhao-f1-com-carros-rb20-e-amr24/p);IAC;Novo;Brinquedos;;NÃO FAZER
1100;238953100;LEGO Dinossauros Criativos 11041 450 Peças (https://www.lego.com.br/11041-lego-classic-dinossauros-criativos/p);IAC;Novo;Brinquedos;;NÃO FAZER
1101;238933500;Óleo Composto de Oliva Extra Suave Gallo 500ml;Lu Oferta;Novo;Mercado;;
1102;238926900;Base Cama Box Solteiro Castor 27x88x188cm Silver Star;IAC;Novo;Colchões;;
1103;238925000;Balcão de Cozinha Nesher 100% MDF 2 Portas Condessa;IAC;Novo;Móveis;;
1104;238924600;Armário de Cozinha Aéreo MDF Nesher Marquesa 1 Porta 80x82cm;IAC;Novo;Móveis;;
1105;238891000;Fralda Shortinho Babysec Premium Hiper XXG 13kg 42 Unidades;Lu Oferta;Novo;Mercado;;
1106;238880900;Esteira Ergométrica Elétrica Dobrável Kikos E1200C Vel. Máxima 14km/h;IAC;Novo;Esporte e Lazer;;
1107;238880800;Esteira Ergométrica Elétrica Dobrável Kikos E1200 Residencial 14km/h;IAC;Novo;Esporte e Lazer;;
1108;238874400;Laptop Infantil Stitch Minigame Laptop  - 12 Atividades Candide;IAC;Novo;Brinquedos;;
1109;238857900;Guarda-roupa Casal 4 Gavetas 6 Portas Caemmun Reflex;IAC;Novo;Móveis;;
1110;238840500;Vinho Tinto Seco Catena Zapata Cabernet-Malbec Argentina 750ml;Lu Oferta;Novo;Mercado;;
1111;238840100;Vinho Tinto Seco Tikal Alma Negra Argentina 750ml;Lu Oferta;Novo;Mercado;;
1112;238830400;Mesa de Aço e Madeira Industrial Urbana Multivisão;IAC;Novo;Móveis;;
1113;238821200;Faqueiro Tramontina Inox 36 Peças Búzios;IAC;Novo;Utilidades Domésticas;;
1114;238790900;Chocowheyfer Mais Mu Wafer Proteico Caixa Mista 6g de Proteína Zero Açúcar Display com 12 Unidades;Lu Oferta;Novo;Mercado;;
1115;238782200;Banheira de Bebê com Suporte Kiddo Chuá Cinza;IAC;Novo;Bebê;;
1116;242124100;Colchão King Plumatex de Molas Ensacadas D26 28x193x203cm Turim Maxx;IAC;Novo;Colchões;;
1117;238779000;Colchão Solteiro Plumatex Colchões de Molas Ensacadas 28x88x188cm Turim Maxx;IAC;Novo;Colchões;;
1118;242173400;Colchão Viúva Plumatex de Molas Ensacadas D26 28x108x188cm Turim Maxx;IAC;Novo;Colchões;;
1119;238778700;Base Cama Box Solteiro Plumatex Colchões 37x88x188cm Turim Maxx;IAC;Novo;Colchões;;
1120;242124000;Base Cama Box King Plumatex 25x203x193cm Turim Maxx;IAC;Novo;Colchões;;
1121;238752500;Furadeira e Parafusadeira Black+Decker a Bateria 15 peças MTX20K6A-BR (https://www.youtube.com/watch?v=dOW_OOVKR9o);IAC;Novo;Ferramentas;;NÃO FAZER
1122;238662200;Bebida Láctea UHT 15g de Proteínas Danone YoPRO Morango Zero Açúcar 250ml 12 Unidades;Lu Oferta;Novo;Mercado;;
1123;238661700;Cápsula de Café Compatível com Nespresso Nescafé Farmers Origins Brazil 10 Cápsulas;Lu Oferta;Novo;Mercado;;
1124;238661600;Cápsula de Café Compatível com Nespresso Nescafé Farmers Origins Colombia 10 Cápsulas;Lu Oferta;Novo;Mercado;;
1125;238661400;Cápsula de Café Compatível com Nespresso Nescafé Farmers Origins Índia 10 Cápsulas;Lu Oferta;Novo;Mercado;;
1126;238658900;Jogo FC25 EA Sports para PS5;IAC;Novo;Games;;
1127;238656800;Garrafa de Tinta Epson EcoTank T504 Ciano Refil;Lu Oferta;Novo;Informática;;
1128;238653400;Cerveja Budweiser Zero sem Álcool 6 Garrafas 330ml;Lu Oferta;Novo;Mercado;;
1129;238651400;Fralda Pampers Premium Care Tam XXG 14 a 18kg 112 Unidades;Lu Oferta;Novo;Mercado;;
1130;238650700;Fralda Pampers Premium Care Tamanho XXXG(+19kg) 104  Unidades;Lu Oferta;Novo;Mercado;;
1131;238649100;Sapateira Organizador Multiuso Dobrável 5 Prateleiras SAP-003 Otello;IAC;Novo;Móveis;;
1132;238648300;Guarda-roupa Casal 8 Portas 8 Gavetas Araplac B24088;IAC;Novo;Móveis;;
1133;238648800;Guarda-roupa Casal 8 Portas 8 Gavetas Araplac B24088;IAC;Novo;Móveis;;
1134;238648000;Guarda-roupa Casal 8 Portas 8 Gavetas Araplac B24088;IAC;Novo;Móveis;;
1135;238622200;Boneca Baby Alive Pequenos Sonhos Dottie Doodle - com Acessórios Hasbro;IAC;Novo;Brinquedos;;
1136;238593100;Pastilha Garoto Hortelã Caixa com 40 Unidades de 17g;Lu Oferta;Novo;Mercado;;
1137;238560900;Jogo de Cartas Estampas Ilustradas Batalha  - Paradoxal Pokémon;IAC;Novo;Brinquedos;;
1138;238557200;Frigideira Tramontina Inox Funda Grano 62155266 26cm;IAC;Novo;Utilidades Domésticas;;
1139;238555500;Frigideira Tramontina Inox Funda Grano 62155206 20cm;IAC;Novo;Utilidades Domésticas;;
1140;238556600;Frigideira Tramontina Inox Funda Grano 62155306 30cm;IAC;Novo;Utilidades Domésticas;;
1141;238549700;Faqueiro Tramontina 72 Peças para Churrasco Amazonas 66960153;IAC;Novo;Utilidades Domésticas;;
1142;238552000;Faqueiro Tramontina Inox 48 Peças para Churrasco Amazonas 66960144;IAC;Novo;Utilidades Domésticas;;
1143;238541700;LEGO Esquife de Deserto e Poço de Sarlacc - 75396 558 Peças (https://www.lego.com.br/75396-lego-star-wars-esquife-do-deserto-e-poco-sarlacc/p);IAC;Novo;Brinquedos;;NÃO FAZER
1144;238535400;Perfume Banderas The Secret Absolu Masculino Eau de Parfum 100ml;Lu Oferta;Novo;Beleza e Perfumaria;;
1145;238523400;Pasta Cremosa Chocolate Nestlé KitKat 1,01kg;Lu Oferta;Novo;Mercado;;
1146;238521000;Barra Chocolate Profissional ao Leite 1kg Nestlé;Lu Oferta;Novo;Mercado;;
1147;238519800;Chocolate em Pó 50% Cacau Nestle Profissional Dois Frades Caixa 1,01kg;Lu Oferta;Novo;Mercado;;
1148;238519200;Fórmula Infantil Comfor Nanlac Leite Nestle 1,6kg 2 Unidades;Lu Oferta;Novo;Mercado;;
1149;238519000;Cobertura Nestlé Galak com Negresco 1,01kg;Lu Oferta;Novo;Mercado;;
1150;238517700;Mistura para Mousse Chocolate Nestle Professional Suflair 500g;Lu Oferta;Novo;Mercado;;
1151;238494900;Condicionador Pantene Pro-V Miracles Equilíbrio Raiz e Pontas 1L;Lu Oferta;Novo;Mercado;;
1152;238494600;Condicionador Pantene Pro-V Miracles Queratina Preenche & Blinda 1L;Lu Oferta;Novo;Mercado;;
1153;238474400;Whisky Jack Daniels Tennessee Fire 700ml;Lu Oferta;Novo;Mercado;;
1154;238473800;Pastilha Ferrero Tic Tac Laranja 14,5g Display com 14 Unidades;Lu Oferta;Novo;Mercado;;
1155;238471200;LEGO Ideas Gato de Smoking 21349  - 1710 Peças (https://www.lego.com.br/21349-lego-ideas-gato-frajola/p);IAC;Novo;Brinquedos;;NÃO FAZER
1156;238468700;Whisky Jim Beam Honey Licor de Bourbon 4 Anos Americano 1L;Lu Oferta;Novo;Mercado;;
1157;238456000;Pré Treino Darkness Évora PW - Frutas Vermelhas Natural;Lu Oferta;Novo;Suplementos Alimentares;;
1158;238446400;Whisky Maker's Mark Super Premium Bourbon 750ml;Lu Oferta;Novo;Mercado;;
1159;238437800;"Rack para TV até 60"" 1 Porta Artely Lotus";IAC;Novo;Móveis;;
1160;238426300;Desinfetante Spray VIM Espuma Poderosa 450ml;Lu Oferta;Novo;Mercado;;
1161;238419800;Fórmula Infantil Nanlac Supreme Pro 800g;Lu Oferta;Novo;Mercado;;
1162;238418900;Leite em Pó Integral Instantâneo Nestlé Ninho Sachê 975g;Lu Oferta;Novo;Mercado;;
1163;238415000;Sofá-cama 3 Lugares Casal Reclinável Veludo Matrix Lavínia;IAC;Novo;Móveis;;
1164;238395800;Kit Carrinhos Marvel Avengers Hero Machine - Candide 5 Peças;IAC;Novo;Brinquedos;;
1165;238395400;Kit Carrinhos Marvel Spider-Man Hero Machines - Candide 5 Peças;IAC;Novo;Brinquedos;;
1166;238395700;Carrinho de Controle Remoto Sonic The Hedgehog - Smart Driver 3 Funções Candide Azul;IAC;Novo;Brinquedos;;
1167;238375700;Boneca Barbie de Praia Surpresa Maiô Mattel;IAC;Novo;Brinquedos;;
1168;238371800;Boneca Barbie Sereia com Cabelo Colorido Mattel;IAC;Novo;Brinquedos;;
1169;238362300;Boneco Youtuber Enaldinho 27cm com Acessórios - Rosita;IAC;Novo;Brinquedos;;
1170;238357100;Jogo de Panelas Tramontina Antiaderente Vermelho 7 Peças Turim;IAC;Novo;Utilidades Domésticas;;
1171;238337500;Quadriciclo Infantil Elétrico Preto e Rosa  - Bandeirante Sport 6V 2 Marchas;IAC;Novo;Brinquedos;;
1172;238338800;Quadriciclo Infantil Elétrico Preto e Vermelho - Bandeirante Sport 6V 2 Marchas;IAC;Novo;Brinquedos;;
1173;238333400;Creatina Mono-hidratada Black Skull Caveira Preta - Creatine Turbo em Pó Uva;Lu Oferta;Novo;Suplementos Alimentares;;
1174;238333100;Creatina Mono-hidratada Black Skull Caveira Preta - Creatine Turbo em Pó Limão;Lu Oferta;Novo;Suplementos Alimentares;;
1175;238328600;Whisky Ballantines 15 Anos Blended Escocês 750ml;Lu Oferta;Novo;Mercado;;
1176;238328400;Whisky Jameson Triple Distilled 4 anos Irlandês 750ml;Lu Oferta;Novo;Mercado;;
1177;238327600;Vodka Absolut Vanilia 750 ml;Lu Oferta;Novo;Mercado;;
1178;238327500;Whisky Royal Salute The Blended Grain 21 anos Escocês 700ml;Lu Oferta;Novo;Mercado;;
1179;238300900;Organizador de Pia Tramontina Plurale;Lu Oferta;Novo;Utilidades Domésticas;;
1180;238289600;Shampoo Dove Bond Intense Repair 350ml;Lu Oferta;Novo;Mercado;;
1181;238228300;LEGO Speed Champions Ferrari F40 76934  - 318 Peças (https://www.lego.com.br/76934-lego-speed-champions-ferrari-f40-supercar/p);IAC;Novo;Brinquedos;;NÃO FAZER
1182;238196200;Ar-condicionado Split Gree Inverter 27.000 BTUs Frio GWC27ATE-D6DNA2A;IAC;Novo;Ar e Ventilação;;
1183;238190100;Sofá-cama 2 Lugares Casal Veludo Matrix Lady Dai;IAC;Novo;Móveis;;
1184;238190700;Sofá-cama 2 Lugares Casal Veludo Matrix Amora;IAC;Novo;Móveis;;
1185;238190600;Sofá-cama 2 Lugares Casal Veludo Matrix Amora;IAC;Novo;Móveis;;
1186;238185600;CAPSULA CAFE AU LAIT BAU - 12551271;Lu Oferta;Novo;Mercado;;
1187;238184200;Cápsula de Café Nescafé Dolce Gusto Café Caseiro Intenso 10 Cápsulas;Lu Oferta;Novo;Mercado;;
1188;238184100;Cápsula de Café Nescafé Dolce Gusto Lungo 10 Cápsulas;Lu Oferta;Novo;Mercado;;
1189;238183600;Cápsula de Café Dolce Gusto Lungo Pingado 10 Cápsulas;Lu Oferta;Novo;Mercado;;
1190;238166300;Detergente para Lava Louças em Pó Finish Power Powder Advanced 700g;Lu Oferta;Novo;Mercado;;
1191;238158600;Refil para Escova de Dentes Elétrica Infantil Disney Frozen Oral-B Pro Kids 3+ 2 Unidades;Lu Oferta;Novo;Mercado;;
1192;238102400;Perfume Banderas The Icon Masculino Eau de Parfum 100ml;Lu Oferta;Novo;Beleza e Perfumaria;;
1193;238101600;Perfume Banderas The Icon Elixir Masculino - Eau de Parfum 100ml;Lu Oferta;Novo;Beleza e Perfumaria;;
1194;238091900;Cama Solteiro Conquista Móveis Ravena Cinamomo e Off-White;IAC;Novo;Móveis;;
1195;238069700;"Pneu Aro 13"" 175/75R13 XBRI 84T Fastway F2";Lu Oferta;Novo;Automotivo;;
1196;238069200;Whisky Escocês Macallan Sherry Oak Cask 12 Anos 700ml;Lu Oferta;Novo;Mercado;;
1197;238069100;Whisky Escocês Macallan Double Cask 12 Anos 700ml;Lu Oferta;Novo;Mercado;;
1198;238069000;Whisky The Macallan Double Cask Single Malt 15 Anos Escocês 700ml;Lu Oferta;Novo;Mercado;;
1199;238051200;LEGO City Quartel e Caminhão dos Bombeiros 60414 - 843 Peças (https://www.lego.com.br/60414-lego-city-quartel-dos-bombeiros/p);IAC;Novo;Brinquedos;;NÃO FAZER
1200;238019600;Jogo de Panelas Bergner Antiaderente de Alumínio Preto 4 Peças Chroma;IAC;Novo;Utilidades Domésticas;;
1201;237997900;Manta Casal Jolitex Dyuri Mix Azul Jeans;Lu Oferta;Novo;Cama, Mesa e Banho;;
1202;237991700;Prato para Bolo de Vidro Haus Concept Redondo Pavillion 29,5x12,2cm;IAC;Novo;Utilidades Domésticas;;
1203;237985400;Jogo de Taças para Gin de Vidro 600ml 4 peças Nadir 7948;IAC;Novo;Utilidades Domésticas;;
1204;237882100;Creatina Mono-hidratada Nutrify 100% Creatine em Pó 300g Natural;Lu Oferta;Novo;Suplementos Alimentares;;
1205;237881700;Proteína Brownie de chocolate Nutrify Vegan Tasty - em Pó 420g Vegano e Vegetariano;Lu Oferta;Novo;Suplementos Alimentares;;
1206;237881500;Creatina Monohidratada Nutrify Real Foods Creatine em Pó 300g Natural e Vegana;Lu Oferta;Novo;Suplementos Alimentares;;
1207;237881200;Colágeno Tipo I e II Nutrify Collagen Renew - em Pó 300g Laranja Natural;Lu Oferta;Novo;Suplementos Alimentares;;
1208;237881400;Colágeno Tipo I e II Nutrify Collagen Renew em Pó 300g Limão Natural;Lu Oferta;Novo;Suplementos Alimentares;;
1209;237871900;Amaciante Comfort Concentrado Segredos 48 1,5L;Lu Oferta;Novo;Mercado;;
1210;237872300;Amaciante Comfort Concentrado Segredos 36 1,5L;Lu Oferta;Novo;Mercado;;
1211;237872500;Amaciante Comfort Concentrado Segredos 48 1L;Lu Oferta;Novo;Mercado;;
1212;237825500;Cápsula de Café Nescafé Dolce Gusto Caffe Matinal 10 Cápsulas 80g;Lu Oferta;Novo;Mercado;;
1213;237825400;Café Solúvel Nescafé Gold Espresso Intensidade 6  - Lata 100g;Lu Oferta;Novo;Mercado;;
