sku,produto,af,destino,motivo,duvida,obs_cliente
235027100,Conjunto de Frigideiras Antiaderente Tramontina de Alumínio Caribe Vermelho 3 Peças,REINSERÇÃO CENAS IA,Priscila,"produto renderizado errado (formato, parafusos, cabo) e logo inventada em 2 cenas",,"00:04 e 00:10 – As frigideiras aparecem completamente diferentes do modelo original. Foram alterados o formato, a quantidade de parafusos e o cabo, além de ter sido adicionada a logo da marca na parte interna, detalhe que não existe no produto.
00:06 – Foi adicionada a logo da marca no fundo da panela, porém o produto original não possui esse detalhe."
225415400,Sofá 3 Lugares Suede Decore Cascaya Linoforte,REINSERÇÃO CENAS IA/Alteração,Priscila + editor,"pés errados, cor que não existe e rostos de crianças IA = cena nova; régua de medidas = lettering na edição (regra do Tiago 14/09)","conferir se o áudio menciona as medidas; se mencionar, não é só lettering","0:03 - Os pés estão diferentes
0:09 - O sofá ta disponível nas cores Bege, Castanho e Vermelho. Nesse take ele tá cinza. Aparece o rosto de crianças geradas por IA.
0:13 - Pés diferentes.
Faltou régua de medidas."
225415700,Sofá 2 Lugares Suede Decore Cascaya Linoforte,REINSERÇÃO CENAS IA/Alteração,Priscila + editor,cor replicada não mostrada e falta simulação de uso = cena nova; régua e ritmo = edição,"conferir se o áudio menciona as medidas; 'vídeo cansativo' pode exigir cenas novas, não só corte","Faltou régua de medidas.
Esse vídeo tem um replicado em outra cor, essa cor não é mostrada.
O vídeo ficou cansativo, porque o sofá fica mudando de lado o tempo todo. Faltou simulação de uso."
225511800,Sofá Retrátil Reclinável 4 Lugares Suede Moviment Grazzia Linoforte,Alteração/áudio,Editor + Rampim,'escuma' no lugar de 'espuma' = regravar; régua de medidas = edição,,"0:08 - Parece que fala ""escuma"" no lugar de ""espuma""
Faltou régua de medidas"
225512500,Sofá Retrátil Reclinável 4 Lugares Suede Moviment Artesano Linoforte,Alteração,Editor,só faltou a régua de medidas = lettering na edição (regra do Tiago 14/09),"conferir se o áudio menciona as medidas; se mencionar, não é só lettering",Faltou régua de medidas
226298200,Frigideira Antiaderente Tramontina de Alumínio Mônaco Induction Preta 28cm,REINSERÇÃO CENAS IA,Priscila,detalhe do cabo divergente do produto real em 2 cenas,,"0:04 - O detalhe do cabo tá diferente na frigideira da direita.
0:16 - O detalhe do cabo tá diferente"
226773000,Skate Barbie Fun com Kit de Proteção,REINSERÇÃO CENAS IA,Priscila,quantidade de itens errada e peças de proteção diferentes do kit real,,"0:03 - Aparecem duas bolsas e duas cartelas de colantes. No kit vem 1 de cada.
0:05 - Joelheira diferente
0:07 - Joelheira e cotoveleira diferentes
0:16 - Joelheira diferente"
227421700,Smartphone Samsung Galaxy S20 FE 256GB Cloud Navy,REINSERÇÃO CENAS IA/áudio,Priscila + Rampim,'Diga' no lugar de 'Giga' = regravar; informação inventada sob as câmeras = cena nova,,"00:14 – Na locução, em vez de falar “Giga”, a pronúncia está como “Diga”.
00:18 – Foram adicionadas informações na parte inferior de cada câmera, porém esse detalhe não existe no produto original."
231615000,Carboidrato Probiótica Carb Up Gel Black 10 Sachês 30g Morango,REINSERÇÃO CENAS IA,Priscila,embalagem divergente da real,,0:08 - Embalagem diferente.
231654400,Funko Pop! Dragon Ball Kefla Super Saiyan,Alteração,Editor,vídeo abre com a embalagem: reordenar/cortar na edição,,0:03 - Vídeo começa com embalagem
230255300,Funko Pop! Animation Dragon Ball Super Gohan N48582,REINSERÇÃO CENAS IA,Priscila,acabamento brilhante e linha na sobrancelha que não existem no boneco,,"0:09 - Parece que tem brilho no boneco. No original é mais opaco.
0:16 - Tem uma linha na sobrancelha. No original não tem."
231654900,Funko Pop! Ultraman Jack,REINSERÇÃO CENAS IA,Priscila,o funko é estático e a IA animou o boneco,,"0:11- O boneco mexe, mas o funko é estático"
231656900,Funko Pop! Marvel Zombie Gambit,Alteração,Editor,vídeo abre com o produto na embalagem: reordenar/cortar na edição,,0:03 - começa o vídeo com produto na embalagem
232049700,Faca para Churrasco Tramontina Inox 4”,REINSERÇÃO CENAS IA,Priscila,"11 peças em vez de 12, logo de cabeça para baixo e logo alucinada",,"0:04 - Aparecem 11 peças, mas o kit vem 12.
0:08 - Nesse trecho tá dando zoom no logo de ponta cabeça.
0:10 - IA alucinou o logo"
232049500,Faca para Churrasco Tramontina Inox 4”,Alteração,Editor,vídeo abre com a embalagem em pé: reordenar/cortar na edição,,0:03 - Vídeo começa com embalagem em pé.
232057100,Chaira Lisa Profissional 12” Tramontina Master,REINSERÇÃO CENAS IA,Priscila,detalhe do cabo divergente e objeto se movendo sozinho em 2 cenas,,"0:04 - Detalhe no cabo em inox diferente.
0:09 - objeto se move sozinho.
0:12 - objeto se move sozinho.
0:17 - Detalhe no cabo em inox diferente."
232067900,Faca para Legumes Tramontina Inox 3”,REINSERÇÃO CENAS IA/Alteração,Priscila + editor,"'a cena fica travada' aos 0:04 é defeito da geração, o editor não descongela = cena nova; cena repetida e embalagem em pé se resolvem cortando = edição",,"0:04 - A cena fica travada
0:16 - Mesma cena aparece duas vezes seguidas
0:18 - Embalagem em pé"
232086200,Pegador de Massas Inox e Nylon Tramontina Utilitá,REINSERÇÃO CENAS IA,Priscila,furos do pegador diferentes do modelo real,,00:10 – Os furos do pegador aparecem diferentes do modelo original.
232089000,"Concha de Sorvete Inox Utilitá 21,1cm",REINSERÇÃO CENAS IA,Priscila,cabo renderizado todo em inox; o real tem ponteira de plástico branco,,"0:09 - O cabo tá totalmente em inox, mas a pontinha é de plástico branco.
0:10 - O cabo tá totalmente em inox, mas a pontinha é de plástico branco."
232089500,Concha para Molho Inox Tramontina Utilitá Vermelha,REINSERÇÃO CENAS IA,Priscila,concha de molho ambientada servindo sopa: risco de SAC apontado pelo cliente,,"0:13 - A concha é de molho mas tá ambientada servindo sopa. São modelos diferentes, pode gerar confusão e sac."
232091700,Colher de Servir Tramontina Utilitá Preto,REINSERÇÃO CENAS IA,Priscila,a IA trocou a cor do cabo,,"0:15 - A IA mudou a cor do cabo, tá preto."
232095200,Jogo de Colher de Chá Tramontina Dynamic Castanho e Prata 12 Peças,REINSERÇÃO CENAS IA,Priscila,uso errado do produto no vídeo inteiro (colher de chá comendo sopa),"o cliente diz 'no vídeo TODO': avisar a Priscila que é o vídeo inteiro, não uma cena",A colher é de chá. No vídeo TODO aparece sendo usada pra comer sopa
232095100,Jogo de Colher de Chá Tramontina Dynamic Castanho e Prata 3 Peças,REINSERÇÃO CENAS IA,Priscila,uso errado do produto no vídeo inteiro (colher de chá comendo sopa),mesmo caso do 232095200: avisar a Priscila que é o vídeo inteiro,A colher é de chá. No vídeo TODO aparece sendo usada pra comer sopa
232096900,Jogo de Colher Tramontina Leme 3 Peças,Alteração,Editor,piscada de um frame aos 0:13: corte na edição (decidido pelo Tiago em 14/09),,0:13 - Deu uma piscada no vídeo.
234970100,Conjunto de Utensílios de Nylon Tramontina Ability Vermelho 3 Peças,REINSERÇÃO CENAS IA,Priscila,espátula diferente do modelo real,,00:05 – A espátula aparece diferente do modelo original.
234969900,Conjunto de Utensílios de Nylon Tramontina Ability Preto 3 Peças,REINSERÇÃO CENAS IA,Priscila,espátula diferente do modelo real,,00:18 – A espátula aparece diferente do modelo original.
234976400,Espagueteira Tramontina de Alumínio Antiaderente,Alteração áudio,Rampim,pronúncia de 'Starflon' incorreta: só regravação,,00:06 – A pronúncia de “Starflon” na locução está incorreta.
234980600,Frigideira Antiaderente Tramontina de Alumínio Paris Vermelha 18cm com Espátula,REINSERÇÃO CENAS IA,Priscila,frigideira deformada e logo inventada no cabo,,"00:08 – A frigideira aparece deformada e a IA adicionou a logo da marca no cabo, porém esse detalhe não existe no produto original."
238309000,Frigideira Antiaderente Multiflon de Alumínio Ekó Verde 24cm,REINSERÇÃO CENAS IA,Priscila,escala errada e parafusos de fixação ausentes no cabo,,"00:10 – A panela aparenta ser maior do que seu tamanho real e o cabo aparece diferente, com os parafusos de fixação ausentes."
238308500,Frigideira Antiaderente Multiflon de Alumínio Ekó Verde 22cm,REINSERÇÃO CENAS IA,Priscila,cabo com características alteradas justamente na cena que fala do material,,"00:19 – Na cena em que é apresentada a informação sobre o material do cabo, a IA alterou suas características, deixando-o diferente do modelo original."
238438900,"Rack para TV até 86"" Artely Elegance",REINSERÇÃO CENAS IA,Priscila,proporção do tampo superior diferente da estrutura real,,"00:07 – Na cena, parece que o tampo superior do rack possui uma profundidade menor do que a prateleira inferior, deixando a estrutura diferente do produto original."
240714100,Bebida Láctea UHT Danone YoPRO+ Chocolate 250ml,Aprovado,-,,,
241206500,Geladeira/Refrigerador Esmaltec Cycle Defrost Duplex Branco 277L,Aprovado,-,,,
240890200,Berço Portátil Desmontável Baby Style Confort Rosa,Aprovado,-,,,
240890000,Carrinho de Bebê Baby Style Runner até 15kg,Aprovado,-,,,
240707400,Furadeira de Impacto Black+Decker a Bateria BDCI20C-BR,Aprovado,-,,,
240137900,Conjunto de Frigideira e Tapioqueira Multiflon Antiaderente de Alumínio,Aprovado,-,,,
230026500,Frigideira 4 Ovos Antiaderente Multiflon,Aprovado,-,,,
240686500,Berço Portátil e Desmontável Maxi Baby Lune até 15kg Rosa,Aprovado,-,,,
227639900,Carrinho de Bebê Stillo Elite,Aprovado,-,,,
237871400,Vinho Tinto Meio Seco Concha y Toro Malbec,Aprovado,-,,,
238380900,Playset Barbie Profissões Cafeteria Mattel,Aprovado,-,,,
226546000,Vinho Branco Seco Trapiche Roble Chardonnay,Aprovado,-,,,
230949000,Vinho Tinto Seco Salton Classic Tannat,Aprovado,-,,,
224821900,Cama Casal Móveis Lanza Montreal,Aprovado,-,,,
227008900,Kit Alimentação Infantil 3 Peças Buba Animal Fun Unicórnio,Aprovado,-,,,
231155500,Troninho Infantil Safety 1st Kingdom 3 em 1,Aprovado,-,,,
231155700,Canguru para Bebê Safety 1st Freedom 4 Posições,Aprovado,-,,,
231614900,Carboidrato Probiótica Carb Up Gel Black,Aprovado,-,,,
232057200,Chaira Lisa Profissional 12” Tramontina Master,Aprovado,-,,,
232059400,Espátula para Pizza Inox Tramontina Utilità,Aprovado,-,,,
232086700,Raspador de Limão de Inox Tramontina Utilitá,Aprovado,-,,,
232087500,Colher de Servir Tramontina Ability Preto,Aprovado,-,,,
232088700,Colher de Servir Tramontina Ability Preto,Aprovado,-,,,
232089100,"Concha de Sorvete Inox Utilitá 21,1cm",Aprovado,-,,,
232097500,Jogo de Colher Tramontina Leme Azul 12 Peças,Aprovado,-,,,
232099100,Jogo de Colher Tramontina Ipanema Azul 12 Peças,Aprovado,-,,,
232098600,Jogo de Colher Tramontina Ipanema Branco 3 Peças,Aprovado,-,,,
232529400,Colchão Solteiro Aiam Colchões de Espuma D-33,Aprovado,-,,,
234346600,Jogo de Panelas Hauskraft Revestimento Cerâmico,Aprovado,-,,,
234362200,Kit Poltronas com Puff Moderno Matrix Dallas,Aprovado,-,,,
234707100,Batedeira Planetária Electrolux Preta Tigela Inox,Aprovado,-,,,
234975700,Caldeirão de Alumínio Tramontina Avelã Vermelho,Aprovado,-,,,
234976300,"Espagueteira Tramontina de Alumínio Antiaderente com Tampa 7,3L 24cm",Aprovado,-,,,
234977300,"Fervedor Tramontina 1,9L 14cm Sicília",Aprovado,-,,,
234977800,"Fervedor Tramontina de Alumínio 2,7L 16cm Paris",Aprovado,-,,,
234977700,"Fervedor Tramontina de Alumínio 2,7L 16cm Paris",Aprovado,-,,,
234981800,Frigideira Antiaderente Tramontina de Alumínio Paris Chumbo 26cm,Aprovado,-,,,
234983700,Frigideira Antiaderente Tramontina de Alumínio Paris Vermelha 26cm,Aprovado,-,,,
234983400,Frigideira Antiaderente Tramontina de Alumínio Paris Chumbo 24cm,Aprovado,-,,,
238191300,Sofá-cama 3 Lugares Casal Reclinável Veludo Matrix Salomé,Aprovado,-,,,
238250900,Jogo de Xícaras de Chá 180ml Hauskraft Willow 6 Peças,Aprovado,-,,,
238251900,Jogo de Xícaras de Café 80ml Hauskraft Willow 6 Peças,Aprovado,-,,,
238254900,Forma para Air Fryer de Silicone Antiaderente com Alças 20cm Hauskraft,Aprovado,-,,,
238309400,Frigideira Antiaderente Multiflon de Alumínio Gourmet Cinza 20cm,Aprovado,-,,,
238309100,Frigideira Antiaderente Multiflon de Alumínio Gourmet Cinza 22cm,Aprovado,-,,,
238309900,Frigideira Antiaderente Multiflon de Alumínio Ekó Verde 20cm,Aprovado,-,,,
238332800,Pré-Treino Black Skull By Cedric McMillan Bone,Aprovado,-,,,
238438100,"Rack para TV até 75"" Artely Charlotte",Aprovado,-,,,
238437500,"Rack para TV até 75"" Artely Charlotte",Aprovado,-,,,
238438000,"Rack para TV até 75"" 2 Gavetas Artely Verona",Aprovado,-,,,
238549300,Faqueiro Tramontina Inox 24 Peças Amazonas 66960124,Aprovado,-,,,
238547700,"Caldeirão Inox Tramontina Fundo Triplo 7,7L 24cm Una",Aprovado,-,,,
238550400,Faqueiro Tramontina Inox 48 Peças para Churrasco Berlin Brilho,Aprovado,-,,,
238550500,Faqueiro Tramontina Inox 36 Peças para Churrasco Berlin Brilho,Aprovado,-,,,
238553100,Faqueiro Tramontina Inox 72 Peças para Churrasco Berlin Brilho,Aprovado,-,,,
238550700,Faqueiro Tramontina Inox 24 Peças para Churrasco Berlin Brilho,Aprovado,-,,,
238599400,Banco Decorativo Multiuso Cilíndrico Camurça Basic Tramontina,Aprovado,-,,,
