"aba","linha","sku","produto","tipo","link_roteiro","link_drive","coord_video","editor","dta_distrib","dta_receb","ad_enviado_cliente","af","ag","aj"
"Setembro/2026","6","241125300","Amaciante Comfort Concentrado Edição Especial Bridgerton Segredos 10 1,5L","Lu Oferta","https://docs.google.com/document/d/18uPV_wz36_hWHIA2BaQSbHowVW8c4ecrz_MrjXa0exE/edit?tab=t.0","https://drive.google.com/drive/folders/1_wV_BOYnUuA9ZHaieMswl_I_QDap5iOe","Andrea","Artioli","12/08/2026","12/08/2026","14/09/2026","REINSERÇÃO CENAS IA","Enviar","0:08 - Tá despejando ""1L de amaciante"" na máquina. Sendo que a frase é ""dosagem economica de apenas 20ml"" [16/09/2026] 0:09 - A tampa do amaciante tá maior do que realmente é"
"Setembro/2026","7","241222000","Bicicleta Elétrica Scooter Aro 10"" Lev Onn P1000 1000W","IAC","https://docs.google.com/document/d/164Td1w2NghqP-7cwr2I0hNfTKXr9yl4G2X8i8Pmec-8/edit?usp=drivesdk","https://drive.google.com/drive/folders/1Ispw46jMvAS99jlYMkXXqGfVdeTJAcam","Andrea","Bidoia","05/08/2026","05/08/2026","14/09/2026","REINSERÇÃO CENAS IA","Editar","0:04 - A bicicleta elétrica foi apresentada inicialmente com vários produtos dentro do cesto. Esses produtos tão tampando parte da frente da bicicleta. Para uma primeira cena, o ideal seria mostrar o produto sem nenhum tipo de objeto na frente. As casas geradas no cenário parecem americanas. Colocar cenário brasileiro. 0:09 - Tá diferente do produto original. 0:17 - Recriar cenário brasileiro. [16/09/2026] 0:08 - A IA adicionou o logo da marca do lado direito. 0:13 - Tá diferente do modelo original"
"Setembro/2026","19","241424500","Sabão Líquido Omo Lavagem Perfeita Concentrado 1,8L","Lu Oferta","https://docs.google.com/document/d/1rQbRGnOAy6Kq8pikUxK9rVXMZx7-9KQhElM1aTHpKqU/edit?usp=drivesdk","https://drive.google.com/drive/folders/1N7Rn_OV8sQR0ELrkk0_gAn3X1vbhQ3Y7","Andrea","Bidoia","11/08/2026","11/08/2026","14/09/2026","REINSERÇÃO CENAS IA","Editar","A tampa aparece com um marcador de volume, porém o produto original não possui esse detalhe. [16/09/2026] 0:07 - IA alucinou texto 0:13 - IA alucinou texto"
"Setembro/2026","35","241324900","Panela de Pressão Rochedo 4,5L Antiaderente Preto e Cinza Stone Pro Clipso","IAC","https://docs.google.com/document/d/1lyRRoOYKJfML368sKUW0Ns34oenzxGBW7-SoTl5CnBg/edit?usp=drivesdk","https://drive.google.com/drive/folders/1np01hzxQvAQ4QT8YRut6k647XKTDe2Iy","Andrea","Lucas","18/08/2026","18/08/2026","14/09/2026","Reinserção","Enviar","0:19 - Tá escrito Rochedo na tampa, no original não tá. [16/09/2026] 0:03 - Tá ambientada em fogão de indução, mas ela não pode ir nele. 0:16 - O botão tá diferente 0:19 - Tá ambientada em fogão de indução, mas ela não pode ir nele."
"Setembro/2026","354","240693300","Balcão de Cozinha Luciane MDF 2 Portas Aura Athenas","IAC","https://docs.google.com/document/d/1aiqPKa1Pzd987E7ogLxxQgak2q6mQ3V4aVkDhR-eEug/edit?usp=drivesdk","https://drive.google.com/drive/folders/1t_JqGJ269LEtz-YXYv_1MPVg-IPYIA3A","Andrea","Bidoia","01/09/2026","01/09/2026","09/09/2026","REINSERÇÃO CENAS IA","",""
"Setembro/2026","382","240685600","Banheira de Bebê com Suporte Whoop Paraty Branco 23kg","IAC","https://docs.google.com/document/d/1UiysKZdFtAYl9nPUDJ3qlBtniS4RcVmUBEo9c-YfBbw/edit?usp=drivesdk","https://drive.google.com/drive/folders/1r99o2WWSbNPNN5FKpAszj0NJ2nVeMSjA","Andrea","Bidóia","02/09/2026","02/09/2026","09/09/2026","Aprovado","",""
"Setembro/2026","385","230428100","Laptop Infantil Barbie Bilingue Musical","IAC","https://docs.google.com/document/d/1IPfpvoZyDmmi3TFk14iM4xNCTwChCqoIEzYAxjnCpo0/edit?usp=drivesdk","https://drive.google.com/drive/folders/1IxsJIxE7vILdK5415KfwMjhF6PzU0F1q","Andrea","Lucas","","08/09/2026","09/09/2026","REINSERÇÃO CENAS IA","",""
"Setembro/2026","393","241383600","Colchão Queen Americanflex de Espuma D45 28x158x198cm Clinoflex Bambu","IAC","https://docs.google.com/document/d/1nw5XmTghNy1rxLU3NMAQdBnvGJhkrxpUOoW1iBBYkUI/edit?usp=drivesdk","https://drive.google.com/drive/folders/1e1562LRlN_-RvDxfNve34ZRBzBO01mVj","Andrea","Lucas","16/09/2026","16/09/2026","17/09/2026","Reinserção","","[21/09/2026] Colchão Queen Americanflex de Espuma D45 28x158x198cm Clinoflex Bambu O colchão apresentado está diferente do produto anunciado, dando a impressão de que foi utilizado outro modelo para produzir o vídeo."
"Setembro/2026","398","238198600","Aparador de Pelos Britânia MultiGroom BAP21P 7 em 1 com Acessórios","IAC","https://docs.google.com/document/d/11TluL4T3LvswFs-ZlvrJEfZFQAni1hsc5JPdKySY0nM/edit?usp=drivesdk","https://drive.google.com/drive/folders/18l3Y72ysarFpq4jKaEhVLdzv2Gv8h20J","Andrea","Lucas","16/09/2026","16/09/2026","16/09/2026","Reinserção","","[17/09/2026] 0:03 - O aparador tá em pé sozinho. A parte de cima dele tá diferente. 0:11 - Tem um pente do lado esquerdo. Não vem com o kit. 0:12 - O aparador tá diferente."
"Setembro/2026","401","240891300","Berço Portátil Desmontável Baby Style Co-Sleeper até 9kg Cinza","IAC","https://docs.google.com/document/d/1Q4DA3CsStGmYHNancRCvsc5AWRWCfIw680ZCB-61pz0/edit?usp=drivesdk","https://drive.google.com/drive/folders/1R_Wv7X-H1dMCbZDnZoQnGKGHoqkHFf8J","Andrea","Lucas","16/09/2026","16/09/2026","16/09/2026","Reinserção","","[17/09/2026] Berço Portátil Desmontável Baby Style Co-Sleeper até 9kg Cinza 0:07 - Tá diferente do original"
"Setembro/2026","405","238825800","Balcão de Cozinha Telasul 2 Portas Sálvia","IAC","https://docs.google.com/document/d/12-MM_MkhRKD2VGS6fco_FsUIpmAQUFU6qVPwEUGF9Zg/edit?usp=drivesdk","https://drive.google.com/drive/folders/1vXIl1nPASZ_XxlZ2sSWRxEv-qijveh-n","Andrea","Lucas","16/09/2026","16/09/2026","16/09/2026","Reinserção","","[17/09/2026] 0:12 - O modelo original não tem divisória no meio. 0:20 - Ele tá mais largo do que realmente é."
"Setembro/2026","407","238984500","LEGO Dragão Verde Florestal do Lloyd","IAC","https://docs.google.com/document/d/1qam4iofa7aBbLAJGVkFBwkhwz2EX9aGUZ2upncp0KdM/edit?usp=drivesdk","https://drive.google.com/drive/folders/1bIcY7Y3MEstNkZisXj4fzvSJIlgnxdVa","Andrea","Lucas","16/09/2026","16/09/2026","16/09/2026","Reinserção","","[17/09/2026] 0:06 - Tem um machado a mais; o boneco verde tá diferente, o filhote de dragão tá diferente; boneco vermelho tá diferente; costas do dragão diferente. 0:10 - Bonecos verde, vermelho e filhote diferentes. Dragão proporcionalmente menor. 0:13 - Dragão tá com braços, o original não tem. Ele também está com detalhes nas pernas. 0:15 - Dragão tá diferente. A boca tá aberta, as pernas são diferentes, tá com bracinhos. A parte do peito tá diferente. / Filhote de dragão diferente. / Boneco vermelho diferente."
"Setembro/2026","418","240706500","Plaina Elétrica Black+Decker 710W BEW712","IAC","https://docs.google.com/document/d/1yrCtaJ1TA_pXAqnjPDLBtbGlP9J4SzhiM4spGFV9Q5Y/edit?usp=drivesdk","https://drive.google.com/drive/folders/1PS6YMeGBmzFL676Vjafrs-IGTAVSTA4K","Andrea","Ronan","16/09/2026","16/09/2026","17/09/2026","Reinserção","","[21/09/2026] Plaina Elétrica Black+Decker 710W BEW712 00:08 e 00:15 – O bocal de saída da serragem fica do lado esquerdo no produto original, mas aparece do lado direito no vídeo. O homem aparece com duas mãos esquerdas"
"Setembro/2026","421","240040000","Armário Office Multiuso 2 Portas 7 Prateleiras Aramóveis Florença","IAC","https://docs.google.com/document/d/1LncYylI5aRmL-Ssk0W9uAsKUUXz8GoFScpcRrFUnYIc/edit?usp=drivesdk","https://drive.google.com/drive/folders/1tIgVHpL8o3E9UWG_yIQttJ_GBzyBrTxf","Andrea","Ronan","16/09/2026","16/09/2026","17/09/2026","Reinserção","","[21/09/2026] Armário Office Multiuso 2 Portas 7 Prateleiras Aramóveis Florença 00:17 – Na cena que mostra a parte interna do armário, aparece apenas uma porta, porém o produto possui duas."
"Setembro/2026","425","240891200","Berço Portátil Desmontável Baby Style Confort Cinza","IAC","https://docs.google.com/document/d/19fk0QRpdD0kts1RjXdYsCIQgfwTIXrKGBgFj3kicBdU/edit?usp=drivesdk","https://drive.google.com/drive/folders/1vnlsButSJBhOyE5TSLAodHx1LyjdTXHn","Andrea","Anderson","18/09/2026","18/09/2026","21/09/2026","Reinserção","","[22/09/2026] Berço Portátil Desmontável Baby Style Confort Cinza 00:06 e 00:21 – As rodas do berço aparecem diferentes do modelo original. 00:11 – O berço aparece menor do que seu tamanho real e sem as rodas."
"Setembro/2026","428","240991200","Assadeira de Vidro Retangular Marinex Seletta 23,2x37,1cm","IAC","https://docs.google.com/document/d/1QdxfifASgwN7iY67OcJFUXXcQ0dNJIp5Jy6CozsqHBE/edit?usp=drivesdk","https://drive.google.com/drive/folders/1-UG0cw2FxRF4OolksBiWhD7dooD-hFuZ","Andrea","Lucas","18/09/2026","18/09/2026","21/09/2026","Reinserção","","[22/09/2026] Assadeira de Vidro Retangular Marinex Seletta 23,2x37,1cm 00:15 – As alças aparecem fechadas e com a logo da marca, porém, no produto original, elas são vazadas e não possuem esse detalhe."
"Setembro/2026","431","241278900","Colchão Viúva Americanflex de Espuma D33 24x128x188cm Clinoflex Bambu","IAC","https://docs.google.com/document/d/1QRe7HneOjIGIhkm0Sao_gk8L9bEDo50v4FVOk3PpE44/edit?usp=drivesdk","https://drive.google.com/drive/folders/1O_rbw-TjpI4BgThHNSunTiPyweKJlOC4","Andrea","Lucas","18/09/2026","18/09/2026","21/09/2026","Reinserção","","[22/09/2026] Colchão Viúva Americanflex de Espuma D33 24x128x188cm Clinoflex Bambu 00:13 e 00:17 – A IA alterou as características do colchão, fazendo com que ele apareça diferente do modelo original"
"Setembro/2026","446","238648900","Sapateira Organizador Multiuso Dobrável 7 Prateleiras SAP-001 Otello","IAC","https://docs.google.com/document/d/1SEyhCAUlO2HwhoVa5t-wFznhVhQMYVHGgmGUEb279cs/edit?usp=drivesdk","https://drive.google.com/drive/folders/1byP8KZEmwI8YhSfm-QjRBBBrrol_HM98","Andrea","Bidoia","14/08/2026","14/08/2026","09/09/2026","","",""
"Setembro/2026","465","240687300","Berço Portátil e Desmontável Maxi Baby Lune até 15kg Bege","IAC","https://docs.google.com/document/d/1QoxM7yTNvfPOvUQ8iswenseo0E8ztsE34wU8cXsaE30/edit?usp=drivesdk","https://drive.google.com/drive/folders/18qmmdGfvJqOzzlRAiBcbMFqR9zQIodS0","Andrea","Lucas","09/09/2026","09/09/2026","10/09/2026","","",""
"Setembro/2026","467","240014700","Sofá-cama 3 Lugares Casal Reclinável Facto e Linho Matrix Esther","IAC","https://docs.google.com/document/d/1FDMX65FQkI-lXS3PvU6sp-Bq2i8bc8DoLxo5PIxyR2E/edit?usp=drivesdk","https://drive.google.com/drive/folders/10qasjpoP1Tl2yWbI_AyLnFShrLoBskHM","Andrea","Lucas","18/09/2026","18/09/2026","21/09/2026","Reinserção","","[22/09/2026] Sofá-cama 3 Lugares Casal Reclinável Facto e Linho Matrix Esther 00:06 e 00:18 – O sofá aparece menor do que seu tamanho real nas cenas."
"Setembro/2026","473","240554500","Fechadura Digital ELG SCFD100CZ com Senha de Embutir","IAC","https://docs.google.com/document/d/1TXafDqgJpR-BqlWCRtaVyAw0rqRSnIDsZZwHuXAO83k/edit?usp=drivesdk","https://drive.google.com/drive/folders/1DTZKL7y_rpifBImn1DZ2yydvZ3ubA6x-","Andrea","Bidóia","16/09/2026","16/09/2026","17/09/2026","Reinserção","","[21/09/2026] Fechadura Digital ELG SCFD100CZ com Senha de Embutir 00:10 – Na cena em que é apresentada a parte traseira da fechadura, aparecem vários botões que não existem no produto original."
"Setembro/2026","482","224915900","Pneu Aro 18” Pirelli 235/60R18 107V - Scorpion Verde","Lu Oferta","https://docs.google.com/document/d/1kUDWX160cLmUBEjJVFJ1eghPOdUNIgfJQK39v5DhDqQ/edit?usp=drivesdk","https://drive.google.com/drive/folders/17_rn5PwtcB8CKbLXgvN9Se83QHJPPwTz","Andrea","Anderson","26/08/2026","27/08/2026","09/09/2026","","",""
"Setembro/2026","502","241214000","Frigideira Antiaderente Multiflon de Alumínio com Tampa Indução Petra+ Grafite 28cm","IAC","https://docs.google.com/document/d/1m9Ba9vRbCgCAQldbbunjZZ1Ph0oQMd7LxoQ8a7Pz39U/edit?usp=drivesdk","https://drive.google.com/drive/folders/1uijmh30SDCmBCsAoPeGEKcyLb0tX0Gyr","Andrea","Lucas","09/09/2026","09/09/2026","10/09/2026","","",""
"Setembro/2026","503","240348300","Cavalete de Pintura Infantil 62cm Lulie Kids","IAC","https://docs.google.com/document/d/1CkdWSUEs1JY6atRDv0JsH6aIhWd6CdXkVJGK8Br8VnY/edit?usp=drivesdk","https://drive.google.com/drive/folders/1ttne11I0cmna21MV-nAyj9Y7nX6zAeYa","Andrea","Anderson","16/09/2026","16/09/2026","18/09/2026","Reinserção","","[21/09/2026] Cavalete de Pintura Infantil 62cm Lulie Kids 0:03 - A ambientação tá desproporcional. Faz o produto aparecer maior do que realmente é."
"Setembro/2026","514","238829400","Estante Multiuso 2 Portas 4 Prateleiras Multivisão Urbana","IAC","https://docs.google.com/document/d/1SHpliS1iKniNxNop3Ax-KHnRQTWCAxuL9axTUxUsl60/edit?usp=drivesdk","https://drive.google.com/drive/folders/1IVkWUcumMUHZCK1gzFNRQD3RpT5lPwuj","Andrea","Bidóia","18/09/2026","18/09/2026","18/09/2026","","",""
"Setembro/2026","520","238859400","Cabeceira Solteiro Caemmun Lucila Freijo e Off White","IAC","https://docs.google.com/document/d/1Ig1hGLMY9ne8OiwJYyug_9cq5hpSh-_LcgdnJUom5qg/edit?usp=drivesdk","https://drive.google.com/drive/folders/18oJj9cUZ2p9AK-rRL8Rk8I71_yRj9P0N","Andrea","Anderson","16/09/2026","16/09/2026","17/09/2026","Reinserção","","[21/09/2026] Cabeceira Solteiro Caemmun Lucila Freijo e Off White Em várias cenas – A cabeceira aparece com a parte ripada e a mesa lateral posicionada do lado esquerdo, porém, no produto original, fica do lado direito."
"Setembro/2026","522","237260200","Creme Dental Para Branqueamento Colgate Total 12 Whitening & Advanced Fresh 90g","Lu Oferta","https://docs.google.com/document/d/13UD80LYYFyOKPz19f9fIWYOFXItGa103eq2dnfo7G0A/edit?usp=drivesdk","https://drive.google.com/drive/folders/1hk1YbY65ygi55GLd6wQKwfHhPPJ-OqBA","Andrea","Anderson","27/08/2026","27/08/2026","09/09/2026","","",""
"Setembro/2026","524","240384800","LEGO Diversão no Parquinho com Bluey e Chloe 11201","IAC","https://docs.google.com/document/d/19Tm6tURq2UQHXftC9EIMVaw720cG4N6SoK72CtSOYz4/edit?usp=drivesdk","https://drive.google.com/drive/folders/1L29a6KEShAAbGm-aUswDxOl6xcQ--rFf","Andrea","Bidóia","17/09/2026","17/09/2026","18/09/2026","Reinserção","","[21/09/2026] LEGO Diversão no Parquinho com Bluey e Chloe 11201 0:03 - Tá diferente: a casinha, o pássaro, o conjunto de chá, a gangorra e a Bluey."
"Setembro/2026","525","241007600","LEGO Speed Champions Carro de Corrida F1 Academy","IAC","https://docs.google.com/document/d/1lz-UGM5zP61Qnvh3AOeOBrErExyZWyQKTP6dWQFmEWo/edit?usp=drivesdk","https://drive.google.com/drive/folders/1xtkjWIEhEB3IwD7n1kS4eb9XINKmRkTD","Andrea","Bidóia","17/09/2026","17/09/2026","18/09/2026","","",""
"Setembro/2026","529","240999100","LEGO City Caminhão da Polícia 60481 71 Peças","IAC","https://docs.google.com/document/d/1ajM4KjjE_Q75WEQUgJyLOPXhEC3crrBYKtdCjcbH22Y/edit?usp=drivesdk","https://drive.google.com/drive/folders/1NSaiBtzYHXKIyX5MJf5g6Ekb_vMaNspT","Andrea","Bidóia","17/09/2026","17/09/2026","18/09/2026","Reinserção","","[21/09/2026] LEGO City Caminhão da Polícia 60481 71 Peças 00:00 a 00:06 - Estabilizar imagem. Parece que a câmera fica tremendo. 0:19 - Estabilizar imagem. Parece que a câmera fica tremendo."
"Setembro/2026","534","240736600","Escrivaninha 1 Gaveta 2 Portas Politorno Móveis Iracema","IAC","https://docs.google.com/document/d/19laT6JVj-S8xpu2rsKW-Ihno7E26O_i48HT-XCLTAN8/edit?usp=drivesdk","https://drive.google.com/drive/folders/1BlFumP_iRFvSkURwVkJZWhIYvc2GfsPS","Andrea","Bidóia","17/09/2026","17/09/2026","18/09/2026","Reinserção","","[21/09/2026] Escrivaninha 1 Gaveta 2 Portas Politorno Móveis Iracema 0:08 - A cor do produto tá diferente. A mesa da escrivaninha tbm tá diferente Não mostrou parte interna do produto."
"Setembro/2026","544","238830900","Banqueta Alta Preta e Mel Multivisão Urbana","IAC","https://docs.google.com/document/d/102lUtY5hxHCXmtoui2tuKJhTBLGXYo5GdcJ6PdSNiXw/edit?usp=drivesdk","https://drive.google.com/drive/folders/1bi7aYXQq_f9nL9jt2QzAKGPORQwDhJ98","Andrea","Bidóia","17/09/2026","17/09/2026","18/09/2026","","",""
"Setembro/2026","545","240288000","Cadeirinha para Auto Galzerano Maximus 8012TF até 25kg 2 Posições","IAC","https://docs.google.com/document/d/1QpYkvgTVObwyKKzw_T_a4imgObnTIBahSL412Hve2sw/edit?usp=drivesdk","https://drive.google.com/drive/folders/1hYd2UGfO_VxRL0P2xcQye_TZPa_ys4Gi","Andrea","Bidóia","17/09/2026","17/09/2026","18/09/2026","Reinserção","","[21/09/2026] Cadeirinha para Auto Galzerano Maximus 8012TF até 25kg 2 Posições 0:03 - Tá diferente: os cintos, as laterais da cadeira e a parte debaixo dela."
"Setembro/2026","551","238838700","Sofá 3 Lugares Suede Adágio Linoforte","IAC","https://docs.google.com/document/d/1VkSelpdUALOtcP_XjbbPC1eACw0rGM6OEs61yYflaV8/edit?usp=drivesdk","https://drive.google.com/drive/folders/1g2uOVH3sVKhQ9H_hiWxxdvNh5O3Otomp","Andrea","Bidóia","17/09/2026","17/09/2026","21/09/2026","","",""
"Setembro/2026","586","124340800","Colchão Casal Castor Mola Pocket","IAC","https://docs.google.com/document/d/1teiG2zsRsVVz8EVlhrufvI7BcDanP4ZtSOreBFs-Y8A/edit?usp=drivesdk","https://drive.google.com/drive/folders/1N4jOBYtGHbFdpKvG69vEk6W6fzt-Z9QH","Andrea","Bidóia","17/09/2026","17/09/2026","18/09/2026","","",""
"Setembro/2026","587","088043800","Conjunto de Chá Porcelana 6 Peças","IAC","https://docs.google.com/document/d/1d8MpdgYIkKkd51uNik5Dr1TXQFlq_aHzR0hYhoiu-tE/edit?usp=drivesdk","https://drive.google.com/drive/folders/1LlYZo7_seFAjYMk0Gi3QNmf7ImR2TWoy","Andrea","Bidóia","17/09/2026","17/09/2026","18/09/2026","Reinserção","","[21/09/2026] Conjunto de Chá Porcelana 6 Peças Xícaras de chá, mas foram ambientadas como xícaras de café"
"Setembro/2026","592","155589700","Smartphone Samsung Galaxy Note 20 Ultra 256GB","IAC","https://docs.google.com/document/d/1MfSdKMUec99o0b0EVvMRRVDtshXMxa4MVtyG-xlhs0I/edit?usp=drivesdk","https://drive.google.com/drive/folders/1Dc-eqYbt8ezz_M99HTI6jL06xCvbP6Fv","Andrea","Bidóia","17/09/2026","17/09/2026","18/09/2026","","",""
"Setembro/2026","596","235027100","Conjunto de Frigideiras Antiaderente Tramontina de Alumínio Caribe Vermelho 3 Peças","IAC","https://docs.google.com/document/d/1rj9P_MsUP9HlhjHT2BM-m0q_VPfswDOnTzs6sM4CVCE/edit?usp=drivesdk","https://drive.google.com/drive/folders/1Zhht3E8YKn2HdCQuPuEGiiTcLvVCkMqC","Andrea","Lucas","04/09/2026","04/09/2026","08/09/2026","Reinserção","","[11/09/2026] Conjunto de Frigideiras Antiaderente Tramontina de Alumínio Caribe Vermelho 3 Peças 00:04 e 00:10 – As frigideiras aparecem completamente diferentes do modelo original. Foram alterados o formato, a quantidade de parafusos e o cabo, além de ter sido adicionada a logo da marca na parte interna, detalhe que não existe no produto. 00:06 – Foi adicionada a logo da marca no fundo da panela, porém o produto original não possui esse detalhe."
"Setembro/2026","598","237850200","Panela Tramontina Inox Fundo Triplo 16cm 1,5L Allegra","IAC","https://docs.google.com/document/d/18dkpb_3DBfM_CVUgP_m4fCSpO6DRFXXdmXsfCnDjObo/edit?usp=drivesdk","https://drive.google.com/drive/folders/1xtzdC5I7HzxhbNqqgHAmla59uHvGk2GJ","Andrea","Ronan","17/09/2026","17/09/2026","18/09/2026","","",""
"Setembro/2026","606","234515100","Massinha Play-Doh Mini Sorveteria Divertida","IAC","https://docs.google.com/document/d/1_v32s2LXayP19QccsoHdA6_HA4YNoxiE65HCUzqfQbE/edit?usp=drivesdk","https://drive.google.com/drive/folders/11JuLnrN7lju_1KRssfZVtpCsqN6BgPQI","Andrea","Ronan","17/09/2026","17/09/2026","18/09/2026","Alteração de edição","","[21/09/2026] Massinha Play-Doh Mini Sorveteria Divertida Tem uma pecinha cinza que vai em cima da máquina de sorvete que não é mostrada no vídeo. 0:06 - a massinha tá com cor diferente. 0:12 - a massinha tá com cor diferente. 0:14 - a mesma cena aparece duas vezes seguidas."
"Setembro/2026","622","238435600","Painel para TV até 75"" Artely Belluno 1 Prateleira","IAC","https://docs.google.com/document/d/1TK9wUW7Aup1Mms_5reRRr9u6DMaRdq7s8WNtBBvWWiM/edit?usp=drivesdk","https://drive.google.com/drive/folders/1Nzf0DV92zBnpf_d-JYbDBb6RINUUiZwz","Andrea","Ronan","17/09/2026","17/09/2026","18/09/2026","","",""
"Setembro/2026","629","237956600","Whisky Jack Daniel's Tennessee Honey Americano 375ml","Lu Oferta","https://docs.google.com/document/d/1u36f1kEQuUeRj3i3dsG5J6a6NGqmRrd11Ogf9cYiP0s/edit?usp=drivesdk","https://drive.google.com/drive/folders/1RvHvS-Jp6rjf04fbxAoMnIuxzCFyOjF1","Andrea","Bidóia","02/09/2026","02/09/2026","09/09/2026","Aprovado","",""
"Setembro/2026","630","240889500","Berço Portátil Desmontável Baby Style Confort Azul","IAC","https://docs.google.com/document/d/1zFwzH1CbvyrskZiC0cj4VViqwvshs58wbCgd06-67-U/edit?usp=drivesdk","https://drive.google.com/drive/folders/19JBUmPyNeEK4sa45M3HtXFhfv9UmKLAH","Andrea","Lucas","09/09/2026","09/09/2026","10/09/2026","","",""
"Setembro/2026","633","217696200","Cuscuzeira Tramontina Antiaderente Turim 20268614","IAC","https://docs.google.com/document/d/1mtB97iPMwA6yWB_tzwrjdikcKZCh2imdv3zaBV34jFI/edit?usp=drivesdk","https://drive.google.com/drive/folders/18LahnIDJLsar5iGk_A-EHouT3E9ecZ-S","Andrea","Ronan","17/09/2026","17/09/2026","18/09/2026","","",""
"Setembro/2026","635","080905100","Sapateira Unitária Smart Cromada Arthi 1812","IAC","https://docs.google.com/document/d/1_LNZ-SwCay4dHdG-z1c_MEVTU0bJ0k6P9qc2wWYBHGc/edit?usp=drivesdk","https://drive.google.com/drive/folders/1kWAQOd1o0IxwUqPqeYhNMnMt48C087tf","Andrea","Ronan","17/09/2026","17/09/2026","18/09/2026","Reinserção","","[21/09/2026] Sapateira Unitária Smart Cromada Arthi 1812 0:03 - A sapateira parece ser maior do que realmente é 0:08 - Modelo tá diferente 0:17 - A sapateira parece ser maior do que realmente é"
"Setembro/2026","641","233891500","Creme Dental Colgate Total Gengiva Saudável Anticárie com Flúor 90g 3 Unidades","Lu Oferta","https://docs.google.com/document/d/14eVtOCQyosKPpWzoNRlcYd2_VecXMlzLzUC0FZ2b4dQ/edit?usp=drivesdk","https://drive.google.com/drive/folders/1Mot00rGRtwe8fCyY7-oic9CmviJ3m60Z","Andrea","Anderson","27/08/2026","28/08/2026","09/09/2026","","",""
"Setembro/2026","643","238955800","LEGO A Batalha de Lava no Nether 21266","IAC","https://docs.google.com/document/d/1T1bAcSaD18QF-HdiEhgt038--MpXvnNIwZLIN01tLMc/edit?usp=drivesdk","https://drive.google.com/drive/folders/1py9b8unI1Pt1UFg1r49v6LMmuEUDKt7r","Andrea","Artioli","21/09/2026","21/09/2026","21/09/2026","Reinserção","","[22/09/2026] LEGO A Batalha de Lava no Nether 21266 A IA alterou algumas características do produto e também aumentou sua proporção, fazendo com que ele apareça maior do que realmente é."
"Setembro/2026","644","237360300","Rack para TV até 60” XT Racer Max Air Preto e Branco","IAC","https://docs.google.com/document/d/1IqqBLwQLusJchQK9EMLHJMZDSw0uV9s8HwQ728ajkjg/edit?usp=drivesdk","https://drive.google.com/drive/folders/1UR_-yCrmgS934nX8JrZsTjmIIPSfxOhN","Andrea","Artioli","21/09/2026","21/09/2026","22/09/2026","Alteração de áudio","","[21/09/2026] Rack para TV até 60” XT Racer Max Air Preto e Branco 0:03- a pronúncia de 'rack' tá errada."
"Setembro/2026","650","238424200","Travesseiro Castor Type Látex Pro Bambu","Lu Oferta","https://docs.google.com/document/d/1Q_sNZh5hIWiPOtvvu52YELC-2273oVy7fZYj3uY-jJw/edit?usp=drivesdk","https://drive.google.com/drive/folders/1ApC_6NuHzMaR45cwrovqr4Jce0mT_iYL","Andrea","Ronan","27/08/2026","28/08/2026","09/09/2026","","",""
"Setembro/2026","672","240683200","Shampoo Pantene Pro-V Science Molecular Bond Repair 300ml","Lu Oferta","https://docs.google.com/document/d/1_D2xCTWHJXvzxbuq8BxlP2LMawENCx2xRXkvGke0LGw/edit?usp=drivesdk","https://drive.google.com/drive/folders/1P2PMZBbPvrQcC5gMigVgXKUarrseCAo3","Andrea","Ronan","27/08/2026","28/08/2026","09/09/2026","","",""
"Setembro/2026","689","227346300","Fralda para Piscina Descartável Pampers Splashers","Lu Oferta","https://docs.google.com/document/d/1mDA50YwzQNoASTqkzgqpm72guydXsyrumLzynQEralc/edit?usp=drivesdk","https://drive.google.com/drive/folders/1djOSfMmUojhTP5cTLKT3BFOF33Ei0-Lk","Andrea","Bidóia","28/08/2026","28/08/2026","09/09/2026","","",""
"Setembro/2026","738","240170000","Perfume Victorio & Lucchino Agua Masculinas Jungla Salvaje Edición Limitada Masculino Eau de Toilette 150ml","Lu Oferta","https://docs.google.com/document/d/1Tji6O2AxTd8TfadAZz4y8tTtLubaisoaYfMZtEND_fM/edit?usp=drivesdk","https://drive.google.com/drive/folders/1lUv7E2lNu95JZ3ygwBR7ZWEgYtz-XBhL","Andrea","Bidóia","02/09/2026","02/09/2026","09/09/2026","","",""
"Setembro/2026","915","220544200","Jogo War Tabuleiro O Jogo da Estratégia","Lu Oferta","https://docs.google.com/document/d/1tCHBQ9B2gpxUprNoqR7UHnYWnZWOL7dUtmbItNzNbaQ/edit?usp=drivesdk","https://drive.google.com/drive/folders/1O69IxDCi4Ex1dfaIWdYIN_-m1c15JwYf","Andrea","Lucas","10/09/2026","10/09/2026","18/09/2026","Reinserção","","[21/09/2026] Jogo War Tabuleiro O Jogo da Estratégia 0:08 - O formato das pecinhas tá diferente"
"Setembro/2026","927","226499400","Espumante Rosé Brut Codorníu Clasico","Lu Oferta","https://docs.google.com/document/d/1sLB1wDL-GrZp0ArVqmmIXrJ6BKxEGjQnfBw6Sw-7Z-Y/edit?usp=drivesdk","https://drive.google.com/drive/folders/1HiBxUeYC9GcMrgmUVRIH-sMCnIPgZ85B","Andrea","Lucas","11/09/2026","11/09/2026","11/09/2026","Reinserção","","[15/09/2026] Espumante Rosé Brut Codorníu Clasico Cena de abertura e fechamento – A embalagem da garrafa aparece diferente entre as duas cenas, gerando uma inconsistência na apresentação do produto."
"Setembro/2026","968","217689200","Jogo de Facas Tramontina Plenus 3 Peças","Lu Oferta","https://docs.google.com/document/d/1Ehwg57tht9-UenhubyszBuIcJhf2YBQ-obyBK0bjE2U/edit?usp=drivesdk","https://drive.google.com/drive/folders/1QABJiZNnR2GlxaJOcJdh73pJhP85embZ","Andrea","Lucas","15/09/2026","15/09/2026","15/09/2026","Reinserção","","[16/09/2026] Jogo de Facas Tramontina Plenus 3 Peças O jogo de facas aparece totalmente diferente do produto anunciado, com alterações nas características e na composição do conjunto. Corrigir as cenas para que as facas apresentadas correspondam fielmente ao modelo original."
"Setembro/2026","979","238659700","Espumante Branco Brut Aurora Procedências 750ml","Lu Oferta","https://docs.google.com/document/d/1ZeI5DkGCQQNlt6khN0ainKYVpeZdnqVB-qfuE3tljeU/edit?usp=drivesdk","https://drive.google.com/drive/folders/1OEDOMg3MkqFKFWTyhm3cinAdIcraf8xJ","Andrea","Ronan","15/09/2026","15/09/2026","16/09/2026","Reinserção","","[17/09/2026] Espumante Branco Brut Aurora Procedências 750ml A garrafa aparece na cor verde, porém o produto anunciado é azul. Corrigir a cor em todas as cenas para manter a fidelidade ao produto anunciado."
"Setembro/2026","981","235581900","Bateria para Nintendo Switch Clutch HX-CPCS-U","Lu Oferta","https://docs.google.com/document/d/1HrweVKwh-_lCrrcWnoH1KU0GCHemSAigEwaE3ZH0Qn0/edit?usp=drivesdk","https://drive.google.com/drive/folders/1m5apv3FlwOY_7sxyJlMsKTGyCNFe4EXj","Andrea","Ronan","15/09/2026","15/09/2026","16/09/2026","Reinserção","","[17/09/2026] Bateria para Nintendo Switch Clutch HX-CPCS-U 00:06 – O carregador aparece diferente do modelo original do produto"
"Setembro/2026","1048","240254800","Boneco Disney Stitch 30cm com Comidinhas","Lu Oferta","https://docs.google.com/document/d/1RPW9ZE8gOV5Iy5xykUkGqZSQgkwcd-4gG4URKJ4Vn6o/edit?usp=drivesdk","https://drive.google.com/drive/folders/1nYqaw0CV3rxeRIF0osaOGR4A6ddyWFRa","Andrea","Bidóia","15/09/2026","15/09/2026","15/09/2026","Reinserção","","[16/09/2026] Boneco Disney Stitch 30cm com Comidinhas 00:05 – Na cena, aparecem acessórios que não acompanham o boneco. A apresentação desses itens pode levar o cliente a entender que eles fazem parte do produto anunciado, gerando uma expectativa incorreta sobre o conteúdo da embalagem."
"Setembro/2026","1077","240196200","Vodka Orloff Tradicional 6844 1,75L","Lu Oferta","https://docs.google.com/document/d/1AqY9X06W3P5oZWzXkB39zeCrJqAbzKlhVS6M1LaAD_g/edit?usp=drivesdk","https://drive.google.com/drive/folders/1sq1wK2cIP_7VPswoqwm-DrqpnO1vUBbg","Andrea","Bidóia","15/09/2026","15/09/2026","15/09/2026","Reinserção","","[16/09/2026] Vodka Orloff Tradicional 6844 1,75L 00:05 – Na cena em que o homem prepara uma batida com a vodka, a IA apresenta uma inconsistência evidente: começam a surgir líquidos pela parte inferior do misturador, deixando a ação artificial e pouco realista. Substituir a cena, garantindo que, ao ambientar o produto com pessoas, as ações sejam coerentes e compatíveis com uma situação real de uso, evitando resultados que evidenciem a geração por IA."
"Setembro/2026","1140","221137300","Fechadura Digital de Porta Biométrica Intelbras","IAC","https://docs.google.com/document/d/1Ndv0AauJwQnULgT0EQ7uQfsGuUSTvqwW7ib6WN_T6q8/edit?usp=drivesdk","https://drive.google.com/drive/folders/1xvzAGSoqMgTwk6PYDX8dFG3HE_yFy5Tu","Andrea","Bidóia","27/08/2026","27/08/2026","09/09/2026","","",""
"Setembro/2026","1141","221420400","Passadeira a Vapor Cadence Portátil Lisser Pro 1,5L 1500W Branco","IAC","https://docs.google.com/document/d/1iEySNjfK_IRYTItsMzyy95nIV5MKlnberZkP1EeaTyA/edit?usp=drivesdk","https://drive.google.com/drive/folders/1Kzix9BA2LT6c1t-gjt3hWaz911LYOefE","Andrea","Bidóia","27/08/2026","27/08/2026","09/09/2026","","",""
"Setembro/2026","1146","214592700","Cortador de Grama Elétrico Black&Decker GR1000 1200W 32cm com 3 Níveis de Corte","IAC","https://docs.google.com/document/d/1IJOMIPuuiMTl7CHs0OzYJRSEvHFkJvHKg07wj2YSQO8/edit?usp=drivesdk","https://drive.google.com/drive/folders/1uZUZB7Rhn-CZK8nabBMAY6ysspD7rjLg","Andrea","Lucas","13/08/2026","13/08/2026","09/09/2026","","",""
"Setembro/2026","1151","224822200","Cama Solteiro Móveis Lanza Siena","IAC","https://docs.google.com/document/d/1ta256lAviZPEh0OzSqwfqu5F2J0-HiiMJQHVax8r7ug/edit?usp=drivesdk","https://drive.google.com/drive/folders/1kVltiE2QR8RwhAqsihcL4U6iRBVx8fy_","Andrea","Diogo","24/08/2026","28/08/2026","09/09/2026","","Priscila",""
"Setembro/2026","1153","225415400","Sofá 3 Lugares Suede Decore Cascaya Linoforte","IAC","https://docs.google.com/document/d/1DrLAU3QqPm301YsqFBvRLYRhTFIvlD9dw9v8ufrVOFs/edit?usp=drivesdk","https://drive.google.com/drive/folders/1EmVSH3Chv3pQo_MqW74DBqDyV7ZYrSMn","Andrea","Diogo","24/08/2026","28/08/2026","16/09/2026","Reinserção","Priscila","[11/09/2026] 0:03 - Os pés estão diferentes 0:09 - O sofá ta disponível nas cores Bege, Castanho e Vermelho. Nesse take ele tá cinza. Aparece o rosto de crianças geradas por IA. 0:13 - Pés diferentes. Faltou régua de medidas. [17/09/2026] 0:09 - O sofá ta disponível nas cores Bege, Castanho e Vermelho. Nesse take ele tá cinza. Aparece o rosto de crianças geradas por IA. 0:12 - Pés diferentes. 0:13 - Pés diferentes."
"Setembro/2026","1154","225415700","Sofá 2 Lugares Suede Decore Cascaya Linoforte","IAC","https://docs.google.com/document/d/1oWQGmilNxDOepHkvNTIB55vgOUEQR1HausZIm8IARJ0/edit?usp=drivesdk","https://drive.google.com/drive/folders/1fd8REIaUN5HlfSG2O8gyidi2eEUeddWk","Andrea","Diogo","24/08/2026","28/08/2026","08/09/2026","Reinserção","Priscila","[11/09/2026] Faltou régua de medidas. Esse vídeo tem um replicado em outra cor, essa cor não é mostrada. O vídeo ficou cansativo, porque o sofá fica mudando de lado o tempo todo. Faltou simulação de uso."
"Setembro/2026","1155","225511800","Sofá Retrátil Reclinável 4 Lugares Suede Moviment Grazzia Linoforte","IAC","https://docs.google.com/document/d/1bA-utE8ELOJJtlFYiu04XMHqeI9ldNv4ekhBh5N0jzc/edit?usp=drivesdk","https://drive.google.com/drive/folders/1uIc7qKprz7uMpWKFDb-Ep1S1vjf0oeba","Andrea","Diogo","24/08/2026","28/08/2026","08/09/2026","Alteração de áudio","Priscila","[11/09/2026] Sofá Retrátil Reclinável 4 Lugares Suede Moviment Grazzia Linoforte 0:08 - Parece que fala ""escuma"" no lugar de ""espuma"" Faltou régua de medidas"
"Setembro/2026","1161","226298200","Frigideira Antiaderente Tramontina de Alumínio Mônaco Induction Preta 28cm","IAC","https://docs.google.com/document/d/1FJPLmBNH7pewu5rJ8ns-QPptJ9cfINd9YsyiPQKt28s/edit?usp=drivesdk","https://drive.google.com/drive/folders/1b1Pba3MzbVmujwxPz1arQREPx7UodHvB","Andrea","Diogo","24/08/2026","28/08/2026","08/09/2026","Reinserção","Priscila","[11/09/2026] 0:04 - O detalhe do cabo tá diferente na frigideira da direita. 0:16 - O detalhe do cabo tá diferente"
"Setembro/2026","1163","226773000","Skate Barbie Fun com Kit de Proteção","IAC","https://docs.google.com/document/d/10nd5ZPLyfGtENHnqSwXLnhcOADs1wnjyvaLkb6QrSek/edit?usp=drivesdk","https://drive.google.com/drive/folders/12Zzz5nC58TsmqpPJeRaKFhhL-PvilItB","Andrea","Diogo","24/08/2026","28/08/2026","14/09/2026","REINSERÇÃO CENAS IA","Priscila","[11/09/2026] 0:03 - Aparecem duas bolsas e duas cartelas de colantes. No kit vem 1 de cada. 0:05 - Joelheira diferente 0:07 - Joelheira e cotoveleira diferentes 0:16 - Joelheira diferente"
"Setembro/2026","1164","226911600","Aspirador de Pó Portátil e Vertical Britânia","IAC","https://docs.google.com/document/d/1iGzQcLhehDXYfYZhG4dIG9ri4FJdz8rOQx_iph9ur5Y/edit?usp=drivesdk","https://drive.google.com/drive/folders/1rIBn7o0A6GgatjIjKIsrrG59VXTWDesp","Andrea","Diogo","24/08/2026","28/08/2026","14/09/2026","Reinserção","Priscila","0:02 - Tem um cabo saindo da alça do aspirador. 0:06 - O reservatório do original é meio transparente, dá pra enxergar dentro. No vídeo não tá. Tem um cabo saindo da alça do aspirador. 0:09 - Tem um cabo saindo da alça do aspirador."
"Setembro/2026","1165","227010700","Copo Infantil Antivazamento com Canudo e Tampa","IAC","https://docs.google.com/document/d/1pE7-gqjJj4p3srY9YHANw4lCC94PiImjtH-e2L-eiNY/edit?usp=drivesdk","https://drive.google.com/drive/folders/1exs7yMiROPY4FLuec5Fw9nTY5IKukjz9","Andrea","Diogo","24/08/2026","28/08/2026","16/09/2026","Reinserção","Priscila","[08/09/2026] Copo Infantil Antivazamento com Canudo e Tampa Vídeo começou com produto dentro da embalagem. 0:06 - cordão maior do que o produto original Não aparece o canudo do produto. Mas temos fotos disponíveis no site. [17/09/2026] Copo Infantil Antivazamento com Canudo e Tampa 0:06 - cordão maior do que o produto original Não aparece o canudo do produto. Mas temos fotos disponíveis no site."
"Setembro/2026","1169","227421700","Smartphone Samsung Galaxy S20 FE 256GB Cloud Navy","IAC","https://docs.google.com/document/d/1he2LLDg7Ud_2mLfIATgxAotJ2gMIt_PmxR1oZiqU7Tc/edit?usp=drivesdk","https://drive.google.com/drive/folders/1I2DdlPkdgTfmfLQ7zi0vxru2cJpc89wU","Andrea","Diogo","24/08/2026","28/08/2026","14/09/2026","Reinserção","Priscila","[11/09/2026] Smartphone Samsung Galaxy S20 FE 256GB Cloud Navy 00:14 – Na locução, em vez de falar ""Giga"", a pronúncia está como ""Diga"". 00:18 – Foram adicionadas informações na parte inferior de cada câmera, porém esse detalhe não existe no produto original. [16/09/2026] Não foi feita a alteração solicitada"
"Setembro/2026","1172","228705000","Funko Pop! Movies Zombieland Wichita 49102","IAC","https://docs.google.com/document/d/103AEqwbNi9JDMkWqGQLU4x_ruDBej-_oJJ2SX_x5wzA/edit?usp=drivesdk","https://drive.google.com/drive/folders/11wnPzNUyqrUAslALwpC3z7lJGzJGspxa","Andrea","Diogo","24/08/2026","28/08/2026","09/09/2026","","Priscila",""
"Setembro/2026","1174","228701800","Funko Pop! Runaways Molly Hernandez N32669","IAC","https://docs.google.com/document/d/1eS5JG7X1STCdVNcQnUZDb1Xf5b-sjQPXb9YtaAvi5SE/edit?usp=drivesdk","https://drive.google.com/drive/folders/1LOzsZ1Zm5_tc6Z8n26ARBGRnIlRwRNq6","Andrea","Diogo","24/08/2026","28/08/2026","16/09/2026","Reinserção","Priscila","0:06 - A boneca original não tem patins. E não está nessa posição. [17/09/2026] Funko Pop! Runaways Molly Hernandez N32669 0:06 - Refazer take. Ela tá andando de patins, com gente andando de patins atrás dela. Não tá ambientada corretamente. A posição dos braços estão erradas. O editor devolveu o vídeo com o mesmo erro, apenas deu zoom pára esconder os patins."
"Setembro/2026","1177","228886800","Back 4 Blood para Xbox One e Xbox Series X","IAC","https://docs.google.com/document/d/1Xk7lls1knoX9J0ky5qSxL9b8lPyopMwGn_Gn7ucF8mo/edit?usp=drivesdk","https://drive.google.com/drive/folders/1FNOyp18BHR6RMF74L_PWAO9KGSuk0X7n","Andrea","Diogo","24/08/2026","28/08/2026","09/09/2026","","Priscila",""
"Setembro/2026","1185","231615000","Carboidrato Probiótica Carb Up Gel Black 10 Sachês 30g Morango","IAC","https://docs.google.com/document/d/1d_G_v_IRPzHVFr1eUCkHs_dMS_yKF304mxdAOv0A-KI/edit?usp=drivesdk","https://drive.google.com/drive/folders/1lTdCYuNYqH5T-ifDV5lNJuuYWsRvoLTX","Andrea","Diogo","24/08/2026","28/08/2026","08/09/2026","Reinserção","Priscila","[11/09/2026] Carboidrato Probiótica Carb Up Gel Black 10 Sachês 30g Morango 0:08 - Embalagem diferente."
"Setembro/2026","1189","230255300","Funko Pop! Animation Dragon Ball Super Gohan N48582","IAC","https://docs.google.com/document/d/1XQLhwFzO7xbAsRdZ_pDOiD6b2k407ITSttq2K7C-gCQ/edit?usp=drivesdk","https://drive.google.com/drive/folders/1CYfTnvQd1FQIKPV5N7erF5eYkGF8GKJt","Andrea","Diogo","24/08/2026","28/08/2026","14/09/2026","Reinserção","Priscila","[11/09/2026] 0:09 - Parece que tem brilho no boneco. No original é mais opaco. 0:16 - Tem uma linha na sobrancelha. No original não tem. [16/09/2026] Não foi feita a alteração solicitada"
"Setembro/2026","1190","231654900","Funko Pop! Ultraman Jack","IAC","https://docs.google.com/document/d/1Q7NKcP2EcVpFbMOTZABL41ESLayz5NbF0jpBT4pj9ww/edit?usp=drivesdk","https://drive.google.com/drive/folders/1KfQuh28iQQALa4Oqg2G8eGCVwwWLueTo","Andrea","Diogo","24/08/2026","28/08/2026","08/09/2026","Reinserção","Priscila","[11/09/2026] 0:11- O boneco mexe, mas o funko é estático"
"Setembro/2026","1191","231656900","Funko Pop! Marvel Zombie Gambit","IAC","https://docs.google.com/document/d/13k_gkd5GRmyWGkeop_Fl0gD3MQro_26r9w5Oi-26ZHw/edit?usp=drivesdk","https://drive.google.com/drive/folders/1W9WOUXm9PP9mZ92Hf2lFu-8scQphCCi6","Andrea","Diogo","24/08/2026","28/08/2026","16/09/2026","Reinserção","Priscila","[11/09/2026] Funko Pop! Marvel Zombie Gambit 0:03 - começa o vídeo com produto na embalagem [17/09/2026] 0:07 - O olho do boneco tá com luz"
"Setembro/2026","1193","232049000","Faca para Churrasco Tramontina Inox 4” New Color","IAC","https://docs.google.com/document/d/1skX9JNeM3xeIGCQayPRTKedYktcWAxuRWKi2h4vsavQ/edit?usp=drivesdk","https://drive.google.com/drive/folders/1SQYpDCkuQeXX5ZpyKXhLQGYjj4PbhO-x","Andrea","Diogo","24/08/2026","28/08/2026","09/09/2026","","Priscila",""
"Setembro/2026","1210","232058800","Espátula para Ovo Tramontina Ability","IAC","https://docs.google.com/document/d/1ohh2RyUbtUSnIl3Envyad7S4n2vO7hvdeLs0OfGcHBQ/edit?usp=drivesdk","https://drive.google.com/drive/folders/1jL-TL2EOiOB4s2ksI8rornyO5coecD8C","Andrea","Diogo","24/08/2026","28/08/2026","09/09/2026","","Priscila",""
"Setembro/2026","1216","232059800","Espátula Inox Tramontina Utilità","IAC","https://docs.google.com/document/d/1K9UEK-xqk5FZ3Jo99Y-dl_tBjq_FlTacVlwXtU7mRTY/edit?usp=drivesdk","https://drive.google.com/drive/folders/1ofw71YwwGfgdWKQQrBhZ-9QkwlSClL4Q","Andrea","Diogo","24/08/2026","28/08/2026","17/09/2026","Reinserção","01.09","Na primeira cena, a espátula parece estar flutuando, deixando a apresentação pouco natural. Além disso, as demais cenas são praticamente estáticas e não mostram o produto sendo utilizado, o que prejudica a demonstração de sua usabilidade. [21/09/2026] Espátula Inox Tramontina Utilità 00:15 – O cabo da espátula aparece menor do que o tamanho real do produto."
"Setembro/2026","1221","232067700","Faca para Frutas e Legumes Tramontina Inox 3”","IAC","https://docs.google.com/document/d/17pEUC4-0ri34Xu-43h8uudI4lypSu-RVRFD3DuYQJGI/edit?usp=drivesdk","https://drive.google.com/drive/folders/1Hzp0JRdHenHJOzhruynjL4lojD3nmdho","Andrea","Diogo","24/08/2026","28/08/2026","17/09/2026","Reinserção","01.09","Nas duas últimas cenas – As cenas são exatamente iguais, deixando o vídeo repetitivo. Intercalar essas cenas com as demais para evitar a repetição e tornar o vídeo mais dinâmico. [21/09/2026] Nas duas últimas cenas – A faca original possui uma leve curvatura, porém aparece reta nas cenas finais."
"Setembro/2026","1237","232086200","Pegador de Massas Inox e Nylon Tramontina Utilitá","IAC","https://docs.google.com/document/d/1M5AWgptbcj5h05_LNxFfpUfEdDC7iCDSoQJZ7Ti-Ycs/edit?usp=drivesdk","https://drive.google.com/drive/folders/1GumMsgtH8ROG1y9WtttUTz62xb-5nR-o","Andrea","Diogo","24/08/2026","28/08/2026","08/09/2026","Reinserção","Priscila","[11/09/2026] Pegador de Massas Inox e Nylon Tramontina Utilitá 00:10 – Os furos do pegador aparecem diferentes do modelo original."
"Setembro/2026","1245","232089000","Concha de Sorvete Inox Utilitá 21,1cm","IAC","https://docs.google.com/document/d/1_maep_cfQ1S-i5lI2eCdlaILcBOahd8tfWoowUqG-ac/edit?usp=drivesdk","https://drive.google.com/drive/folders/1HgVfGkWl_0v9rAoKvhYGsDPH2NT0dU-E","Andrea","Diogo","24/08/2026","28/08/2026","08/09/2026","Reinserção","Priscila","[11/09/2026] 0:09 - O cabo tá totalmente em inox, mas a pontinha é de plástico branco. 0:10 - O cabo tá totalmente em inox, mas a pontinha é de plástico branco."
"Setembro/2026","1249","232089500","Concha para Molho Inox Tramontina Utilitá Vermelha","IAC","https://docs.google.com/document/d/1MdwMdwArhOlLcA4tmmcekfMECeKBWEV_7Hw_YygqO5A/edit?usp=drivesdk","https://drive.google.com/drive/folders/1FusZwAJAYUOxbRJc682ULrUAu1WcsObJ","Andrea","Diogo","24/08/2026","28/08/2026","16/09/2026","Reinserção","Priscila","[11/09/2026] 0:13 - A concha é de molho mas tá ambientada servindo sopa. São modelos diferentes, pode gerar confusão e sac."
"Setembro/2026","1259","232091700","Colher de Servir Tramontina Utilitá Preto","IAC","https://docs.google.com/document/d/190JMgi4BZ5joA1rawA-V9xnb9g5IIkkFi-qbNegSdw0/edit?usp=drivesdk","https://drive.google.com/drive/folders/1psCXhm7GVOVAHRkdxSsbGM_N57wZTchO","Andrea","Diogo","24/08/2026","28/08/2026","08/09/2026","Reinserção","Priscila","[11/09/2026] Colher de Servir Tramontina Utilitá Preto 0:15 - A IA mudou a cor do cabo, tá preto."
"Setembro/2026","1262","232095200","Jogo de Colher de Chá Tramontina Dynamic Castanho e Prata 12 Peças","IAC","https://docs.google.com/document/d/1PHVb37csLMYoJ8pphXInmFYiEvWkSKzpDxMu7BYvF0o/edit?usp=drivesdk","https://drive.google.com/drive/folders/12aYN7YZ-U8knQn7SzGdius3Ryt2PG_gs","Andrea","Diogo","24/08/2026","31/08/2026","08/09/2026","REINSERÇÃO CENAS IA","Priscila","[11/09/2026] A colher é de chá. No vídeo TODO aparece sendo usada pra comer sopa"
"Setembro/2026","1263","232095100","Jogo de Colher de Chá Tramontina Dynamic Castanho e Prata 3 Peças","IAC","https://docs.google.com/document/d/1ieVi3TQgET7MLdyVaxd-izMtS6OVAkmqvM9N780V0bY/edit?usp=drivesdk","https://drive.google.com/drive/folders/1jfzEhXcc1yFjL962UEGWsHA09ZrIXqnq","Andrea","Diogo","24/08/2026","31/08/2026","16/09/2026","Reinserção","Priscila","[11/09/2026] A colher é de chá. No vídeo TODO aparece sendo usada pra comer sopa [17/09/2026] mas foi ambientada como colher de café. São modelos com tamanhos diferentes."
"Setembro/2026","1287","232100000","Jogo de Colher Tramontina Ipanema Branco 3 Peças","IAC","https://docs.google.com/document/d/1w36dUCL33arTRb6UckQ253KKGtBgRL1HNswz4u1ttRc/edit?usp=drivesdk","https://drive.google.com/drive/folders/15kqKHTGZAIs0hyLk1sJCdGdwVkScX5jk","Andrea","Diogo","24/08/2026","31/08/2026","14/09/2026","Reinserção","Priscila","0:03 - Colher de chá ambientada como de sobremesa. 0:12 - Colher de chá ambientada como de sobremesa. [16/09/2026] Não foi feita a alteração solicitada"
"Setembro/2026","1297","232102600","Garfo Trinchante Tramontina Aço Inox Plenus","IAC","https://docs.google.com/document/d/1BVehHX04oLhibB-wElgu0dSDtof8-ING4Mb06Uzck8A/edit?usp=drivesdk","https://drive.google.com/drive/folders/1_3S4uyb1niU8ZdI0qL5VBXU1x8tjAEEO","Andrea","Diogo","24/08/2026","31/08/2026","14/09/2026","Reinserção","Priscila","0:16 - Garfo bem maior do que nas outras cenas. Parece que foi esticado. [16/09/2026] Não foi feita a alteração solicitada"
"Setembro/2026","1300","232102800","Jogo de Garfos de Mesa Tramontina Inox New Kolor 3 Peças","IAC","https://docs.google.com/document/d/1aTm97je0uyPlRm_7XTe5CiYqMLFF8S4FxsKskRz_HPI/edit?usp=drivesdk","https://drive.google.com/drive/folders/15FNjH7_xfDaCa2vIyG8ZWMzrVE2v9Uw9","Andrea","Diogo","24/08/2026","31/08/2026","14/09/2026","Reinserção","Priscila","[08/09/2026] Jogo de Garfos de Mesa Tramontina Inox New Kolor 3 Peças 0:04 - a embalagem tá em pé sozinha [16/09/2026] Não foi feita a alteração solicitada"
"Setembro/2026","1310","232105600","Jogo de Garfos de Mesa Tramontina Inox Ipanema 12 Peças","IAC","https://docs.google.com/document/d/1-Emk6kbOtlt6k_rLbSye2y-qQG9wrnNZbCmWgCt4SLE/edit?usp=drivesdk","https://drive.google.com/drive/folders/1Dy4FRfcnz35OCrsRD3JFgu168TLv0XjJ","Andrea","Diogo","24/08/2026","31/08/2026","14/09/2026","Reinserção","Priscila","0:03 - Aparecem 10 garfos, mas o kit é de 12. [16/09/2026] Não foi feita a alteração solicitada"
"Setembro/2026","1340","234970100","Conjunto de Utensílios de Nylon Tramontina Ability Vermelho 3 Peças","IAC","https://docs.google.com/document/d/1zZ9Cp8RhZXdhCmryY_4T3TxX2pnTY5SxVuS3ElFEa-A/edit?usp=drivesdk","https://drive.google.com/drive/folders/1MBhssB6rRHJ8TP94RujN1dA_ElzOjhhi","Andrea","Lucas","04/09/2026","04/09/2026","08/09/2026","Reinserção","","[11/09/2026] Conjunto de Utensílios de Nylon Tramontina Ability Vermelho 3 Peças 00:05 – A espátula aparece diferente do modelo original."
"Setembro/2026","1341","234969900","Conjunto de Utensílios de Nylon Tramontina Ability Preto 3 Peças","IAC","https://docs.google.com/document/d/1lwqofGrjOka0CkfWBnZrwn5gBzFAkWOKdXOk0iqXyME/edit?usp=drivesdk","https://drive.google.com/drive/folders/1x34552jGgeCUt3z7ILQbs9ppAoLIF93w","Andrea","Bidóia","04/09/2026","04/09/2026","08/09/2026","Reinserção","","[11/09/2026] Conjunto de Utensílios de Nylon Tramontina Ability Preto 3 Peças 00:18 – A espátula aparece diferente do modelo original."
"Setembro/2026","1356","234976400","Espagueteira Tramontina de Alumínio Antiaderente","IAC","https://docs.google.com/document/d/1UqRQNuz0UE5g3QdNjZRq02xV7YcTbZ68kHXtcebYLCA/edit?usp=drivesdk","https://drive.google.com/drive/folders/1MUuEzC9lHmbT-Vec2fiF1wxGZWdeCd4z","Andrea","Bidóia","04/09/2026","04/09/2026","08/09/2026","Alteração de áudio","","[11/09/2026] Espagueteira Tramontina de Alumínio Antiaderente 00:06 – A pronúncia de ""Starflon"" na locução está incorreta."
"Setembro/2026","1370","234980600","Frigideira Antiaderente Tramontina de Alumínio Paris Vermelha 18cm com Espátula","IAC","https://docs.google.com/document/d/1Oe36U81lsn_J6xrA0a4CMxQIitre3BC4sC-k3zLCU5w/edit?usp=drivesdk","https://drive.google.com/drive/folders/19LWGAwm5QNcpv3q3bbZLa6ztyVp2fPxM","Andrea","Bidóia","04/09/2026","04/09/2026","08/09/2026","Reinserção","","[11/09/2026] Frigideira Antiaderente Tramontina de Alumínio Paris Vermelha 18cm com Espátula 00:08 – A frigideira aparece deformada e a IA adicionou a logo da marca no cabo, porém esse detalhe não existe no produto original."
"Setembro/2026","1391","235690600","Sofá 2 Lugares Suede Marselha Linoforte","IAC","https://docs.google.com/document/d/140d336HQlIf678dFIRaeUS2YmVIb1iCm6uymVFuwmEY/edit?usp=drivesdk","https://drive.google.com/drive/folders/1v8M73LnwCb9wrwCMCBX0RY25qmFt7GV9","Andrea","Anderson","10/09/2026","10/09/2026","14/09/2026","REINSERÇÃO CENAS IA","","[16/09/2026] 0:13 a 0:24- O sofá o código do sofá é de 2 lugares, mas aparece um com 3 lugares"
"Setembro/2026","1395","235720800","Tampa de Panela de Vidro e Inox Multiflon 10cm","IAC","https://docs.google.com/document/d/1Jkki2cui-_TmVfz0zDHEH0z5bvaaqhLwdPLYiPab8kM/edit?usp=drivesdk","https://drive.google.com/drive/folders/1VilfqdhwybheNPjFV6Et7E7m5Lb3xtTy","Andrea","Anderson","10/09/2026","10/09/2026","11/09/2026","Editar","","[15/09/2026] Tampa de Panela de Vidro e Inox Multiflon 10cm 0:04 - Ajustar transição abrupta."
"Setembro/2026","1396","235721300","Tampa de Panela de Vidro e Inox Multiflon 22cm","IAC","https://docs.google.com/document/d/1SH5A3_y_dNOv0JBeLMxzAPstMiZAu5uTRRK32ltc528/edit?usp=drivesdk","https://drive.google.com/drive/folders/1qQlXGo7Iw7bshngu8XWAdMCW1h4Tba2C","Andrea","Bidóia","02/09/2026","02/09/2026","09/09/2026","","",""
"Setembro/2026","1409","236835900","Frigideira Antiaderente Multiflon de Alumínio Color Rosa 24cm com Espátula","IAC","https://docs.google.com/document/d/10DUqbIMOtZgfYcR73WBwtcX-ZC79ryWn3AcAnu4GSms/edit?usp=drivesdk","https://drive.google.com/drive/folders/1yOi0xq7gX5zFEImxlxrkYeKLX8kecgFP","Andrea","Bidóia","02/09/2026","02/09/2026","09/09/2026","","",""
"Setembro/2026","1410","236836200","Frigideira Antiaderente Multiflon de Alumínio Color Azul 24cm com Espátula","IAC","https://docs.google.com/document/d/1j0cmiSvJrfVzPWxRRKthr_cg43cPV5m5_2dfkzYu5wE/edit?usp=drivesdk","https://drive.google.com/drive/folders/1rHlH95BgNDuX2tbmocFumQ4QE0C9Qsjm","Andrea","Bidóia","02/09/2026","02/09/2026","09/09/2026","","",""
"Setembro/2026","1422","236836600","Frigideira Wok Antiaderente Multiflon de Alumínio Color Amarelo 24cm","IAC","https://docs.google.com/document/d/1AQVA0Ned7FzAJIreewcmKgGqGkpAbpZbfTDWHz2LfEs/edit?usp=drivesdk","https://drive.google.com/drive/folders/1TAxb9l7MFhHB8P04Fn0lPqalXitum4Tq","Andrea","Anderson","09/09/2026","09/09/2026","11/09/2026","Reinserção","","[15/09/2026] Frigideira Wok Antiaderente Multiflon de Alumínio Color Amarelo 24cm 0:02 - Na hora da transição, aparecem duas linhas verticais nas laterais esquerda e direita. 0:09 - A IA acrescentou um texto dentro da frigideira 0:15 - A IA acrescentou um texto dentro da frigideira"
"Setembro/2026","1423","236836900","Frigideira Wok Antiaderente Multiflon de Alumínio Color Rosa 28cm","IAC","https://docs.google.com/document/d/1p0oR15Cgyof7cgQGU9_tJbbXeevcEkAsTv6W6_pKZ-A/edit?usp=drivesdk","https://drive.google.com/drive/folders/1-xLHPAX9-MkLJou4SC-SDdTQryaNilKd","Andrea","Anderson","09/09/2026","09/09/2026","11/09/2026","Reinserção","","[15/09/2026] 0:11 - A IA acrescentou um texto dentro da frigideira"
"Setembro/2026","1424","236837000","Frigideira Wok Antiaderente Multiflon de Alumínio Color Azul 24cm","IAC","https://docs.google.com/document/d/12cIqIzoUpZRr0ts-5dVwgG-HF_TFUX1gf1jEzhq9DR0/edit?usp=drivesdk","https://drive.google.com/drive/folders/1Sqb9z6eZGFq-pd5cWPnzv94zUcFUn85A","Andrea","Anderson","09/09/2026","09/09/2026","11/09/2026","Alteração de edição","","[15/09/2026] 0:02 - Aparece uma linha preta vertical no lado esquerdo."
"Setembro/2026","1425","236862500","Cômoda 5 Gavetas 2 Portas Araplac Malu","IAC","https://docs.google.com/document/d/1kt2daMZ2x4h-SMN70PB-hjcTmuH-A-onzXrnV9j-xiw/edit?usp=drivesdk","https://drive.google.com/drive/folders/1b5iVuQPYfOyP5xZNIIcTPZKD91UCzfu8","Andrea","Lucas","08/09/2026","08/09/2026","09/09/2026","","",""
"Setembro/2026","1488","237902600","Kit Refeição Infantil Buba Zoo Leão 3 Peças Laranja","IAC","https://docs.google.com/document/d/1cfPgMSUWGcuNxn7QqnzB1i-3aOgeg8P6RzsmpRzbFHc/edit?usp=drivesdk","https://drive.google.com/drive/folders/1WY2gS9coazXJIv2vbWg65IISWJoz0K66","Andrea","Anderson","09/09/2026","09/09/2026","11/09/2026","Reinserção","","[15/09/2026] 0:07 - Aparece uma caixa e um babador que não fazem parte do jogo. Pode gerar confusão. 0:12 - Aparece a caixa novamente."
"Setembro/2026","1491","238119400","Almofada para Carrinho de Bebê Dino Buba Verde","IAC","https://docs.google.com/document/d/13RTIBOaDR5cVhPci8hyOkNjXkI6FOoVFutbIkNyG56Y/edit?usp=drivesdk","https://drive.google.com/drive/folders/111d_buaW8APiO10VM4F1cAP1qcj0t4rk","Andrea","Anderson","09/09/2026","09/09/2026","10/09/2026","","",""
"Setembro/2026","1493","238133700","Bowl de Silicone Verde Buba 15635 350ml","IAC","https://docs.google.com/document/d/1H34jfJcVN_jvpuLrs6ll1LnHtE5F5qKFRD3qjGLHGBs/edit?usp=drivesdk","https://drive.google.com/drive/folders/1sCp3ErZbhhOtJbP4Sllkecn8SHXkOoui","Andrea","Anderson","09/09/2026","09/09/2026","11/09/2026","Reinserção","","[15/09/2026] Bowl de Silicone Verde Buba 15635 350ml Foi utilizada uma cena de uma pessoa despejando leite no bowl de uma altura excessiva, deixando a ação pouco natural e sem coerência com uma situação real de uso do produto. Substituir a cena por uma demonstração mais natural e realista. Última cena – O mesmo trecho foi utilizado duas vezes de forma cortada, deixando o encerramento repetitivo e, além disso, o produto não é apresentado de forma adequada. Substituir a cena por uma apresentação mais clara do produto, evitando a repetição do mesmo trecho."
"Setembro/2026","1494","238131600","Bowl de Silicone Azul Buba 15633 350ml","IAC","https://docs.google.com/document/d/1pH4B2lrOa5oL3R5avVvoiqmqRQ__H2z7Pibpt_G0hk0/edit?usp=drivesdk","https://drive.google.com/drive/folders/1jCwJCMJx97SmKrWiBH4KnRW-V8ug2i97","Andrea","Anderson","09/09/2026","09/09/2026","11/09/2026","Reinserção","","[15/09/2026] 0:11 - O bowl é para bebês a partir de 06 meses, mas mostra uma pessoa adulta comendo nele."
"Setembro/2026","1497","238130500","Copo de Treinamento com Alça 300ml Buba Lemure","IAC","https://docs.google.com/document/d/1FG77UAR8oGdAoDrtie38eh4RavqsDnNC06_GVrCQTwc/edit?usp=drivesdk","https://drive.google.com/drive/folders/1cKQOoL8nGfRvPioaBAnFh6cueouJxG_O","Andrea","Anderson","09/09/2026","09/09/2026","10/09/2026","","",""
"Setembro/2026","1512","238253900","Forma para Air Fryer de Silicone Antiaderente com Alças 20cm Hauskraft","IAC","https://docs.google.com/document/d/15qXsYbqQyfonSCSinRTWwRftBShNPWX5xDjQtt-oIGo/edit?usp=drivesdk","https://drive.google.com/drive/folders/1Zf9KeKKxOEe3diKZkWJXWboeye1IBF0e","Andrea","Anderson","09/09/2026","09/09/2026","10/09/2026","","",""
"Setembro/2026","1523","238266900","Prato Raso Cinza Redondo 27cm Hauskraft FBBU003/CZ","IAC","https://docs.google.com/document/d/17XAiKe6XXZ0ZMn9JQWBadHcrFe8CmHQzVEzebMojNLQ/edit?usp=drivesdk","https://drive.google.com/drive/folders/1CC8W_6UsZFRey8cjkVTueIPqgEyaqzWs","Andrea","Bidóia","09/09/2026","09/09/2026","10/09/2026","","",""
"Setembro/2026","1537","238309000","Frigideira Antiaderente Multiflon de Alumínio Ekó Verde 24cm","IAC","https://docs.google.com/document/d/1ZMqBq7GzByRgZ8Lca9ZCOEq1hkAbl_vRHOsUJawPrrs/edit?usp=drivesdk","https://drive.google.com/drive/folders/1OELMjKDP--gbCU372XBHWg_nywrS17_0","Andrea","Lucas","08/09/2026","08/09/2026","08/09/2026","Reinserção","","[11/09/2026] Frigideira Antiaderente Multiflon de Alumínio Ekó Verde 24cm 00:10 – A panela aparenta ser maior do que seu tamanho real e o cabo aparece diferente, com os parafusos de fixação ausentes."
"Setembro/2026","1539","238308500","Frigideira Antiaderente Multiflon de Alumínio Ekó Verde 22cm","IAC","https://docs.google.com/document/d/11x-1UKdGgQ9ovtJOCwAKs9nsp-WCAtT9ubpBtgjN4Pg/edit?usp=drivesdk","https://drive.google.com/drive/folders/1IuWbh80Us18Xr8N412N2ZKky2HYabBWe","Andrea","","08/09/2026","08/09/2026","08/09/2026","Reinserção","","[11/09/2026] Frigideira Antiaderente Multiflon de Alumínio Ekó Verde 22cm 00:19 – Na cena em que é apresentada a informação sobre o material do cabo, a IA alterou suas características, deixando-o diferente do modelo original."
"Setembro/2026","1541","238413300","Poltrona Reclinável 3 Posições Matrix Pulse","IAC","https://docs.google.com/document/d/1OdStvuNKwpQZvQ-P_TJpsWjotdQ1gAD3XSbjcMSARr8/edit?usp=drivesdk","https://drive.google.com/drive/folders/1AW9K7WbGt6hDZziwdpMfgDp3TrXJScR6","Andrea","Bidóia","08/09/2026","08/09/2026","09/09/2026","Reinserção","",""
"Setembro/2026","1542","238413600","Poltrona Reclinável Moderna 2 Posições Matrix Caravelli","IAC","https://docs.google.com/document/d/1qSGEDjzEdEGRm5MFEHL8IHHZ0g677Hb_BVNBAJQUyOU/edit?usp=drivesdk","https://drive.google.com/drive/folders/1vlmCqzZ3KkdAALHQS5u-142CdzoJCjhB","Andrea","Bidóia","08/09/2026","08/09/2026","09/09/2026","Aprovado","",""
"Setembro/2026","1543","238414500","Sofá-cama 3 Lugares Casal Reclinável Veludo Matrix Lavínia","IAC","https://docs.google.com/document/d/1Elt9E_ZnaPtlNux83LqOfm1OiXXD_USSxt6PKLCqTQI/edit?usp=drivesdk","https://drive.google.com/drive/folders/1gtgHl30eGG-wsbDEwkM4KeQ0LqGmB77q","Andrea","Anderson","17/09/2026","17/09/2026","18/09/2026","Reinserção","",""
"Setembro/2026","1544","238432300","Mesa de Centro de MDF Jasmin Artely","IAC","https://docs.google.com/document/d/1_AoLWVXHkJaMwr4giU-1m7Q_cvZTFWXHs0o1PxOs5nU/edit?usp=drivesdk","https://drive.google.com/drive/folders/1ouK96q8nDGNb2r59s6x2V7oa0bNj5Zdx","Andrea","Anderson","17/09/2026","17/09/2026","18/09/2026","Aprovado","",""
"Setembro/2026","1545","238432900","Mesa de Centro de MDF Orgânica Artely","IAC","https://docs.google.com/document/d/1Vtdq6kIDJeLCSaLD3ncgbavIgmsR3NKefdQ5a_qLKK8/edit?usp=drivesdk","https://drive.google.com/drive/folders/1DO__sLaEwEITzLkFwgAwb3OEZrBHX5iL","Andrea","Anderson","17/09/2026","17/09/2026","21/09/2026","Reinserção","","[22/09/2026] Mesa de Centro de MDF Orgânica Artely É informado que a mesa possui 4 nichos, porém o produto não possui nichos."
"Setembro/2026","1546","238433500","Painel para TV até 75"" Artely Nevada 1 Prateleira","IAC","https://docs.google.com/document/d/1BnO5E3WcBD85BjYvqybMzwT3k_lbHytsf9HDiRd3eIo/edit?usp=drivesdk","https://drive.google.com/drive/folders/1PuWVuYqVL-UdlvPjtv45PWKnxzoJyKx1","Andrea","Bidóia","08/09/2026","08/09/2026","09/09/2026","","",""
"Setembro/2026","1547","238436300","Painel para TV até 72"" Artely Trama 1 Prateleira","IAC","https://docs.google.com/document/d/1rgyNxCHnKHbzSZwaPGhBnblIWJM5sx7Ab-KQlWz5UJ8/edit?usp=drivesdk","https://drive.google.com/drive/folders/1OfPvRmWrGPA8yOabyoW6EaCyuMhnzSN0","Andrea","Anderson","17/09/2026","17/09/2026","18/09/2026","Reinserção","","[21/09/2026] Painel para TV até 72"" Artely Trama 1 Prateleira 0:06 - A mesma cena aparece duas vezes seguidas. Faltou informações sobre a profundidade. 0:12 - O tamanho tá desproporcional, parece muito maior do que realmente é."
"Setembro/2026","1551","238438900","Rack para TV até 86"" Artely Elegance","IAC","https://docs.google.com/document/d/1jJDjLztRo8m1EiekGzTPZW3oEBGAiLJmQnNwgB7MqyM/edit?usp=drivesdk","https://drive.google.com/drive/folders/1xZIodk45b7bw_9b4c_hIzMBkTO1AKlfO","Andrea","Bidóia","08/09/2026","08/09/2026","08/09/2026","Reinserção","","[11/09/2026] Rack para TV até 86"" Artely Elegance 00:07 – Na cena, parece que o tampo superior do rack possui uma profundidade menor do que a prateleira inferior, deixando a estrutura diferente do produto original."
"Setembro/2026","1552","238437200","Painel para TV até 75"" Artely Presence 1 Prateleira","IAC","https://docs.google.com/document/d/1rxO6psn-W8frWA_k_7DRNYEzwJFrX9e8Qvs3VEPG-X4/edit?usp=drivesdk","https://drive.google.com/drive/folders/1DRdBakgFF24hrnprDTivN5F8urmTGMtn","Andrea","Bidóia","08/09/2026","08/09/2026","09/09/2026","Aprovado","",""
"Setembro/2026","1554","238491400","Armário de Cozinha Luciane Suíça 2 Portas 120x60,6cm","IAC","https://docs.google.com/document/d/1dN5CQjDOjCUSYGSsn-RtKTkG3VNkLIRdjvjZLDgS3Ik/edit?usp=drivesdk","https://drive.google.com/drive/folders/1Ux7SB9iFvOMqAj1CgnxpzbCnuSZGkkOT","Andrea","Bidóia","08/09/2026","08/09/2026","09/09/2026","Aprovado","",""
"Setembro/2026","1565","234767300","Refil de Tinta Epson EcoTank T544120-2P","IAC","https://docs.google.com/document/d/1WrTuT4GYpGcMY4h7qDamu_s6ZvR8DbP-3AZNq8WVk-4/edit?usp=drivesdk","https://drive.google.com/drive/folders/1LcOX2Gwr5IiX2sMAe2RZXWcklzhiL285","Andrea","Lucas","08/09/2026","08/09/2026","09/09/2026","Aprovado","",""
"Setembro/2026","1574","238820700","Jogo de Panelas Tramontina de Alumínio Preta 4 Peças Linz","IAC","https://docs.google.com/document/d/1tJJg5Axxso4eKXPbq6aNQX5g2YI1G2fuI645jte8ACY/edit?usp=drivesdk","https://drive.google.com/drive/folders/1izHS04K4nsmRk5rsQAWSGWm_Zd5csWeT","Andrea","Bidóia","09/09/2026","10/09/2026","14/09/2026","","",""
"Setembro/2026","1587","238829000","Gaveteiro para Quarto 2 Gavetas Multivisão Decore FLOW-UV-PR","IAC","https://docs.google.com/document/d/1gnuElgWGbuYtiEfO6wrVBUNKTBoD07ePSiay2qbe7e8/edit?usp=drivesdk","https://drive.google.com/drive/folders/1CucObejE4T-XApNQJEHgEc8CGDjCswmQ","Andrea","Anderson","10/09/2026","10/09/2026","11/09/2026","Reinserção","","[15/09/2026] Gaveteiro para Quarto 2 Gavetas Multivisão Decore FLOW-UV-PR O principal diferencial deste produto é que ele é 2 em 1, tem pés removíveis e pode ser usado tanto no chão, quanto suspenso. Mas só é mostrado suspenso. 0:19 - A forma como as opções de cores do guarda-roupa estão sendo apresentadas ficou visualmente ruim e não permite que o cliente visualize com clareza as cores disponíveis. Faltou régua de medidas"
"Setembro/2026","1588","238855900","Guarda-roupa Casal 4 Gavetas 6 Portas Caemmun Apollo","IAC","https://docs.google.com/document/d/11RGzOdBsrZET35V6pJB3bGmfZhyBq-qRGSxOWeV2-5E/edit?usp=drivesdk","https://drive.google.com/drive/folders/1cTlc0Qae5OOAtKaZeUPO6JnLaSeF2CKU","Andrea","Anderson","10/09/2026","10/09/2026","11/09/2026","Alteração de edição","","[15/09/2026] 00:20 – A forma como as opções de cores do guarda-roupa estão sendo apresentadas ficou visualmente ruim e não permite que o cliente visualize com clareza as cores disponíveis"
"Setembro/2026","1589","238946100","Cômoda com Espelho 6 Gavetas 1 Porta Móveis Lanza Atenas","IAC","https://docs.google.com/document/d/1S5IlKEZWC5qhNI_3ehYACJv0FTn3nPw_BJFN8zFZiXU/edit?usp=drivesdk","https://drive.google.com/drive/folders/1mQGJNCOxnGCiyTogDT8B7-NzaPzNpzN3","Andrea","Anderson","10/09/2026","10/09/2026","11/09/2026","Reinserção","","[15/09/2026] Cômoda com Espelho 6 Gavetas 1 Porta Móveis Lanza Atenas Faltou foto da parte interna. 0:17 - A forma como as opções de cores do guarda-roupa estão sendo apresentadas ficou visualmente ruim e não permite que o cliente visualize com clareza as cores disponíveis"
"Setembro/2026","1591","238945900","Guarda-roupa Casal com Espelho 5 Gavetas 3 Portas de Correr Móveis Lanza Milão","IAC","https://docs.google.com/document/d/1N74rem_b4LKbrdPa7Lzw4pf7BAdhRGNnpM86DN7Y9aU/edit?usp=drivesdk","https://drive.google.com/drive/folders/1Zi_5P-jFcfjMBExKCWBnxXBhgFQiGJen","Andrea","Bidóia","10/09/2026","11/09/2026","15/09/2026","Reinserção","","[16/09/2026] Guarda-roupa Casal com Espelho 5 Gavetas 3 Portas de Correr Móveis Lanza Milão 00:05 – O tamanho do guarda-roupa foi alterado na cena, fazendo com que ele pareça menor do que realmente é. Solicito ajustar a proporção para representar corretamente as dimensões do produto anunciado. [16/09/2026] Não foi feita a alteração solicitada"
"Setembro/2026","1592","238946000","Guarda-roupa Solteiro com Espelho 4 Gavetas 2 Portas de Correr Móveis Lanza Zurique","IAC","https://docs.google.com/document/d/11tbQJmF2ubyJ9GWioWIgDxhEbqLFV2kcN_pX9lX9WUc/edit?usp=drivesdk","https://drive.google.com/drive/folders/11m6ZmWnS1F22-ZlQDUrvCGdNZMR1W7lx","Andrea","Anderson","17/09/2026","17/09/2026","18/09/2026","Reinserção","","[21/09/2026] Guarda-roupa Solteiro com Espelho 4 Gavetas 2 Portas de Correr Móveis Lanza Zurique 0:10 - A mesma cena aparece duas vezes seguidas. 0:12 - Modelo tá diferente Faltou mostrar completamente a parte interna A forma como as opções de cores foram mostradas não permite a visualização adequada do produto."
"Setembro/2026","1593","238967000","Gabinete Para Banheiro Aéreo com Cuba e Espelheira Móveis Bechara Baden","IAC","https://docs.google.com/document/d/1cTsqg7vVNWRBx5JQixsOLMRiA7JDAwMPKUqRrfLX7Yk/edit?usp=drivesdk","https://drive.google.com/drive/folders/1oi446ZJ0jpKIluJm07hMJSiJUiTOsx-c","Andrea","Bidóia","10/09/2026","11/09/2026","16/09/2026","Alteração de áudio","","[17/09/2026] Gabinete Para Banheiro Aéreo com Cuba e Espelheira Móveis Bechara Baden O gabinete vem com espelheira, mas não fala isso no vídeo. Precisa incluir régua de medidas da espelheira."
"Setembro/2026","1595","238967500","Gabinete para Banheiro Aéreo com Cuba e Espelheira 4 Portas Móveis Bechara Londres","IAC","https://docs.google.com/document/d/1AlxhaJUtRWMWQLCGG3PLE04ZVqDylYJenHGY17pekAo/edit?usp=drivesdk","https://drive.google.com/drive/folders/1SZpBooGVy13n1cDRtYczuu_blKd7d9vX","Andrea","Bidóia","10/09/2026","11/09/2026","11/09/2026","Reinserção","","[15/09/2026] Faltou a régua de medida da espelheira. Não mostrou a parte de dentro do gabinete."
"Setembro/2026","1597","238996900","Mesa Dobrável Multiuso 240cm Otello DOB-BR3","IAC","https://docs.google.com/document/d/1P8HRK6KqRTu6Sc1tnBG_kQelYYLEUy1E35U08pMTpZE/edit?usp=drivesdk","https://drive.google.com/drive/folders/1jL-crM52GfqbQS916aXGzI2_JajeAXlg","Andrea","Bidóia","10/09/2026","11/09/2026","11/09/2026","Alteração de edição","","[15/09/2026] 0:06 - As linhas de profundidade e altura não foram colocadas. Do jeito que está, não dá pra saber qual é qual."
"Setembro/2026","1598","238996500","Mesa Dobrável Multiuso 1,80m Otello DOB-BR2","IAC","https://docs.google.com/document/d/1CwAFGUFnc04iwfY2Hy3PcDrh87fCQI134XxcoY1kBO8/edit?usp=drivesdk","https://drive.google.com/drive/folders/1QpdBGF6NIJhSXgxS5oz44v04BpvuSkdq","Andrea","Bidóia","10/09/2026","11/09/2026","11/09/2026","Alteração de edição","","[15/09/2026] 0:07 - 180cm está posicionado errado. Estão faltando as linhas da altura e profundidade."
"Setembro/2026","1611","240054300","Sofá 4 Lugares Suede Vivaldi Linoforte","IAC","https://docs.google.com/document/d/1f-A3WNmEyUd0njzRQAa8qAb4FSE7DRyrsrZZwlsuxhE/edit?usp=drivesdk","https://drive.google.com/drive/folders/1NIS3BZuViVdg07M8xucOlIRXKtfjFPkK","Andrea","Lucas","17/09/2026","17/09/2026","21/09/2026","Reinserção","","[22/09/2026] Sofá 4 Lugares Suede Vivaldi Linoforte 00:04 – O encosto e o assento aparecem divididos em duas partes, porém, no produto original, ambos são inteiriços."
"Setembro/2026","1614","240062500","Sofá 3 Lugares Retrátil Reclinável Bouclé Mediterrâneo Peruggia Flexforma Estofados","IAC","https://docs.google.com/document/d/16SkGM6wND5FQhNLjeAmni-iy9QTsLFWugIMvfDafNr0/edit?usp=drivesdk","https://drive.google.com/drive/folders/1gNTXfwbtNk6V7wf5LN3tRhbuDQQhhr2R","Andrea","Lucas","17/09/2026","17/09/2026","18/09/2026","Reinserção","","[21/09/2026] Sofá 3 Lugares Retrátil Reclinável Bouclé Mediterrâneo Peruggia Flexforma Estofados 0:07 - A parte que abre tá bem maior do que realmente é. Ele é bipartido. Mas no vídeo tá com 03 partes. 0:21 - O sofá é de 3 lugares, mas menciona 04."
"Setembro/2026","1615","240062900","Sofá 4 Lugares Retrátil Reclinável Bouclé Mediterrâneo Bergamo Flexforma Estofados","IAC","https://docs.google.com/document/d/1aZ5W9Hx8QAUirl0FmVGLHaJVq59QKbWhvVQaA-mbNRQ/edit?usp=drivesdk","https://drive.google.com/drive/folders/1jpRjtw7_sDLux4GIfcXt-eZlRoqUTSK5","Andrea","Lucas","17/09/2026","17/09/2026","18/09/2026","","",""
"Setembro/2026","1616","240064700","Rack para TV até 75"" 4 Portas DJ Móveis Helo","IAC","https://docs.google.com/document/d/1WKAggyqiEMlvhJNxMR1xCfFKc6qc9AZ3KlxTsEQaO7c/edit?usp=drivesdk","https://drive.google.com/drive/folders/1reWyOAKyu4dicljE6d3QVRe6CcfhA-wX","Andrea","Lucas","17/09/2026","17/09/2026","18/09/2026","Alteração de áudio","","[21/09/2026] Rack para TV até 75"" 4 Portas DJ Móveis Helo 0:03 - A maneira como fala ""rack"" tá errada. Faltou mostrar compartimento interno. Faltou régua de medidas."
"Setembro/2026","1618","240064100","Painel para TV até 65"" DJ Móveis Ben","IAC","https://docs.google.com/document/d/12DgDU6IzDTIvCj07HX1LTdZurMlgp3EjaWfD_Oxgbl0/edit?usp=drivesdk","https://drive.google.com/drive/folders/1BrkmtHSb-yYxqcXUyjndfG07hlnAetT-","Andrea","Lucas","17/09/2026","17/09/2026","18/09/2026","","",""
"Setembro/2026","1619","240084200","Painel para TV até 70"" DJ Móveis Alana","IAC","https://docs.google.com/document/d/1Jk8qvsZ1mVfI_Y_IHlmSVb_5YbVv6rUqsLhWgjbaIkM/edit?usp=drivesdk","https://drive.google.com/drive/folders/1DPuXl5TA6J62PJqkzw99_qaHU_Dett1C","Andrea","Lucas","17/09/2026","17/09/2026","18/09/2026","","",""
"Setembro/2026","1620","240087700","Sofá 3 Lugares Retrátil Reclinável Suede Hannover Linoforte","IAC","https://docs.google.com/document/d/1JmOYkojbvkGy38icent0RFb26ki9XaWzePAmMpH02hc/edit?usp=drivesdk","https://drive.google.com/drive/folders/16IUQEpr6FINw7_Z3YOI3wh2Lp7W2GR4A","Andrea","Lucas","17/09/2026","17/09/2026","18/09/2026","","",""
"Setembro/2026","1623","240100700","Sofá-cama Lugares Retrátil Bipartido Reclinável Veludo Matrix Nayla","IAC","https://docs.google.com/document/d/1gRC9Q8YHnzKCtimI8gnJVaKMo9YUrX8E2rNZba_58oY/edit?usp=drivesdk","https://drive.google.com/drive/folders/1WN7o8X70RkF0pT8v7Kgy5oOQONgkpPRO","Andrea","Lucas","17/09/2026","17/09/2026","18/09/2026","","",""
"Setembro/2026","1630","240122000","Bicicleta Aro 29"" Colli Viena Freio a Disco 21 Marchas","IAC","https://docs.google.com/document/d/1QXDpgHH3NITHwqfqKwdVjIcPE3eRbphQEaenaf2KdwE/edit?usp=drivesdk","https://drive.google.com/drive/folders/1KYllVylatP4wH_UvmMF1bgMPhNGJV27X","Andrea","Ronan","09/09/2026","09/09/2026","10/09/2026","","",""
"Setembro/2026","1631","240132900","Berço 4 em 1 Branco Moveis Peroba Confort Multi","IAC","https://docs.google.com/document/d/1ug9QNayNPfsAozcj2Fx8pK5dUlXAcvLZ7Qruc6uCYVQ/edit?usp=drivesdk","https://drive.google.com/drive/folders/1Ius2d-qY09Ti_1It1jv0MlR_cupzqXhU","Andrea","Ronan","10/09/2026","11/09/2026","11/09/2026","Alteração de edição","","[15/09/2026] As medidas do berço não foram apresentadas, conforme indicado no roteiro."
"Setembro/2026","1632","240133000","Cômoda de Bebê 3 Gavetas Moveis Peroba Harmonia com Vidro","IAC","https://docs.google.com/document/d/1o-JDX2rYBMsBIjuNeE-gh1vwP1QNA0UiNg4wS2UmyOM/edit?usp=drivesdk","https://drive.google.com/drive/folders/1DMQUqChEY4-ZJayKceTNAGoX4Jn2yXV8","Andrea","Ronan","10/09/2026","11/09/2026","11/09/2026","Reinserção","","[15/09/2026] Não mostrou a parte interna e tbm não mostrou as duas opções de rodapé. Só aparece 01"
"Setembro/2026","1635","240133400","Berço Branco Moveis Peroba Carinho","IAC","https://docs.google.com/document/d/1D94wb8mM9u_k7kpuuO0Vn_ppg0EEEjvm_m_dzjl9iKk/edit?usp=drivesdk","https://drive.google.com/drive/folders/18VpTPutoVEh8wM5e0vmdGKTDKBKr212K","Andrea","Ronan","10/09/2026","11/09/2026","11/09/2026","Reinserção","","[15/09/2026] Berço Branco Moveis Peroba Carinho 00:16 – Na cena em que são apresentadas as opções de cores, os berços aparecem com tamanhos diferentes, dando a impressão de que o modelo de baixo é maior. 00:12 – A cena ficou pouco natural e sem contexto de uso: a mulher passa a cabeça pela madeira do berço, sem a presença de um bebê ou uma ação que justifique esse movimento. Substituir a cena por uma situação de uso mais realista e coerente com o produto. Muuito obrigada!! <https://www.avast.com/sig-email?utm_medium=email&utm_source=link&utm_campaign=sig-email&utm_content=webmail> Não contém vírus.www.avast.com <https://www.avast.com/sig-email?utm_medium=email&utm_source=link&utm_campaign=sig-email&utm_content=webmail> <#DAB4FAD8-2DD7-40BB-A1B8-4E2AA1F9FDF2>"
"Setembro/2026","1647","240144000","Poltrona Decorativa Moderna Matrix Xangai","IAC","https://docs.google.com/document/d/10on3t8Yy5KxnHX1qGXVIhqDxFLrjr9TKRnw0tJ_ZjX0/edit?usp=drivesdk","https://drive.google.com/drive/folders/1-uiSNdCIya6Zc5W1iNsWNCXK0RjD51lV","Andrea","Lucas","17/09/2026","17/09/2026","18/09/2026","","",""
"Setembro/2026","1651","240143300","Poltrona Decorativa com Puff Moderno Matrix Pequim","IAC","https://docs.google.com/document/d/1kCEhSXk5nNC_I6vh2nrd3ISKyRx8WeQ6Hl0y99jaGiA/edit?usp=drivesdk","https://drive.google.com/drive/folders/1ZYU1BN7O8GQ5ZG7wy_AGREiaRDD-7HxL","Andrea","Lucas","17/09/2026","17/09/2026","18/09/2026","","",""
"Setembro/2026","1653","240154800","Cozinha Compacta Valdemóveis Canastra com Balcão 5 Portas 1 Gaveta","IAC","https://docs.google.com/document/d/1GDNj177zAgys9n3AcPkknw6gid6-hDCz-p58p0mGG3g/edit?usp=drivesdk","https://drive.google.com/drive/folders/1rI9mkoVX5_NJLgo1JEQvkI0lVUfm0gAV","Andrea","Lucas","17/09/2026","17/09/2026","18/09/2026","Reinserção","","[21/09/2026] Cozinha Compacta Valdemóveis Canastra com Balcão 5 Portas 1 Gaveta O vídeo todo foi mostrado sem a porta superior esquerda. Dando a entender que o produto não tem ela."
"Setembro/2026","1655","240169600","Berço Portátil Cosco Kids Cozzy até 18kg Rosa","IAC","https://docs.google.com/document/d/1qBCa1Vb-NO6dgjp4jEcWE1bgFRRyIkbEEppB85yfGlA/edit?usp=drivesdk","https://drive.google.com/drive/folders/1-1MYfZrkbEeTy2QPkbrOqwhtJD0As3s4","Andrea","Lucas","17/09/2026","17/09/2026","18/09/2026","","",""
"Setembro/2026","1687","238653000","Refrigerante Sukita Uva 200ml","Lu Oferta","https://docs.google.com/document/d/1e3QhSapOBxppSYeGSSmFU_0Z6dyF3CxjZFMI8bI3J1Q/edit?usp=drivesdk","https://drive.google.com/drive/folders/1ONPXJNB-P5kyj8mqKzBLa5w4tuP29gMO","Andrea","Lucas","25/08/2026","25/08/2026","09/09/2026","","",""
"Setembro/2026","1688","241317300","Liquidificador Mondial Turbo L-1400-LT 1400W 3L Preto e Inox 5477-02","MASTER","https://docs.google.com/document/d/1gun2NFXMJwdP5Y3rGLXoTEwW8v1TnrJucbSZNdgh2Cg/edit?tab=t.0","https://drive.google.com/drive/folders/1OJLP1MLYpFMHzKeIr0TQJIHCc-MuaHw9","Andrea","Bidoia","28/08/2026","28/08/2026","10/09/2026","","",""
"Setembro/2026","1690","241107700","Carregador Portátil/Power Bank ELG PB102BK 10.200mAh","Lu Oferta","https://docs.google.com/document/d/1H594JMlWxi_7ymdGKM5IUzltVOmSmerko5w_16kif2M/edit?usp=drivesdk","https://drive.google.com/drive/folders/1_xHimSgZkbU_sZL_YndksN6SMtawV4i2","Andrea","Anderson","25/08/2026","25/08/2026","11/09/2026","Reinserção","","[15/09/2026] Carregador Portátil/Power Bank ELG PB102BK 10.200mAh 0:03 - A IA colocou a marca do produto no lado esquerdo."
"Setembro/2026","1691","241180200","Armário de Cozinha Compacta Itatiaia Dunas Com Nicho 7 Portas 1 Gaveta 1,80M","IAC","https://docs.google.com/document/d/1JjGr2gHXgDOV2rKSUq7Fb1EVwm4_45qiBGE60WyJFg8/edit?usp=drivesdk","https://drive.google.com/drive/folders/1o_U97RCUgvMIqJJU00h8f_dn2mYEXTlm","Andrea","Lucas","25/08/2026","25/08/2026","09/09/2026","","",""
"Setembro/2026","1693","240881200","Caixa de Som Portátil Bright Audio DW 112 Bluetooth Amplificada Portátil 45 RMS USB","IAC","https://docs.google.com/document/d/1KBVlVszGzaHRDNZoff7Yykm927XnjU_Xs-hlvhCYldY/edit?usp=drivesdk","https://drive.google.com/drive/folders/1Ib_Q0v6iCH2spNtR_4NY5dT8eskxU5rL","Andrea","Lucas","25/08/2026","25/08/2026","09/09/2026","","",""
"Setembro/2026","1697","238521700","Cobertura Chocolate branco Nestle Profissional Galak 1,01kg","Lu Oferta","https://docs.google.com/document/d/12du79hPoeC3006c4oxvgNpZ5EOiHWFEJWd7NEysaACI/edit?usp=drivesdk","https://drive.google.com/drive/folders/14elH8fcjW98_cavX8PHmXYpf2Lnix24x","Andrea","Lucas","24/08/2026","24/08/2026","09/09/2026","","",""
"Setembro/2026","1698","238772100","Pré-Treino Darkness Évora PW 300g Uva","Lu Oferta","https://docs.google.com/document/d/1399s8ew5a9VJQjQ4hieyTIFMtprsNVpI76BLcybcF2k/edit?usp=drivesdk","https://drive.google.com/drive/folders/15MWAF71c0hUIGEwxrEjwWViyTqlFziY-","Andrea","Lucas","24/08/2026","24/08/2026","09/09/2026","","",""
"Setembro/2026","1702","240099700","Leite Condensado Nestle Semidesnatado Moça Profissional 3kg","Lu Oferta","https://docs.google.com/document/d/1AkPG1ETLbzVNAheTXGj58urqUnSbXoXaD06ZYI51lZ0/edit?usp=drivesdk","https://drive.google.com/drive/folders/1skGqCzRClVk6aoO3fEp7E-kGNnDuxDgF","Andrea","Ronan","26/08/2026","26/08/2026","09/09/2026","","",""
"Setembro/2026","1703","240351700","Jogo Adivinhe Quem Eu Sou Lulie Kids","Lu Oferta","https://docs.google.com/document/d/1MgwKwOvT_Q3TyUIyNiv6jMpA01hnMD91DTUhvEqPKLU/edit?usp=drivesdk","https://drive.google.com/drive/folders/13Lpoffx4VG0vcNzL3rOpakt25RuKx_Bo","Andrea","Artioli","26/08/2026","26/08/2026","09/09/2026","","",""
"Setembro/2026","1706","240082100","Creme de Pentear Pantene Pro-V Miracles Biotinamina B3 Antiqueda & Nutrição 240g","Lu Oferta","https://docs.google.com/document/d/1jNJG2wRnsOnw5BKPSOP3Lh-UkBk7zVpWAjpReaMI4GE/edit?usp=drivesdk","https://drive.google.com/drive/folders/1ph6N1VRZgl1BjZ5QXJ6fxRZY_m48fnxq","Andrea","Artioli","26/08/2026","26/08/2026","09/09/2026","","",""
"Setembro/2026","1707","226185900","Whisky Chivas Regal Extra 13 Anos Blended","Lu Oferta","https://docs.google.com/document/d/1lGDgGFepix0h7pyVmQFBYrwHAsbsXBMYU5zAwd2YAbQ/edit?usp=drivesdk","https://drive.google.com/drive/folders/1UA3falPbonTV9ZwvfoMPOKC5MWwM3FSj","Andrea","Bidóia","26/08/2026","26/08/2026","09/09/2026","","",""
"Setembro/2026","1710","240378500","Kit Perfume Feminino Banderas Her Secret Absolu 1 Eau de Parfum de 80ml + 1 Desodorante Spray de 150ml","Lu Oferta","https://docs.google.com/document/d/1soTdDgoOFOQaT1XIgV2s-VTEJhSDiGtdtTyoQx6jqfo/edit?usp=drivesdk","https://drive.google.com/drive/folders/1FRkzpPJ3ZiUk79Qz77VMep61yxqgPkqd","Andrea","Ronan","27/08/2026","27/08/2026","09/09/2026","","",""
"Setembro/2026","1713","086021600","Pote Redondo 4,2L Tramontina 61220/251","IAC","https://docs.google.com/document/d/13T2eRUIpQNbcEuGHY6GeGg_U7RRkygIF1RJl_u-5LPw/edit?usp=drivesdk","https://drive.google.com/drive/folders/1ok1hagIfMgczRTKMjZNems0-OBczgu-y","Andrea","Lucas","19/08/2026","19/08/2026","09/09/2026","","",""
"Setembro/2026","1801","230560100","Cortina Lartex Voil Gelo End 180x280cm","IAC","https://docs.google.com/document/d/1OVGtbj6sdAPhCwtYtXPnu2wYukheMsM-CRbojHuHXUc/edit?usp=drivesdk","https://drive.google.com/drive/folders/1TSESWJRG-DomenRPs_RKB_4lb8m5PMUd","Andrea","Diogo","24/08/2026","28/08/2026","17/09/2026","REINSERÇÃO CENAS IA","31/08","0:03 - A cortina tem 180x280cm. No vídeo ela tá mais curta. 0:17 - A cortina tá mais curta."