diaria,cliente,sku,produto,status,af,em_aberto,resolvido_por,vai_editor,vai_audio,audio,nota,obs
08.09,Kauê,235027100,Conjunto de Frigideiras Antiaderente Tramontina de Alumínio Caribe Vermelho 3 Peças,Alteração,REINSERÇÃO CENAS IA,sim,,sim,,,,"00:04 e 00:10 – As frigideiras aparecem completamente diferentes do modelo original. Foram alterados o formato, a quantidade de parafusos e o cabo, além de ter sido adicionada a logo da marca na parte interna, detalhe que não existe no produto.
00:06 – Foi adicionada a logo da marca no fundo da panela, porém o produto original não possui esse detalhe."
08.09,Kauê,225415400,Sofá 3 Lugares Suede Decore Cascaya Linoforte,Alteração,REINSERÇÃO CENAS IA/Alteração,,16.09 Alteração,,,,,"0:03 - Os pés estão diferentes
0:09 - O sofá ta disponível nas cores Bege, Castanho e Vermelho. Nesse take ele tá cinza. Aparece o rosto de crianças geradas por IA.
0:13 - Pés diferentes.
Faltou régua de medidas."
08.09,Kauê,225415700,Sofá 2 Lugares Suede Decore Cascaya Linoforte,Alteração,REINSERÇÃO CENAS IA/Alteração,sim,,sim,,,,"Faltou régua de medidas.
Esse vídeo tem um replicado em outra cor, essa cor não é mostrada.
O vídeo ficou cansativo, porque o sofá fica mudando de lado o tempo todo. Faltou simulação de uso."
08.09,Kauê,225511800,Sofá Retrátil Reclinável 4 Lugares Suede Moviment Grazzia Linoforte,Alteração,Alteração/áudio,sim,,sim,sim,"""escuma"" em vez de ""espuma"" (0:08)",,"0:08 - Parece que fala ""escuma"" no lugar de ""espuma""
Faltou régua de medidas"
08.09,Kauê,225512500,Sofá Retrátil Reclinável 4 Lugares Suede Moviment Artesano Linoforte,Alteração,Alteração,,16.09 Aprovado,,,,,Faltou régua de medidas
08.09,Kauê,226298200,Frigideira Antiaderente Tramontina de Alumínio Mônaco Induction Preta 28cm,Alteração,REINSERÇÃO CENAS IA,sim,,sim,,,,"0:04 - O detalhe do cabo tá diferente na frigideira da direita.
0:16 - O detalhe do cabo tá diferente"
08.09,Kauê,226773000,Skate Barbie Fun com Kit de Proteção,Alteração,REINSERÇÃO CENAS IA,,14.09 Alteração,,,,,"0:03 - Aparecem duas bolsas e duas cartelas de colantes. No kit vem 1 de cada.
0:05 - Joelheira diferente
0:07 - Joelheira e cotoveleira diferentes
0:16 - Joelheira diferente"
08.09,Kauê,227421700,Smartphone Samsung Galaxy S20 FE 256GB Cloud Navy,Alteração,REINSERÇÃO CENAS IA/áudio,,14.09 Alteração não feita,,,"""Diga"" em vez de ""Giga"" (00:14)",,"00:14 – Na locução, em vez de falar “Giga”, a pronúncia está como “Diga”.
00:18 – Foram adicionadas informações na parte inferior de cada câmera, porém esse detalhe não existe no produto original."
08.09,Kauê,231615000,Carboidrato Probiótica Carb Up Gel Black 10 Sachês 30g Morango,Alteração,REINSERÇÃO CENAS IA,sim,,sim,,,,0:08 - Embalagem diferente.
08.09,Kauê,231654400,Funko Pop! Dragon Ball Kefla Super Saiyan,Alteração,Alteração,,16.09 Aprovado,,,,,0:03 - Vídeo começa com embalagem
08.09,Kauê,230255300,Funko Pop! Animation Dragon Ball Super Gohan N48582,Alteração,REINSERÇÃO CENAS IA,,14.09 Alteração não feita,,,,,"0:09 - Parece que tem brilho no boneco. No original é mais opaco.
0:16 - Tem uma linha na sobrancelha. No original não tem."
08.09,Kauê,231654900,Funko Pop! Ultraman Jack,Alteração,REINSERÇÃO CENAS IA,sim,,sim,,,,"0:11- O boneco mexe, mas o funko é estático"
08.09,Kauê,231656900,Funko Pop! Marvel Zombie Gambit,Alteração,Alteração,,16.09 Alteração,,,,,0:03 - começa o vídeo com produto na embalagem
08.09,Kauê,232049700,Faca para Churrasco Tramontina Inox 4”,Alteração,REINSERÇÃO CENAS IA,,17.09 Aprovado,,,,,"0:04 - Aparecem 11 peças, mas o kit vem 12.
0:08 - Nesse trecho tá dando zoom no logo de ponta cabeça.
0:10 - IA alucinou o logo"
08.09,Kauê,232049500,Faca para Churrasco Tramontina Inox 4”,Alteração,Alteração,,16.09 Aprovado,,,,,0:03 - Vídeo começa com embalagem em pé.
08.09,Kauê,232057100,Chaira Lisa Profissional 12” Tramontina Master,Alteração,REINSERÇÃO CENAS IA,,14.09 Aprovado,,,,,"0:04 - Detalhe no cabo em inox diferente.
0:09 - objeto se move sozinho.
0:12 - objeto se move sozinho.
0:17 - Detalhe no cabo em inox diferente."
08.09,Kauê,232067900,Faca para Legumes Tramontina Inox 3”,Alteração,REINSERÇÃO CENAS IA/Alteração,,17.09 Aprovado,,,,,"0:04 - A cena fica travada
0:16 - Mesma cena aparece duas vezes seguidas
0:18 - Embalagem em pé"
08.09,Kauê,232086200,Pegador de Massas Inox e Nylon Tramontina Utilitá,Alteração,REINSERÇÃO CENAS IA,sim,,sim,,,,00:10 – Os furos do pegador aparecem diferentes do modelo original.
08.09,Kauê,232089000,"Concha de Sorvete Inox Utilitá 21,1cm",Alteração,REINSERÇÃO CENAS IA,sim,,sim,,,,"0:09 - O cabo tá totalmente em inox, mas a pontinha é de plástico branco.
0:10 - O cabo tá totalmente em inox, mas a pontinha é de plástico branco."
08.09,Kauê,232089500,Concha para Molho Inox Tramontina Utilitá Vermelha,Alteração,REINSERÇÃO CENAS IA,,16.09 Alteração,,,,,"0:13 - A concha é de molho mas tá ambientada servindo sopa. São modelos diferentes, pode gerar confusão e sac."
08.09,Kauê,232091700,Colher de Servir Tramontina Utilitá Preto,Alteração,REINSERÇÃO CENAS IA,sim,,sim,,,,"0:15 - A IA mudou a cor do cabo, tá preto."
08.09,Kauê,232095200,Jogo de Colher de Chá Tramontina Dynamic Castanho e Prata 12 Peças,Alteração,REINSERÇÃO CENAS IA,sim,,sim,,,,A colher é de chá. No vídeo TODO aparece sendo usada pra comer sopa
08.09,Kauê,232095100,Jogo de Colher de Chá Tramontina Dynamic Castanho e Prata 3 Peças,Alteração,REINSERÇÃO CENAS IA,,16.09 Alteração,,,,,A colher é de chá. No vídeo TODO aparece sendo usada pra comer sopa
08.09,Kauê,232096900,Jogo de Colher Tramontina Leme 3 Peças,Alteração,Alteração,,16.09 Aprovado,,,,,0:13 - Deu uma piscada no vídeo.
08.09,Kauê,234970100,Conjunto de Utensílios de Nylon Tramontina Ability Vermelho 3 Peças,Alteração,REINSERÇÃO CENAS IA,sim,,sim,,,,00:05 – A espátula aparece diferente do modelo original.
08.09,Kauê,234969900,Conjunto de Utensílios de Nylon Tramontina Ability Preto 3 Peças,Alteração,REINSERÇÃO CENAS IA,sim,,sim,,,,00:18 – A espátula aparece diferente do modelo original.
08.09,Kauê,234976400,Espagueteira Tramontina de Alumínio Antiaderente,Alteração,Alteração áudio,sim,,,sim,"pronúncia de ""Starflon"" (00:06)",,00:06 – A pronúncia de “Starflon” na locução está incorreta.
08.09,Kauê,234980600,Frigideira Antiaderente Tramontina de Alumínio Paris Vermelha 18cm com Espátula,Alteração,REINSERÇÃO CENAS IA,sim,,sim,,,,"00:08 – A frigideira aparece deformada e a IA adicionou a logo da marca no cabo, porém esse detalhe não existe no produto original."
08.09,Kauê,238309000,Frigideira Antiaderente Multiflon de Alumínio Ekó Verde 24cm,Alteração,REINSERÇÃO CENAS IA,sim,,sim,,,,"00:10 – A panela aparenta ser maior do que seu tamanho real e o cabo aparece diferente, com os parafusos de fixação ausentes."
08.09,Kauê,238308500,Frigideira Antiaderente Multiflon de Alumínio Ekó Verde 22cm,Alteração,REINSERÇÃO CENAS IA,sim,,sim,,,,"00:19 – Na cena em que é apresentada a informação sobre o material do cabo, a IA alterou suas características, deixando-o diferente do modelo original."
08.09,Kauê,238438900,"Rack para TV até 86"" Artely Elegance",Alteração,REINSERÇÃO CENAS IA,sim,,sim,,,,"00:07 – Na cena, parece que o tampo superior do rack possui uma profundidade menor do que a prateleira inferior, deixando a estrutura diferente do produto original."
08.09,Kauê,240714100,Bebida Láctea UHT Danone YoPRO+ Chocolate 250ml,Aprovado,Aprovado,,,,,,,
08.09,Kauê,241206500,Geladeira/Refrigerador Esmaltec Cycle Defrost Duplex Branco 277L,Aprovado,Aprovado,,,,,,,
08.09,Kauê,240890200,Berço Portátil Desmontável Baby Style Confort Rosa,Aprovado,Aprovado,,,,,,,
08.09,Kauê,240890000,Carrinho de Bebê Baby Style Runner até 15kg,Aprovado,Aprovado,,,,,,,
08.09,Kauê,240707400,Furadeira de Impacto Black+Decker a Bateria BDCI20C-BR,Aprovado,Aprovado,,,,,,,
08.09,Kauê,240137900,Conjunto de Frigideira e Tapioqueira Multiflon Antiaderente de Alumínio,Aprovado,Aprovado,,,,,,,
08.09,Kauê,230026500,Frigideira 4 Ovos Antiaderente Multiflon,Aprovado,Aprovado,,,,,,,
08.09,Kauê,240686500,Berço Portátil e Desmontável Maxi Baby Lune até 15kg Rosa,Aprovado,Aprovado,,,,,,,
08.09,Kauê,227639900,Carrinho de Bebê Stillo Elite,Aprovado,Aprovado,,,,,,,
08.09,Kauê,237871400,Vinho Tinto Meio Seco Concha y Toro Malbec,Aprovado,Aprovado,,,,,,,
08.09,Kauê,238380900,Playset Barbie Profissões Cafeteria Mattel,Aprovado,Aprovado,,,,,,,
08.09,Kauê,226546000,Vinho Branco Seco Trapiche Roble Chardonnay,Aprovado,Aprovado,,,,,,,
08.09,Kauê,230949000,Vinho Tinto Seco Salton Classic Tannat,Aprovado,Aprovado,,,,,,,
08.09,Kauê,224821900,Cama Casal Móveis Lanza Montreal,Aprovado,Aprovado,,,,,,,
08.09,Kauê,227008900,Kit Alimentação Infantil 3 Peças Buba Animal Fun Unicórnio,Aprovado,Aprovado,,,,,,,
08.09,Kauê,231155500,Troninho Infantil Safety 1st Kingdom 3 em 1,Aprovado,Aprovado,,,,,,,
08.09,Kauê,231155700,Canguru para Bebê Safety 1st Freedom 4 Posições,Aprovado,Aprovado,,,,,,,
08.09,Kauê,231614900,Carboidrato Probiótica Carb Up Gel Black,Aprovado,Aprovado,,,,,,,
08.09,Kauê,232057200,Chaira Lisa Profissional 12” Tramontina Master,Aprovado,Aprovado,,,,,,,
08.09,Kauê,232059400,Espátula para Pizza Inox Tramontina Utilità,Aprovado,Aprovado,,,,,,,
08.09,Kauê,232086700,Raspador de Limão de Inox Tramontina Utilitá,Aprovado,Aprovado,,,,,,,
08.09,Kauê,232087500,Colher de Servir Tramontina Ability Preto,Aprovado,Aprovado,,,,,,,
08.09,Kauê,232088700,Colher de Servir Tramontina Ability Preto,Aprovado,Aprovado,,,,,,,
08.09,Kauê,232089100,"Concha de Sorvete Inox Utilitá 21,1cm",Aprovado,Aprovado,,,,,,,
08.09,Kauê,232097500,Jogo de Colher Tramontina Leme Azul 12 Peças,Aprovado,Aprovado,,,,,,,
08.09,Kauê,232099100,Jogo de Colher Tramontina Ipanema Azul 12 Peças,Aprovado,Aprovado,,,,,,,
08.09,Kauê,232098600,Jogo de Colher Tramontina Ipanema Branco 3 Peças,Aprovado,Aprovado,,,,,,,
08.09,Kauê,232529400,Colchão Solteiro Aiam Colchões de Espuma D-33,Aprovado,Aprovado,,,,,,,
08.09,Kauê,234346600,Jogo de Panelas Hauskraft Revestimento Cerâmico,Aprovado,Aprovado,,,,,,,
08.09,Kauê,234362200,Kit Poltronas com Puff Moderno Matrix Dallas,Aprovado,Aprovado,,,,,,,
08.09,Kauê,234707100,Batedeira Planetária Electrolux Preta Tigela Inox,Aprovado,Aprovado,,,,,,,
08.09,Kauê,234975700,Caldeirão de Alumínio Tramontina Avelã Vermelho,Aprovado,Aprovado,,,,,,,
08.09,Kauê,234976300,"Espagueteira Tramontina de Alumínio Antiaderente com Tampa 7,3L 24cm",Aprovado,Aprovado,,,,,,,
08.09,Kauê,234977300,"Fervedor Tramontina 1,9L 14cm Sicília",Aprovado,Aprovado,,,,,,,
08.09,Kauê,234977800,"Fervedor Tramontina de Alumínio 2,7L 16cm Paris",Aprovado,Aprovado,,,,,,,
08.09,Kauê,234977700,"Fervedor Tramontina de Alumínio 2,7L 16cm Paris",Aprovado,Aprovado,,,,,,,
08.09,Kauê,234981800,Frigideira Antiaderente Tramontina de Alumínio Paris Chumbo 26cm,Aprovado,Aprovado,,,,,,,
08.09,Kauê,234983700,Frigideira Antiaderente Tramontina de Alumínio Paris Vermelha 26cm,Aprovado,Aprovado,,,,,,,
08.09,Kauê,234983400,Frigideira Antiaderente Tramontina de Alumínio Paris Chumbo 24cm,Aprovado,Aprovado,,,,,,,
08.09,Kauê,238191300,Sofá-cama 3 Lugares Casal Reclinável Veludo Matrix Salomé,Aprovado,Aprovado,,,,,,,
08.09,Kauê,238250900,Jogo de Xícaras de Chá 180ml Hauskraft Willow 6 Peças,Aprovado,Aprovado,,,,,,,
08.09,Kauê,238251900,Jogo de Xícaras de Café 80ml Hauskraft Willow 6 Peças,Aprovado,Aprovado,,,,,,,
08.09,Kauê,238254900,Forma para Air Fryer de Silicone Antiaderente com Alças 20cm Hauskraft,Aprovado,Aprovado,,,,,,,
08.09,Kauê,238309400,Frigideira Antiaderente Multiflon de Alumínio Gourmet Cinza 20cm,Aprovado,Aprovado,,,,,,,
08.09,Kauê,238309100,Frigideira Antiaderente Multiflon de Alumínio Gourmet Cinza 22cm,Aprovado,Aprovado,,,,,,,
08.09,Kauê,238309900,Frigideira Antiaderente Multiflon de Alumínio Ekó Verde 20cm,Aprovado,Aprovado,,,,,,,
08.09,Kauê,238332800,Pré-Treino Black Skull By Cedric McMillan Bone,Aprovado,Aprovado,,,,,,,
08.09,Kauê,238438100,"Rack para TV até 75"" Artely Charlotte",Aprovado,Aprovado,,,,,,,
08.09,Kauê,238437500,"Rack para TV até 75"" Artely Charlotte",Aprovado,Aprovado,,,,,,,
08.09,Kauê,238438000,"Rack para TV até 75"" 2 Gavetas Artely Verona",Aprovado,Aprovado,,,,,,,
08.09,Kauê,238549300,Faqueiro Tramontina Inox 24 Peças Amazonas 66960124,Aprovado,Aprovado,,,,,,,
08.09,Kauê,238547700,"Caldeirão Inox Tramontina Fundo Triplo 7,7L 24cm Una",Aprovado,Aprovado,,,,,,,
08.09,Kauê,238550400,Faqueiro Tramontina Inox 48 Peças para Churrasco Berlin Brilho,Aprovado,Aprovado,,,,,,,
08.09,Kauê,238550500,Faqueiro Tramontina Inox 36 Peças para Churrasco Berlin Brilho,Aprovado,Aprovado,,,,,,,
08.09,Kauê,238553100,Faqueiro Tramontina Inox 72 Peças para Churrasco Berlin Brilho,Aprovado,Aprovado,,,,,,,
08.09,Kauê,238550700,Faqueiro Tramontina Inox 24 Peças para Churrasco Berlin Brilho,Aprovado,Aprovado,,,,,,,
08.09,Kauê,238599400,Banco Decorativo Multiuso Cilíndrico Camurça Basic Tramontina,Aprovado,Aprovado,,,,,,,
10.09,Dany,231137000,Pneu Aro 14” XBRI 205/75R14C 109/107R Brutus T/,Aprovado,Aprovado,,,,,,,
10.09,Dany,240347300,Boneca Bebê Realista 42cm com Acessórios,Aprovado,Aprovado,,,,,,,
10.09,Dany,240019300,Jogo de Panelas Panelux Antiaderente de Alumínio Grafite 8 Peças Magnific,Aprovado,Aprovado,,,,,,,
10.09,Dany,240019200,"Cuscuzeira Panelux de Alumínio Antiaderente Magnific 2,4L 16cm",Aprovado,Aprovado,,,,,,,
10.09,Dany,221370700,Antitranspirante Rexona Men Antibacterial Invisible 150 ml,Aprovado,Aprovado,,,,,,,
10.09,Dany,237633100,Leave-in Aussie Hydro-Mania Non Stop Hydration 95ml,Aprovado,Aprovado,,,,,,,
10.09,Dany,235949500,Bicicleta Infantil Aro 16 Track & Bikes Dino,Aprovado,Aprovado,,,,,,,
10.09,Dany,231368100,Creatina Mono-hidratada Creapure em Pó 150g,Aprovado,Aprovado,,,,,,,
10.09,Dany,232886300,Boneca Baby Alive Hora do Suco Morena,Aprovado,Aprovado,,,,,,,
10.09,Dany,241354400,Jogo Monopoly Panini Prizm Copa do Mundo,Aprovado,Aprovado,,,,,,,
10.09,Dany,240245000,Boneca Miyo Minha Pequena Artista,Aprovado,Aprovado,,,,,,,
10.09,Dany,203584000,Albumina Max Titanium Mass Titanium 17500,Aprovado,Aprovado,,,,,,,
10.09,Dany,234978000,Frigideira Antiaderente Tramontina de Alumínio,Aprovado,Aprovado,,,,,,,
10.09,Dany,224121600,"Fervedor Tramontina Antiaderente 1L 13,2cm Loreto",Aprovado,Aprovado,,,,,,,
10.09,Dany,224622000,"Caçarola Hercules Inox Prata 17,5L 36cm Performance PA50-021",Aprovado,Aprovado,,,,,,,
10.09,Dany,234974400,"Caldeirão de Alumínio Tramontina Antiaderente Chumbo 3,1L 18cm Paris",Aprovado,Aprovado,,,,,,,
10.09,Dany,236840700,Frigideira Antiaderente Multiflon de Alumínio com Espátula Color Amarela 20cm,Aprovado,Aprovado,,,,,,,
10.09,Dany,236836500,Frigideira Antiaderente Multiflon de Alumínio,Aprovado,Aprovado,,,,,,,
10.09,Dany,236835700,Frigideira Antiaderente Multiflon de Alumínio com Espátula Color Rosa 20cm,Aprovado,Aprovado,,,,,,,
10.09,Dany,238252300,Jogo de Xícaras de Café 85ml Hauskraft Matte 4 Peças,Aprovado,Aprovado,,,,,,,
10.09,Dany,238252200,Jogo de Xícaras de Café 85ml Hauskraft Matte 4 Peças,Aprovado,Aprovado,,,,,,,
10.09,Dany,238253400,Forma para Air Fryer de Silicone Antiaderente com Alças 20cm Hauskraft,Aprovado,Aprovado,,,,,,,
10.09,Dany,238549100,"Caçarola Tramontina Inox 16cm 1,4L Una",Aprovado,Aprovado,,,,,,,
10.09,Dany,240249300,Hipercalórico FTW Delicious Mass em Pó 3kg Chocolate,Aprovado,Aprovado,,,,,,,
10.09,Dany,241125300,"Amaciante Comfort Concentrado Edição Especial Bridgerton Segredos 10 1,5L",Alteração,REINSERÇÃO CENAS IA,,14.09 Alteração,,,,,"0:10 - A tampa do amaciante tá desproporcional, bem maior do que realmente é."
10.09,Dany,238653000,Refrigerante Sukita Uva 200ml,Alteração,REINSERÇÃO CENAS IA,sim,,sim,,,,"0:00 - IA alucinou o texto
0:06 - IA alucinou o texto
0:09 - IA alucinou o texto"
10.09,Dany,241180200,"Armário de Cozinha Compacta Itatiaia Dunas Com Nicho 7 Portas 1 Gaveta 1,80M",Alteração,Alteração,sim,,sim,,,mostrar parte interna com as fotos do site,Precisa mostrar a parte interna. Temos fotos disponíveis.
10.09,Dany,240881200,Caixa de Som Portátil Bright Audio DW 112 Bluetooth Amplificada Portátil 45 RMS USB,Alteração,REINSERÇÃO CENAS IA,sim,,sim,,,,"0:03 - A alça tá maior que a original
0:09 - O gancho onde pendura a cordinha tá diferente. No original é preto, no vídeo tá em aço."
10.09,Dany,240693300,Balcão de Cozinha Luciane MDF 2 Portas Aura Athenas,Alteração,REINSERÇÃO CENAS IA,sim,,sim,,,,"0:09- Parte interna diferente
0:14 - A bancada tá ambientada como se fizesse parte da pia."
10.09,Dany,238521700,"Cobertura Chocolate branco Nestle Profissional Galak 1,01kg",Alteração,REINSERÇÃO CENAS IA,sim,,sim,,,,"0:01 - IA alucinou texto
0:08 - IA alucinou texto
0:09 - IA alucinou texto"
10.09,Dany,238772100,Pré-Treino Darkness Évora PW 300g Uva,Alteração,REINSERÇÃO CENAS IA,sim,,sim,,,,"0:00 - IA alucinou o texto
0:03 - IA alucinou o texto
0:07 - IA alucinou o texto
0:09 - IA alucinou o texto"
10.09,Dany,240685600,Banheira de Bebê com Suporte Whoop Paraty Branco 23kg,Alteração,REINSERÇÃO CENAS IA/Alteração,sim,,sim,,,,"0:06 - A IA colocou o nome da marca na foto debaixo
0:14 - A IA colocou o nome da marca em ambas fotos
0:18 - Entra uma imagem rapidamente e depois sai."
10.09,Dany,230428100,Laptop Infantil Barbie Bilingue Musical,Alteração,REINSERÇÃO CENAS IA,sim,,sim,,,,0:06 - O desenho da tela tá diferente
10.09,Dany,238648900,Sapateira Organizador Multiuso Dobrável 7 Prateleiras SAP-001 Otello,Alteração,Alteração,sim,,sim,,,régua de medidas,Faltou régua de medidas
10.09,Dany,240099700,Leite Condensado Nestle Semidesnatado Moça Profissional 3kg,Alteração,REINSERÇÃO CENAS IA,sim,,sim,,,,"0:00 - IA alucinou texto da embalagem
0:03 - IA alucinou texto da embalagem
0:07 - Embalagem tá diferente
0:09 - Texto tá alucinado em zoom
0:12 - IA alucinou texto da embalagem"
10.09,Dany,240351700,Jogo Adivinhe Quem Eu Sou Lulie Kids,Alteração,REINSERÇÃO CENAS IA,sim,,sim,,,,"0:02 - A caixa tá completamente diferente.
0:04 - A IA alucinou as mãos e as cartas"
10.09,Dany,224915900,Pneu Aro 18” Pirelli 235/60R18 107V - Scorpion Verde,Alteração,REINSERÇÃO CENAS IA,sim,,sim,,,,0:07 - Tá diferente do original
10.09,Dany,240082100,Creme de Pentear Pantene Pro-V Miracles Biotinamina B3 Antiqueda & Nutrição 240g,Alteração,REINSERÇÃO CENAS IA,sim,,sim,,,,0:09 - IA alucinou o texto
10.09,Dany,237260200,Creme Dental Para Branqueamento Colgate Total 12 Whitening & Advanced Fresh 90g,Alteração,REINSERÇÃO CENAS IA,sim,,sim,,,,"0:01 - A lateral da embalagem tá duplicada.
0:07- A lateral da embalagem tá duplicada."
10.09,Dany,226185900,Whisky Chivas Regal Extra 13 Anos Blended,Alteração,REINSERÇÃO CENAS IA,sim,,sim,,,,0:00 - Tem um contorno iluminado em volta da garrafa
10.09,Dany,237956600,Whisky Jack Daniel's Tennessee Honey Americano 375ml,Alteração,REINSERÇÃO CENAS IA,sim,,sim,,,,IA alucinou texto
10.09,Dany,233891500,Creme Dental Colgate Total Gengiva Saudável Anticárie com Flúor 90g 3 Unidades,Alteração,REINSERÇÃO CENAS IA,sim,,sim,,,,"0:01- texto alucinado
0:04- texto alucinado
0:09- texto alucinado"
10.09,Dany,238424200,Travesseiro Castor Type Látex Pro Bambu,Alteração,Alteração,sim,,sim,,,cortar o trecho do enchimento,"0:06 - Aqui aparece o enchimento dele, mas não temos fotos a respeito."
10.09,Dany,240683200,Shampoo Pantene Pro-V Science Molecular Bond Repair 300ml,Alteração,REINSERÇÃO CENAS IA,sim,,sim,sim,"VERIFICAR: ""vídeo sem som"" — conferir se o áudio existe na pasta ou se é só exportação",,"00:01- IA alucinou texto
00:14- IA alucinou texto
Vídeo sem som."
10.09,Dany,227346300,Fralda para Piscina Descartável Pampers Splashers,Alteração,REINSERÇÃO CENAS IA,sim,,sim,,,,"0:01 - embalagem diferente
0:09 - IA alucinou texto"
10.09,Dany,240378500,Kit Perfume Feminino Banderas Her Secret Absolu 1 Eau de Parfum de 80ml + 1 Desodorante Spray de 150ml,Alteração,REINSERÇÃO CENAS IA,sim,,sim,,,,"0:01 - IA alucinou o texto
0:07 - IA alucinou o texto"
10.09,Dany,240170000,Perfume Victorio & Lucchino Agua Masculinas Jungla Salvaje Edición Limitada Masculino Eau de Toilette 150ml,Alteração,REINSERÇÃO CENAS IA,sim,,sim,,,,"0:07 - O perfume tem notas de toranja, mas aparece uma laranja.
0:12 - Aparecem mexericas, mas não tem esse ingrediente no original."
10.09,Dany,221137300,Fechadura Digital de Porta Biométrica Intelbras,Alteração,REINSERÇÃO CENAS IA,sim,,sim,,,,"0:09 - A parte onde põe o dedo tá diferente
0:15 - Tem uma luz acendendo, mas não sabemos se realmente acende."
10.09,Dany,221420400,"Passadeira a Vapor Cadence Portátil Lisser Pro 1,5L 1500W Branco",Alteração,REINSERÇÃO CENAS IA,sim,,sim,,,,"0:10 - cabo tá diferente
0:14 - cabo tá diferente"
10.09,Dany,086021600,"Pote Redondo 4,2L Tramontina 61220/251",Alteração,REINSERÇÃO CENAS IA,sim,,sim,,,,"0:03 - O pote tá mais alto do que o original
0:07 - O pote tá mais alto do que o original
0:12 - O pote tá mais alto do que o original"
10.09,Dany,214592700,Cortador de Grama Elétrico Black&Decker GR1000 1200W 32cm com 3 Níveis de Corte,Alteração,REINSERÇÃO CENAS IA/Alteração,sim,,sim,,,,"0:14- Tá diferente do original
0:17 - ""lâmina"" tá escrito separado."
10.09,Dany,224822200,Cama Solteiro Móveis Lanza Siena,Alteração,Alteração,sim,,sim,,,régua de medidas,Faltou régua de medidas
10.09,Dany,228705000,Funko Pop! Movies Zombieland Wichita 49102,Alteração,Alteração áudio,sim,,,sim,"locução diz ""Bill Murray""; o Funko é da Wichita — corrigir roteiro e regravar",,"0:03 - Tá falando que o funko é do ""bill murray"", mas é da ""wichita"""
10.09,Dany,228879200,Frigideira Wok Antiaderente Multiflon,Alteração,REINSERÇÃO CENAS IA,,17.09 Aprovado,,,,,No vídeo todo o cabo tá diferente
10.09,Dany,228886800,Back 4 Blood para Xbox One e Xbox Series X,Alteração,REINSERÇÃO CENAS IA/Alteração,sim,,sim,,,cortar a cena violenta,"0:10 - Esse trecho do jogo mostra um homem atirando em um zumbi e saindo sangue. Aqui vale aquele alinhamento antigo para jogos violentos. Não podemos exibir cenas com violência explícita.
0:15 - Texto alucinou
0:18 - Texto alucinou"
10.09,Dany,232049000,Faca para Churrasco Tramontina Inox 4” New Color,Alteração,REINSERÇÃO CENAS IA,sim,,sim,,,,0:05 - Aqui tá em zoom com o nome do fabricante de ponta cabeça.
10.09,Dany,232058800,Espátula para Ovo Tramontina Ability,Alteração,REINSERÇÃO CENAS IA,sim,,sim,,,,0:09 - Modelo diferente
10.09,Dany,235721300,Tampa de Panela de Vidro e Inox Multiflon 22cm,Alteração,Alteração,sim,,sim,,,cortar o trecho do puxador,0:15 - Não temos foto para conferir se o puxador sai dessa forma.
10.09,Dany,236835900,Frigideira Antiaderente Multiflon de Alumínio Color Rosa 24cm com Espátula,Alteração,REINSERÇÃO CENAS IA,sim,,sim,,,,"0:10 - Na foto de cima, o parafuso tá diferente.
0:15 - Tá sem parafuso"
10.09,Dany,236836200,Frigideira Antiaderente Multiflon de Alumínio Color Azul 24cm com Espátula,Alteração,REINSERÇÃO CENAS IA,sim,,sim,,,,"0:05 - Tem parafuso só preto. No original tem 2 em inox
0:15 - Parafuso diferente
0:19 - Parafuso diferente"
10.09,Dany,236862500,Cômoda 5 Gavetas 2 Portas Araplac Malu,Alteração,Alteração,sim,,sim,,,régua de medidas,Faltou régua de medidas
10.09,Dany,238413300,Poltrona Reclinável 3 Posições Matrix Pulse,Alteração,REINSERÇÃO CENAS IA,sim,,sim,,,,"0:16 - No original, o acento é reto."
10.09,Dany,238413600,Poltrona Reclinável Moderna 2 Posições Matrix Caravelli,Alteração,REINSERÇÃO CENAS IA/Alteração,sim,,sim,,,,"00:02 a 00:07 - fica a mesma imagem estática
faltou colocar as cores dos replicados."
10.09,Dany,238433500,"Painel para TV até 75"" Artely Nevada 1 Prateleira",Alteração,REINSERÇÃO CENAS IA,sim,,sim,,,,0:18 - Modelo diferente do original.
10.09,Dany,238437200,"Painel para TV até 75"" Artely Presence 1 Prateleira",Alteração,REINSERÇÃO CENAS IA,sim,,sim,,,,Vídeo todo foi feito com modelo diferente do original
10.09,Dany,238491400,"Armário de Cozinha Luciane Suíça 2 Portas 120x60,6cm",Alteração,Alteração,sim,,sim,,,mostrar parte interna com as fotos do site,Precisa mostrar a parte interna. Temos fotos disponíveis.
10.09,Dany,234767300,Refil de Tinta Epson EcoTank T544120-2P,Alteração,REINSERÇÃO CENAS IA,sim,,sim,,,,"0:13 - a impressora tá diferente do modelo compatível
0:15 - a impressora tá diferente do modelo compatível
0:23 - aqui tbm seria ideal mostrar uma impressora compatível"
10.09,Kauê,241180000,Tábua de Passar Roupa Dobrável Açomix Carla,Aprovado,Aprovado,,,,,,,
10.09,Kauê,240843400,Bebida Mista Beats Green Mix Frutas Verdes 269ml 8 Unidades,Aprovado,Aprovado,,,,,,,
10.09,Kauê,236569800,Pneu Aro 16” 255/70R16 Goodyear 111H AT 2 Direction 2,Aprovado,Aprovado,,,,,,,
10.09,Kauê,241091500,"Pneu Aro 17"" 225/65R17 Westlake 102T SU318 H/T",Aprovado,Aprovado,,,,,,,
10.09,Kauê,240466900,Carrinho de Bebê Cosco Kids Toffy 3 Rodas até 15kg,Aprovado,Aprovado,,,,,,,
10.09,Kauê,240707000,Furadeira de Impacto Black+Decker 450W BED710450,Aprovado,Aprovado,,,,,,,
10.09,Kauê,240196100,Whisky Ballantines Sunshine Abacaxi 700ml,Aprovado,Aprovado,,,,,,,
10.09,Kauê,240558700,Base para Bebê Conforto Cosco Kids Wizz com Isofix até 13kg,Aprovado,Aprovado,,,,,,,
10.09,Kauê,240687800,Cadeira de Alimentação Portátil Maxi Baby Honey 4 Níveis de Altura até 23kg,Aprovado,Aprovado,,,,,,,
10.09,Kauê,240687600,Cadeira de Alimentação Portátil Maxi Baby Honey 4 Níveis de Altura até 23kg,Aprovado,Aprovado,,,,,,,
10.09,Kauê,240688200,Cadeira de Alimentação Portátil Maxi Baby Honey 4 Níveis de Altura até 23kg,Aprovado,Aprovado,,,,,,,
10.09,Kauê,240400300,Lavadora de Alta Pressão Wap Ousada Plus 2200 Ultra 1750 Libras 1500W,Aprovado,Aprovado,,,,,,,
10.09,Kauê,240890400,Carrinho de Bebê Baby Style Runner até 15kg,Aprovado,Aprovado,,,,,,,
10.09,Kauê,241224600,Panela Wok Tramontina Com Tampa Alumínio Antiaderente Starflon Max Loreto Grafite 28cm,Aprovado,Aprovado,,,,,,,
10.09,Kauê,240400100,Furadeira e Parafusadeira de Impacto Wap 700W 2 Peças WF 700FE,Aprovado,Aprovado,,,,,,,
10.09,Kauê,241424300,"Sabão em Pó Surf Explosão de Flores Concentrado Profissional 5,6kg",Aprovado,Aprovado,,,,,,,
10.09,Kauê,240413600,Bicicleta Infantil Aro 12 Verden 10508 Peppa George Azul e Verde com Rodinhas,Aprovado,Aprovado,,,,,,,
10.09,Kauê,240684000,Máscara Reparação Contra Quebra Pantene Pro-V Reconstrução Molecular 270ml,Aprovado,Aprovado,,,,,,,
10.09,Kauê,240744500,Smartwatch Huawei Watch GT 6 41mm Roxo 64GB Bluetooth,Aprovado,Aprovado,,,,,,,
10.09,Kauê,240687900,Berço Portátil e Desmontável Maxi Baby Lune até 15kg Cinza,Aprovado,Aprovado,,,,,,,
10.09,Kauê,240127000,Panela Wok Antiaderente Panelux de Alumínio Maximum Stone Verde 32cm,Aprovado,Aprovado,,,,,,,
10.09,Kauê,240742100,Barra de Proteína Nutrata Grego Whey Beijinho 40g 12 Unidades,Aprovado,Aprovado,,,,,,,
10.09,Kauê,236779600,Vodka Absolut Raspberri - 750 ml,Aprovado,Aprovado,,,,,,,
10.09,Kauê,240351600,Jogo Quebra Pedra Dinossauro Lulie Games,Aprovado,Aprovado,,,,,,,
10.09,Kauê,238840900,Vinho Branco Seco Alamos Chardonnay Argentina 750ml,Aprovado,Aprovado,,,,,,,
10.09,Kauê,240205800,Boneca New Family & Me com Acessórios,Aprovado,Aprovado,,,,,,,
10.09,Kauê,240238100,Boneca Baby Alive Lala Goo Goo Pequenos Goles,Aprovado,Aprovado,,,,,,,
10.09,Kauê,241056400,Fralda Descartável Huggies Máxima Proteção XXXG 18 a 25kg 42 Unidades,Aprovado,Aprovado,,,,,,,
10.09,Kauê,240875900,Espumante Branco Brut Freixenet Classic Cordon Negro 750ml,Aprovado,Aprovado,,,,,,,
10.09,Kauê,230530400,Licor Creme Tia Maria Café 700ml,Aprovado,Aprovado,,,,,,,
10.09,Kauê,181160300,Pista GBF81 Hot Wheels Mattel,Aprovado,Aprovado,,,,,,,
10.09,Kauê,230948500,Vinho Branco Seco Leyda State Sauvignon Blanc,Aprovado,Aprovado,,,,,,,
10.09,Kauê,181254600,Jogo Twister Hasbro,Aprovado,Aprovado,,,,,,,
10.09,Kauê,236923600,Serra Circular Elétrica Wap ESC1500 1500W,Aprovado,Aprovado,,,,,,,
10.09,Kauê,238061800,Kit Talher Infantil Inox Buba Zoo Verde 2 Peças,Aprovado,Aprovado,,,,,,,
10.09,Kauê,238060100,Kit Talher Infantil Inox Buba Zoo Laranja 2 Peças,Aprovado,Aprovado,,,,,,,
10.09,Kauê,238060900,Mordedor para Bebê Buba Zoo Buzininha Elefante,Aprovado,Aprovado,,,,,,,
10.09,Kauê,238128900,Copo de Treinamento com Alças 300ml Buba Panda,Aprovado,Aprovado,,,,,,,
10.09,Kauê,238126000,Copo de Treinamento com Alças 300ml Buba Elefante,Aprovado,Aprovado,,,,,,,
10.09,Kauê,238133300,Bowl de Silicone Rosa Buba 15634 350ml,Aprovado,Aprovado,,,,,,,
10.09,Kauê,238248800,Jogo de Xícaras de Café 85ml Hauskraft Matte 4 Peças,Aprovado,Aprovado,,,,,,,
10.09,Kauê,238256500,Bowl Fibra de Bambú Verde Hauskraft FBBU010/VD 440ml,Aprovado,Aprovado,,,,,,,
10.09,Kauê,238259100,Bowl Fibra de Bambú Bege Hauskraft FBBU010/BG 440ml,Aprovado,Aprovado,,,,,,,
10.09,Kauê,238267500,Prato Raso Cinza de Sobremesa Redondo 20cm Hauskraft FBBU002/CZ,Aprovado,Aprovado,,,,,,,
10.09,Kauê,238269200,Prato Raso Bege Redondo 27cm Hauskraft FBBU003/BG,Aprovado,Aprovado,,,,,,,
10.09,Kauê,238271200,Prato Raso Azul de Sobremesa Redondo 15cm Hauskraft FBBU012/AZ,Aprovado,Aprovado,,,,,,,
10.09,Kauê,238270300,Prato Raso Bege de Sobremesa Redondo 15cm Hauskraft FBBU012/BG,Aprovado,Aprovado,,,,,,,
10.09,Kauê,238271800,Copo Hauskraft FBBU Cinza 300ml,Aprovado,Aprovado,,,,,,,
10.09,Kauê,238278000,Pote de Vidro Hermético Hauskraft com Tampa Redondo 1L Millo,Aprovado,Aprovado,,,,,,,
10.09,Kauê,238276800,"Pote de Vidro Hermético Hauskraft com Tampa Redondo 1,4L Millo",Aprovado,Aprovado,,,,,,,
10.09,Kauê,238277200,"Pote de Vidro Hauskraf com Tampa Redondo 1,3L Max",Aprovado,Aprovado,,,,,,,
10.09,Kauê,238294700,Puff Retangular Mostarda Nantes Matrix,Aprovado,Aprovado,,,,,,,
10.09,Kauê,238294600,Puff Retangular Marrom Nantes Matrix,Aprovado,Aprovado,,,,,,,
10.09,Kauê,238295300,Puff Retangular Bege Nantes Matrix,Aprovado,Aprovado,,,,,,,
10.09,Kauê,238294900,Puff Retangular Cinza Nantes Matrix,Aprovado,Aprovado,,,,,,,
10.09,Kauê,238295600,Puff Retangular Azul Nantes Matrix,Aprovado,Aprovado,,,,,,,
10.09,Kauê,238309800,Frigideira Antiaderente Multiflon de Alumínio Gourmet Cinza 24cm,Aprovado,Aprovado,,,,,,,
10.09,Kauê,238552400,"Caldeirão Inox Tramontina Fundo Triplo 4,6L 20cm Una",Aprovado,Aprovado,,,,,,,
10.09,Kauê,238823600,"Caçarola Tramontina Antiaderente de Alumínio 24cm 4,9L Amêndoa Milazzo",Aprovado,Aprovado,,,,,,,
10.09,Kauê,238824300,Jogo de Panelas Tramontina de Alumínio Rosa 4 Peças Linz,Aprovado,Aprovado,,,,,,,
10.09,Kauê,238820900,"Panela Tramontina Antiaderente de Alumínio Amêndoa 16cm 1,5L Milazzo",Aprovado,Aprovado,,,,,,,
10.09,Kauê,238820300,"Panela Tramontina Antiaderente de Alumínio Amêndoa 18cm 2,1L Milazzo",Aprovado,Aprovado,,,,,,,
10.09,Kauê,238822700,Frigideira de Alumínio Tunis Rosa Trufado 20cm,Aprovado,Aprovado,,,,,,,
10.09,Kauê,238819500,Frigideira de Alumínio Tunis Rosa Trufado 24cm,Aprovado,Aprovado,,,,,,,
10.09,Kauê,238820800,Frigideira de Alumínio Tunis Rosa Trufado 28cm,Aprovado,Aprovado,,,,,,,
10.09,Kauê,238822900,"Caçarola Tramontina de Alumínio 24cm 4,8L Azul MediterrâneoTunis",Aprovado,Aprovado,,,,,,,
10.09,Kauê,238967200,Gabinete para Banheiro 1 Gaveta Móveis Bechara Tóquio,Aprovado,Aprovado,,,,,,,
10.09,Kauê,238967100,Gabinete para Banheiro 1 Gaveta Móveis Bechara Tóquio,Aprovado,Aprovado,,,,,,,
10.09,Kauê,240101900,Guarda-roupa Casal 5 Gavetas 6 Portas Santos Andirá Democrata,Aprovado,Aprovado,,,,,,,
10.09,Kauê,240101300,Guarda-roupa Casal 5 Gavetas 6 Portas Santos Andirá Democrata,Aprovado,Aprovado,,,,,,,
10.09,Kauê,240101800,Cômoda 4 Gavetas Santos Andira Fit,Aprovado,Aprovado,,,,,,,
10.09,Kauê,240101500,Cômoda 4 Gavetas Santos Andira Fit,Aprovado,Aprovado,,,,,,,
10.09,Kauê,240105700,"Estante para TV até 75"" 2 Portas Colibri Jurerê",Aprovado,Aprovado,,,,,,,
10.09,Kauê,240105100,"Estante para TV até 75"" 2 Portas Colibri Jurerê",Aprovado,Aprovado,,,,,,,
10.09,Kauê,240105800,"Estante para TV até 65"" 2 Portas Colibri Belaya",Aprovado,Aprovado,,,,,,,
10.09,Kauê,240106100,"Estante para TV até 65"" 2 Portas Colibri Belaya",Aprovado,Aprovado,,,,,,,
10.09,Kauê,241317300,Liquidificador Mondial Turbo L-1400-LT 1400W 3L Preto e Inox 5477-02,Alteração,REINSERÇÃO CENAS IA,sim,,sim,,,,"00:23 – O botão de ligar do liquidificador aparece diferente do produto original: está prateado e com textura, enquanto o correto é preto e liso."
10.09,Kauê,240687300,Berço Portátil e Desmontável Maxi Baby Lune até 15kg Bege,Alteração,REINSERÇÃO CENAS IA,sim,,sim,,,cliente pede tratar como VÍDEO NOVO (imagens da página estão erradas),"O berço aparece com formato quadrado, porém o produto original possui formato retangular. Como as cenas incorretas foram geradas com base em imagens equivocadas que estão atualmente na página do produto, solicito considerar esta alteração como um vídeo novo, e não como uma correção pontual."
10.09,Kauê,241214000,Frigideira Antiaderente Multiflon de Alumínio com Tampa Indução Petra+ Grafite 28cm,Alteração,REINSERÇÃO CENAS IA,sim,,sim,,,,00:08 – O cabo e a alça da tampa aparecem diferentes do modelo original.
10.09,Kauê,240889500,Berço Portátil Desmontável Baby Style Confort Azul,Alteração,REINSERÇÃO CENAS IA,sim,,sim,,,,"00:07 – Na cena, a IA adicionou um desenho de trava que não existe no produto original."
10.09,Kauê,238119400,Almofada para Carrinho de Bebê Dino Buba Verde,Alteração,Alteração/áudio,sim,,sim,sim,"locução da Lu com efeito metalizado (""dentro de uma lata"") — regravar",retirar as estampas do final,"A locução da Lu está com um efeito metalizado, deixando a voz com aspecto de estar sendo reproduzida “dentro de uma lata”.
Retirar as estampas que entram no final do vídeo. A forma como elas aparecem ficou pouco natural e prejudica o resultado visual"
10.09,Kauê,238130500,Copo de Treinamento com Alça 300ml Buba Lemure,Alteração,Alteração,sim,,sim,,,usar as imagens do fornecedor com o bebê,"O produto é destinado a bebês, porém o vídeo apresenta apenas uma mulher adulta utilizando o copo, o que não representa adequadamente o público e a finalidade do produto. Sugiro utilizar as imagens do fornecedor com o bebê, tornando a demonstração mais coerente e adequada ao produto anunciado."
10.09,Kauê,238253900,Forma para Air Fryer de Silicone Antiaderente com Alças 20cm Hauskraft,Alteração,REINSERÇÃO CENAS IA,sim,,sim,,,,"00:18 – A cena gerada por IA do homem comendo o bolo ficou pouco natural e visualmente incoerente. O bolo aparenta estar muito quente para ser consumido e, além disso, o homem o morde pela parte superior, resultando em uma ação pouco realista e prejudicando a qualidade da cena."
10.09,Kauê,238266900,Prato Raso Cinza Redondo 27cm Hauskraft FBBU003/CZ,Alteração,REINSERÇÃO CENAS IA,sim,,sim,,,,"00:10 – Na cena, a pessoa pega um garfo e, em seguida, um pão aparece voando do nada, deixando a ação pouco natural e evidenciando uma inconsistência gerada pela IA."
10.09,Kauê,238820700,Jogo de Panelas Tramontina de Alumínio Preta 4 Peças Linz,Alteração,Alteração áudio,sim,,,sim,"""PFOA"" pronunciado muito pausado — ajustar pronúncia e ritmo",,"A palavra “PFOA” é pronunciada de forma muito pausada, deixando evidente o aspecto artificial da locução. Ajustar a pronúncia e o ritmo para que a fala fique mais natural e fluida."
10.09,Kauê,240122000,"Bicicleta Aro 29"" Colli Viena Freio a Disco 21 Marchas",Alteração,REINSERÇÃO CENAS IA,sim,,sim,,,,"00:13 – Na cena, aparecem duas cintas segurando o cesto, porém esse detalhe não existe no produto original."
10.09,Kauê,240122300,"Bicicleta Aro 29"" Colli Viena Freio a Disco 21 Marchas",Alteração,REINSERÇÃO CENAS IA,sim,,sim,,,,"00:13 – Na cena, aparecem duas cintas segurando o cesto, porém esse detalhe não existe no produto original."
11.09,Dany,240989200,Perfume Adolfo Dominguez Água Fresca Pomelo Eau de Toilette 120ml,Aprovado,Aprovado,,,,,,,
11.09,Dany,240648500,Kit de Maquiagem Eudora Niina Secrets Celebration 2 Itens,Aprovado,Aprovado,,,,,,,
11.09,Dany,043184800,Just Dance 2020 para PS4,Aprovado,Aprovado,,,,,,,
11.09,Dany,227019300,Pelúcia Sansão Turma da Mônica 43cm,Aprovado,Aprovado,,,,,,,
11.09,Dany,238162200,Boneca Baby Alive Harper Hugs Bebê Shampoo,Aprovado,Aprovado,,,,,,,
11.09,Dany,238424500,Travesseiro Castor Sleep,Aprovado,Aprovado,,,,,,,
11.09,Dany,238516300,Boneca Club Girls Banho com Roupão Fralda,Aprovado,Aprovado,,,,,,,
11.09,Dany,221664600,Sabonete Líquido Lux Botanicals Buquê de Jasmim 200ml Refil,Aprovado,Aprovado,,,,,,,
11.09,Dany,240180200,Playset Patrulha Canina Fire Rescue Estação,Aprovado,Aprovado,,,,,,,
11.09,Dany,240404500,Torradeira de Brinquedo Happy Family Mini,Aprovado,Aprovado,,,,,,,
11.09,Dany,232150000,Cortina Lartex Voil Café Wound 230x270cm,Aprovado,Aprovado,,,,,,,
11.09,Dany,241244000,Carrinho Hot Wheels XL Mattel,Aprovado,Aprovado,,,,,,,
11.09,Dany,240376000,Perfume Adolfo Dominguez Iris Vainilla Feminino Eau de Parfum 120ml,Aprovado,Aprovado,,,,,,,
11.09,Dany,237870200,Vinho Tinto Seco Concha y Toro Casillero del,Aprovado,Aprovado,,,,,,,
11.09,Dany,226546100,Vinho Tinto Seco Trapiche Roble Malbec 750ml,Aprovado,Aprovado,,,,,,,
11.09,Dany,238840400,Vinho Tinto Seco Carmen Insigne Cabernet Sauvignon Chile 750ml,Aprovado,Aprovado,,,,,,,
11.09,Dany,043189000,Jogo Transformers Campos de Batalha para PS4,Aprovado,Aprovado,,,,,,,
11.09,Dany,240812700,Ômega 3 Nestlé Nutren EPA & DHA 60 Cápsulas,Aprovado,Aprovado,,,,,,,
11.09,Dany,240215400,Jogo Imagem e Ação: Maluco Tabuleiro Grow,Aprovado,Aprovado,,,,,,,
11.09,Dany,086077500,Faca Tramontina Inox,Aprovado,Aprovado,,,,,,,
11.09,Dany,230560800,Cortina Lartex Voil Cinza Claro Antun 230x270cm,Aprovado,Aprovado,,,,,,,
11.09,Dany,235666400,Sofá 3 Lugares Suede Marselha Linoforte,Aprovado,Aprovado,,,,,,,
11.09,Dany,235720900,Tampa de Panela de Vidro e Inox Multiflon 14cm,Aprovado,Aprovado,,,,,,,
11.09,Dany,235721000,Tampa de Panela de Vidro e Inox Multiflon 16cm,Aprovado,Aprovado,,,,,,,
11.09,Dany,235721200,Tampa de Panela de Vidro e Inox Multiflon 20cm,Aprovado,Aprovado,,,,,,,
11.09,Dany,236836700,Frigideira Wok Antiaderente Multiflon de Alumínio Color Rosa 24cm,Aprovado,Aprovado,,,,,,,
11.09,Dany,238272600,Prato Raso Marrom de Sobremesa Redondo 20cm Hauskraft FBBU002/MR,Aprovado,Aprovado,,,,,,,
11.09,Dany,238273200,Copo Hauskraft FBBU Bege 300ml,Aprovado,Aprovado,,,,,,,
11.09,Dany,238276300,Pote de Vidro Hauskraf com Tampa Redondo 1L Max,Aprovado,Aprovado,,,,,,,
11.09,Dany,238823200,Jogo de Panelas Tramontina de Alumínio Azul Mediterrâneo 4 Peças Tunis,Aprovado,Aprovado,,,,,,,
11.09,Dany,238820100,Jogo de Panelas Tramontina de Alumínio Rosa Trufado 4 Peças Tunis,Aprovado,Aprovado,,,,,,,
11.09,Dany,238824500,"Panela Tramontina Antiaderente de Alumínio Rosa Trufado 16cm 1,35L Tunis",Aprovado,Aprovado,,,,,,,
11.09,Dany,238821000,Panela Tramontina Antiaderente de Alumínio Rosa Trufado 18cm 2L Tunis,Aprovado,Aprovado,,,,,,,
11.09,Dany,240000300,Kit Mesa de Cabeceira Moderno Éden Caemmun,Aprovado,Aprovado,,,,,,,
11.09,Dany,240001100,Kit Mesa de Cabeceira Moderno Éden Caemmun,Aprovado,Aprovado,,,,,,,
11.09,Dany,240001000,Cômoda Multiuso 3 Gavetas Caemmun Éden,Aprovado,Aprovado,,,,,,,
11.09,Dany,240008900,Painel para TV até 65” Caemmun Mondrian,Aprovado,Aprovado,,,,,,,
11.09,Dany,240132500,Cômoda Infantil 3 Gavetas Moveis Peroba Magia,Aprovado,Aprovado,,,,,,,
11.09,Dany,240133500,Guarda-roupa 2 Gavetas 3 Portas Moveis Peroba Harmonia,Aprovado,Aprovado,,,,,,,
11.09,Dany,240134300,Guarda-roupa 2 Gavetas 3 Portas Moveis Peroba Harmonia,Aprovado,Aprovado,,,,,,,
11.09,Dany,240134500,Berço Mini Cama Branco Moveis Peroba Anjinho,Aprovado,Aprovado,,,,,,,
11.09,Dany,240136800,Frigideira Antiaderente Multiflon de Alumínio Gourmet Vermelho 16cm e 20cm,Aprovado,Aprovado,,,,,,,
11.09,Dany,241107700,Carregador Portátil/Power Bank ELG PB102BK 10.200mAh,Alteração,REINSERÇÃO CENAS IA,sim,,sim,,,,0:03 - A IA colocou a marca do produto no lado esquerdo.
11.09,Dany,240813600,Cápsula de Café Espresso Nestlé 100% Árabica Nescafé Dolce Gusto Kopenhagen 10 Cápsulas,Alteração,REINSERÇÃO CENAS IA,sim,,sim,,,,0:09 - Parece que a embalagem tá flutuando
11.09,Dany,226499400,Espumante Rosé Brut Codorníu Clasico,Alteração,REINSERÇÃO CENAS IA,sim,,sim,,,,"Cena de abertura e fechamento – A embalagem da garrafa aparece diferente entre as duas cenas, gerando uma inconsistência na apresentação do produto."
11.09,Dany,235720800,Tampa de Panela de Vidro e Inox Multiflon 10cm,Alteração,Alteração,sim,,sim,,,,0:04 - Ajustar transição abrupta.
11.09,Dany,236836600,Frigideira Wok Antiaderente Multiflon de Alumínio Color Amarelo 24cm,Alteração,REINSERÇÃO CENAS IA/Alteração,sim,,sim,,,,"0:02 - Na hora da transição, aparecem duas linhas verticais nas laterais esquerda e direita.
0:09 - A IA acrescentou um texto dentro da frigideira
0:15 - A IA acrescentou um texto dentro da frigideira"
11.09,Dany,236836900,Frigideira Wok Antiaderente Multiflon de Alumínio Color Rosa 28cm,Alteração,REINSERÇÃO CENAS IA,sim,,sim,,,,0:11 - A IA acrescentou um texto dentro da frigideira
11.09,Dany,236837000,Frigideira Wok Antiaderente Multiflon de Alumínio Color Azul 24cm,Alteração,Alteração,sim,,sim,,,linha preta na lateral — recortar/reenquadrar,0:02 - Aparece uma linha preta vertical no lado esquerdo.
11.09,Dany,237902600,Kit Refeição Infantil Buba Zoo Leão 3 Peças Laranja,Alteração,REINSERÇÃO CENAS IA,sim,,sim,,,,"0:07 - Aparece uma caixa e um babador que não fazem parte do jogo. Pode gerar confusão.
0:12 - Aparece a caixa novamente."
11.09,Dany,238133700,Bowl de Silicone Verde Buba 15635 350ml,Alteração,REINSERÇÃO CENAS IA/Alteração,sim,,sim,,,,"Foi utilizada uma cena de uma pessoa despejando leite no bowl de uma altura excessiva, deixando a ação pouco natural e sem coerência com uma situação real de uso do produto. Substituir a cena por uma demonstração mais natural e realista.
Última cena – O mesmo trecho foi utilizado duas vezes de forma cortada, deixando o encerramento repetitivo e, além disso, o produto não é apresentado de forma adequada. Substituir a cena por uma apresentação mais clara do produto, evitando a repetição do mesmo trecho."
11.09,Dany,238131600,Bowl de Silicone Azul Buba 15633 350ml,Alteração,REINSERÇÃO CENAS IA,sim,,sim,,,,"0:11 - O bowl é para bebês a partir de 06 meses, mas mostra uma pessoa adulta comendo nele."
11.09,Dany,238829000,Gaveteiro para Quarto 2 Gavetas Multivisão Decore FLOW-UV-PR,Alteração,REINSERÇÃO CENAS IA/Alteração,sim,,sim,,,,"O principal diferencial deste produto é que ele é 2 em 1, tem pés removíveis e pode ser usado tanto no chão, quanto suspenso. Mas só é mostrado suspenso.
0:19 - A forma como as opções de cores do guarda-roupa estão sendo apresentadas ficou visualmente ruim e não permite que o cliente visualize com clareza as cores disponíveis.
Faltou régua de medidas"
11.09,Dany,238855900,Guarda-roupa Casal 4 Gavetas 6 Portas Caemmun Apollo,Alteração,Alteração,sim,,sim,,,,00:20 – A forma como as opções de cores do guarda-roupa estão sendo apresentadas ficou visualmente ruim e não permite que o cliente visualize com clareza as cores disponíveis
11.09,Dany,238946100,Cômoda com Espelho 6 Gavetas 1 Porta Móveis Lanza Atenas,Alteração,Alteração,sim,,sim,,,,"Faltou foto da parte interna.
0:17 - A forma como as opções de cores do guarda-roupa estão sendo apresentadas ficou visualmente ruim e não permite que o cliente visualize com clareza as cores disponíveis"
11.09,Dany,238967500,Gabinete para Banheiro Aéreo com Cuba e Espelheira 4 Portas Móveis Bechara Londres,Alteração,Alteração,sim,,sim,,,,"Faltou a régua de medida da espelheira.
Não mostrou a parte de dentro do gabinete."
11.09,Dany,238996900,Mesa Dobrável Multiuso 240cm Otello DOB-BR3,Alteração,Alteração,sim,,sim,,,,"0:06 - As linhas de profundidade e altura não foram colocadas. Do jeito que está, não dá pra saber qual é qual."
11.09,Dany,238996500,"Mesa Dobrável Multiuso 1,80m Otello DOB-BR2",Alteração,Alteração,sim,,sim,,,,0:07 - 180cm está posicionado errado. Estão faltando as linhas da altura e profundidade.
11.09,Dany,240000500,Cabeceira Casal Caemmun Éden Cacao e Lamina Mel,Alteração,REINSERÇÃO CENAS IA/Alteração,,15.09 Aprovado,,,,,"0:17 - Aqui é mostrado a cabeceira junto das duas mesas de cabeceira. Mas elas não vem junto. Precisa mostrar apenas a cabeceira sozinha neste trecho.
Seria interessante em outro trecho, onde mostra as mesas de cabeceiras, colocar um TL avisando que não fazem parte da cabeceira."
11.09,Dany,240132900,Berço 4 em 1 Branco Moveis Peroba Confort Multi,Alteração,Alteração,sim,,sim,,,,"As medidas do berço não foram apresentadas, conforme indicado no roteiro."
11.09,Dany,240133000,Cômoda de Bebê 3 Gavetas Moveis Peroba Harmonia com Vidro,Alteração,Alteração,sim,,sim,,,,Não mostrou a parte interna e tbm não mostrou as duas opções de rodapé. Só aparece 01
11.09,Dany,240133400,Berço Branco Moveis Peroba Carinho,Alteração,REINSERÇÃO CENAS IA/Alteração,sim,,sim,,,,"00:16 – Na cena em que são apresentadas as opções de cores, os berços aparecem com tamanhos diferentes, dando a impressão de que o modelo de baixo é maior.
00:12 – A cena ficou pouco natural e sem contexto de uso: a mulher passa a cabeça pela madeira do berço, sem a presença de um bebê ou uma ação que justifique esse movimento. Substituir a cena por uma situação de uso mais realista e coerente com o produto."
14.09,Dany,241128900,Controle para Xbox sem Fio EP2-40578 Microsoft Pulse Red,Aprovado,Aprovado,,,,,,,
14.09,Dany,237818300,Fralda Pampers Pants Ajuste Total Tamanho XXG (14-18kg) 120 Unidades,Aprovado,Aprovado,,,,,,,
14.09,Dany,238291900,"Bicicleta Infantil Aro 16"" TK3 Track Flip Fire Preta e Amarela com Banco de Mobilete e Rodinhas Freio V-Brake",Aprovado,Aprovado,,,,,,,
14.09,Dany,238839000,Sofá 2 Lugares Suede Adágio Linoforte,Aprovado,Aprovado,,,,,,,
14.09,Dany,240647400,Loção Hidratante Corporal Pampers 51929 Infantil 400ml,Aprovado,Aprovado,,,,,,,
14.09,Dany,240205600,Boneca com Mamadeira e Chupeta,Aprovado,Aprovado,,,,,,,
14.09,Dany,226773100,Skate Hot Wheels Fun com Kit de Proteção,Aprovado,Aprovado,,,,,,,
14.09,Dany,227696900,Papel de Parede Infantil Creme Balões Vinílico,Aprovado,Aprovado,,,,,,,
14.09,Dany,232057100,Chaira Lisa Profissional 12” Tramontina Master,Aprovado,Aprovado,,,,,,,
14.09,Dany,232102700,"Garfo Trinchante Tramontina Aço Inox Plenus 26,1cm",Aprovado,Aprovado,,,,,,,
14.09,Dany,238254400,Forma para Air Fryer de Silicone Quadrada Antiaderente com Alças Hauskraft,Aprovado,Aprovado,,,,,,,
14.09,Dany,238271900,Copo Hauskraft FBBU Marrom 300ml,Aprovado,Aprovado,,,,,,,
14.09,Dany,241125300,"Amaciante Comfort Concentrado Edição Especial Bridgerton Segredos 10 1,5L",Alteração,REINSERÇÃO CENAS IA,sim,,sim,,,,0:09 - A tampa do amaciante tá maior do que realmente é
14.09,Dany,241222000,"Bicicleta Elétrica Scooter Aro 10"" Lev Onn P1000 1000W",Alteração,REINSERÇÃO CENAS IA,sim,,sim,,,,"0:08 - A IA adicionou o logo da marca do lado direito.
0:13 - Tá diferente do modelo original"
14.09,Dany,241424500,"Sabão Líquido Omo Lavagem Perfeita Concentrado 1,8L",Alteração,REINSERÇÃO CENAS IA,sim,,sim,,,,"0:07 - IA alucinou texto
0:13 - IA alucinou texto"
14.09,Dany,241324900,"Panela de Pressão Rochedo 4,5L Antiaderente Preto e Cinza Stone Pro Clipso",Alteração,REINSERÇÃO CENAS IA,sim,,sim,,,,"0:03 - Tá ambientada em fogão de indução, mas ela não pode ir nele.
0:16 - O botão tá diferente
0:19 - Tá ambientada em fogão de indução, mas ela não pode ir nele."
14.09,Dany,226773000,Skate Barbie Fun com Kit de Proteção,Alteração,REINSERÇÃO CENAS IA,sim,,sim,,,,"0:03 - Aparecem duas bolsas e duas cartelas de colantes. No kit vem 1 de cada.
0:05 - Joelheira diferente
0:07 - Joelheira e cotoveleira diferentes
0:16 - Joelheira diferente"
14.09,Dany,226911600,Aspirador de Pó Portátil e Vertical Britânia,Alteração,REINSERÇÃO CENAS IA,sim,,sim,,,,"0:02 - Tem um cabo saindo da alça do aspirador.
0:06 - O reservatório do original é meio transparente, dá pra enxergar dentro. No vídeo não tá. Tem um cabo saindo da alça do aspirador.
0:09 - Tem um cabo saindo da alça do aspirador."
14.09,Dany,232056800,"Boleador 2,9cm Tramontina Utilitá Branco",Alteração,REINSERÇÃO CENAS IA,,17.09 Aprovado,,,,,0:11 - O cabo está diferente
14.09,Dany,235690600,Sofá 2 Lugares Suede Marselha Linoforte,Alteração,REINSERÇÃO CENAS IA,sim,,sim,,,,"0:13 a 0:24- O sofá o código do sofá é de 2 lugares, mas aparece um com 3 lugares"
14.09,Dany,225588700,[B]IAC_225588700_Frigideira Antiaderente Hercules de Alum¡nio.mp4,Aprovado,Aprovado,,,,,,,Aprovado
14.09,Dany,230924900,[B]IAC_230924900_Hipercal¢rico Max Titanium Sugar Gainers em P¢.mp4,Aprovado,Aprovado,,,,,,,Aprovado
14.09,Dany,232057200,"[B]IAC_232057200_Chaira Lisa Profissional 12"" Tramontina Master.mp4",Aprovado,Aprovado,,,,,,,Aprovado
14.09,Dany,232059400,[B]IAC_232059400_Esp tula para Pizza Inox Tramontina Utilit….mp4,Aprovado,Aprovado,,,,,,,Aprovado
14.09,Dany,232086700,[B]IAC_232086700_Raspador de LimÆo de Inox Tramontina Utilit .mp4,Aprovado,Aprovado,,,,,,,Aprovado
14.09,Dany,232087500,[B]IAC_232087500_Colher de Servir Tramontina Ability Preto.mp4,Aprovado,Aprovado,,,,,,,Aprovado
14.09,Dany,232088700,[B]IAC_232088700_Colher de Servir Tramontina Ability Preto.mp4,Aprovado,Aprovado,,,,,,,Aprovado
14.09,Dany,232097500,[B]IAC_232097500_Jogo de Colher Tramontina Leme Azul 12 Pe‡as.mp4,Aprovado,Aprovado,,,,,,,Aprovado
14.09,Dany,232098600,[B]IAC_232098600_Jogo de Colher Tramontina Ipanema Branco 3 Pe‡as.mp4,Aprovado,Aprovado,,,,,,,Aprovado
14.09,Dany,232099100,[B]IAC_232099100_Jogo de Colher Tramontina Ipanema Azul 12 Pe‡as.mp4,Aprovado,Aprovado,,,,,,,Aprovado
14.09,Dany,232102500,[B]IAC_232102500_Garfo Trinchante Tramontina A‡o Inox Plenus.mp4,Aprovado,Aprovado,,,,,,,Aprovado
14.09,Dany,241125200,[B]lof_241125200_amaciante_comfort_bridgerton.mp4,Aprovado,Aprovado,,,,,,,Aprovado
14.09,Dany,227008900,[C]IAC_227008900_Kit Alimenta‡Æo Infantil 3 Pe‡as Buba Animal Fun Unic¢rnio.mp4,Aprovado,Aprovado,,,,,,,Aprovado
14.09,Dany,231155500,[C]IAC_231155500_Troninho Infantil Safety 1st Kingdom 3 em 1.mp4,Aprovado,Aprovado,,,,,,,Aprovado
14.09,Dany,231155700,[C]IAC_231155700_Canguru para Bebˆ Safety 1st Freedom 4 Posi‡äes.mp4,Aprovado,Aprovado,,,,,,,Aprovado
14.09,Dany,232529400,[C]IAC_232529400_ColchÆo Solteiro Aiam Colchäes de Espuma D-33.mp4,Aprovado,Aprovado,,,,,,,Aprovado
14.09,Dany,236707800,[C]IAC_236707800_Kit Refei‡Æo Infantil Buba Animal Fun LeÆo.mp4,Aprovado,Aprovado,,,,,,,Aprovado
14.09,Dany,241206500,IAC 241206500 241206400 Geladeira_B.mp4,Aprovado,Aprovado,,,,,,,Aprovado
14.09,Dany,241384500,IAC_241384500B.mp4,Aprovado,Aprovado,,,,,,,Aprovado
14.09,Dany,240714100,Lu_Oferta_240714100_Bebida L ctea UHT Danone_B.mp4,Aprovado,Aprovado,,,,,,,Aprovado
14.09,Dany,230255300,Funko Pop! Animation Dragon Ball Super Gohan N48582,Alteração não feita,REINSERÇÃO CENAS IA,sim,,sim,,,ALTERAÇÃO NÃO FEITA — pedida na 08.09 e devolvida igual,"0:09 - Parece que tem brilho no boneco. No original é mais opaco.
0:16 - Tem uma linha na sobrancelha. No original não tem."
14.09,Dany,232049700,Faca para Churrasco Tramontina Inox 4”,Alteração não feita,REINSERÇÃO CENAS IA,,17.09 Aprovado,,,,ALTERAÇÃO NÃO FEITA — pedida na 08.09 e devolvida igual,"0:04 - Aparecem 11 peças, mas o kit vem 12.
0:08 - Nesse trecho tá dando zoom no logo de ponta cabeça.
0:10 - IA alucinou o logo"
14.09,Dany,232100000,Jogo de Colher Tramontina Ipanema Branco 3 Pe‡as,Alteração não feita,Alteração não feita,sim,,sim,,,ALTERAÇÃO NÃO FEITA — pedido original é anterior a 08.09 (ver AJ na planilha),Não foi feita a alteração solicitada
14.09,Dany,232102600,Garfo Trinchante Tramontina A‡o Inox Plenus,Alteração não feita,Alteração não feita,sim,,sim,,,ALTERAÇÃO NÃO FEITA — pedido original é anterior a 08.09 (ver AJ na planilha),Não foi feita a alteração solicitada
14.09,Dany,232102800,Jogo de Garfos de Mesa Tramontina Inox New Kolor 3 Pe‡as,Alteração não feita,Alteração não feita,sim,,sim,,,ALTERAÇÃO NÃO FEITA — pedido original é anterior a 08.09 (ver AJ na planilha),Não foi feita a alteração solicitada
14.09,Dany,232105600,Jogo de Garfos de Mesa Tramontina Inox Ipanema 12 Pe‡as,Alteração não feita,Alteração não feita,sim,,sim,,,ALTERAÇÃO NÃO FEITA — pedido original é anterior a 08.09 (ver AJ na planilha),Não foi feita a alteração solicitada
14.09,Dany,227421700,Smartphone Samsung Galaxy S20 FE 256GB Cloud Navy,Alteração não feita,REINSERÇÃO CENAS IA/áudio,sim,,sim,sim,"""Diga"" em vez de ""Giga"" (00:14)",ALTERAÇÃO NÃO FEITA — pedida na 08.09 e devolvida igual,"00:14 – Na locução, em vez de falar “Giga”, a pronúncia está como “Diga”.
00:18 – Foram adicionadas informações na parte inferior de cada câmera, porém esse detalhe não existe no produto original."
14.09,Dany,238945900,IAC_238945900,Alteração não feita,Alteração não feita,,15.09 Alteração,,,,ALTERAÇÃO NÃO FEITA — pedido original é anterior a 08.09 (ver AJ na planilha),Não foi feita a alteração solicitada
15.09,Kauê,217689200,Jogo de Facas Tramontina Plenus 3 Peças,Alteração,REINSERÇÃO CENAS IA,sim,,sim,,,,"O jogo de facas aparece totalmente diferente do produto anunciado, com alterações nas características e na composição do conjunto. Corrigir as cenas para que as facas apresentadas correspondam fielmente ao modelo original."
15.09,Kauê,240254800,Boneco Disney Stitch 30cm com Comidinhas,Alteração,REINSERÇÃO CENAS IA,sim,,sim,,,,"00:05 – Na cena, aparecem acessórios que não acompanham o boneco. A apresentação desses itens pode levar o cliente a entender que eles fazem parte do produto anunciado, gerando uma expectativa incorreta sobre o conteúdo da embalagem."
15.09,Kauê,240196200,"Vodka Orloff Tradicional 6844 1,75L",Alteração,REINSERÇÃO CENAS IA,sim,,sim,,,,"00:05 – Na cena em que o homem prepara uma batida com a vodka, a IA apresenta uma inconsistência evidente: começam a surgir líquidos pela parte inferior do misturador, deixando a ação artificial e pouco realista. Substituir a cena, garantindo que, ao ambientar o produto com pessoas, as ações sejam coerentes e compatíveis com uma situação real de uso, evitando resultados que evidenciem a geração por IA."
15.09,Kauê,238945900,Guarda-roupa Casal com Espelho 5 Gavetas 3 Portas de Correr Móveis Lanza Milão,Alteração,REINSERÇÃO CENAS IA,sim,,sim,,,,"00:05 – O tamanho do guarda-roupa foi alterado na cena, fazendo com que ele pareça menor do que realmente é. Solicito ajustar a proporção para representar corretamente as dimensões do produto anunciado."
15.09,Kauê,241384500,Forno Elétrico de Bancada Philco Grill 55L com Lâmpada Branco PFE57,Aprovado,Aprovado,,,,,,,
15.09,Kauê,241356600,Cafeteira Cadence Single Up 2 Cafés Preta e Vermelha CAF230,Aprovado,Aprovado,,,,,,,
15.09,Kauê,240121400,Guarda-roupa Casal 4 Gavetas 4 Portas Demobile Laredo,Aprovado,Aprovado,,,,,,,
15.09,Kauê,241386000,Mini Figura Surpresa Copa do Mundo FIFA 2026,Aprovado,Aprovado,,,,,,,
15.09,Kauê,238823300,Jogo de Facas para Churrasco Tramontina Inox com Tábua Plenus 4 Peças,Aprovado,Aprovado,,,,,,,
15.09,Kauê,238933400,Azeite de Oliva Extravirgem Casa Gallo Master Blenders Rossio,Aprovado,Aprovado,,,,,,,
15.09,Kauê,226188200,Tequila Don Julio Prata Blanco,Aprovado,Aprovado,,,,,,,
15.09,Kauê,231645800,Barbie Mini Conjunto Com Pets 26cm,Aprovado,Aprovado,,,,,,,
15.09,Kauê,238624400,Boneca Baby Alive Pequenos Sonhos com Acessórios,Aprovado,Aprovado,,,,,,,
15.09,Kauê,240245600,Boneca Love Bebe Minha Naninha Preferida,Aprovado,Aprovado,,,,,,,
15.09,Kauê,237370400,Licor Amarula Coco Baunilha e Caramelo Vegan,Aprovado,Aprovado,,,,,,,
15.09,Kauê,238152200,Jogo 7 Wonders: 2ª Edição Tabuleiro Galápagos,Aprovado,Aprovado,,,,,,,
15.09,Kauê,240374800,Perfume Banderas The Secret Masculino Eau de Toilette 50ml,Aprovado,Aprovado,,,,,,,
15.09,Kauê,240411100,Boneca Cabelo Loiro Mattel,Aprovado,Aprovado,,,,,,,
15.09,Kauê,240347000,Playset Família Coelho Quarto 20 Peças,Aprovado,Aprovado,,,,,,,
15.09,Kauê,230266300,Boneco Luccas Neto Os Aventureiros Super Foca,Aprovado,Aprovado,,,,,,,
15.09,Kauê,240205900,Boneca Hora de dormir Ana Julia com Acessórios,Aprovado,Aprovado,,,,,,,
15.09,Kauê,238423300,Boneca Love Bebê com Fralda e Chupeta,Aprovado,Aprovado,,,,,,,
15.09,Kauê,235596400,Playset Marvel Spidey and His Amazing Friends,Aprovado,Aprovado,,,,,,,
15.09,Kauê,238545500,Playset Celeiro da Judy Samba Toys 5 Peças,Aprovado,Aprovado,,,,,,,
15.09,Kauê,228812400,Saco de Lixo Verde para Banheiro Embalixo,Aprovado,Aprovado,,,,,,,
15.09,Kauê,230948300,Vinho Tinto Seco Leyda Estate Cabernet Sauvignon Chile 750ml,Aprovado,Aprovado,,,,,,,
15.09,Kauê,238762700,Água Mineral sem Gás 850ml Voss,Aprovado,Aprovado,,,,,,,
15.09,Kauê,226593500,Suporte para Fogão de Indução Inox 13cm,Aprovado,Aprovado,,,,,,,
15.09,Kauê,236786600,Pneu Aro 19” 235/50R19 Pirelli 99H S-I Scorpion,Aprovado,Aprovado,,,,,,,
15.09,Kauê,227034100,Antena Digital Interna e Externa 10dB ELG Infinity,Aprovado,Aprovado,,,,,,,
15.09,Kauê,232993500,Jogo de Facas Brinox Inox 2557/400 5 Peças,Aprovado,Aprovado,,,,,,,
15.09,Kauê,225167500,Pneu Aro 18” 235/60R18 Firestone 103V Destination LE,Aprovado,Aprovado,,,,,,,
15.09,Kauê,240140400,Funko Pop Stitch com Boia,Aprovado,Aprovado,,,,,,,
15.09,Kauê,230438100,Boneco Marvel Olympus Venom 24cm Hasbro,Aprovado,Aprovado,,,,,,,
15.09,Kauê,235232200,Sabonete em Barra para o Corpo Protex,Aprovado,Aprovado,,,,,,,
15.09,Kauê,237800400,Vinho Branco Seco Nieto Senetiner Chardonnay,Aprovado,Aprovado,,,,,,,
15.09,Kauê,240375400,Perfume Adolfo Dominguez Ámbar Negro Masculino Eau de Parfum,Aprovado,Aprovado,,,,,,,
15.09,Kauê,232892400,Boneca Baby Alive Foodie Cuties com Acessórios,Aprovado,Aprovado,,,,,,,
15.09,Kauê,240283000,Jogo Dixit Odyssey Galápagos,Aprovado,Aprovado,,,,,,,
15.09,Kauê,240654600,Corretivo Líquido Eudora Niina Secrets Perfect Match Cor 5 10ml,Aprovado,Aprovado,,,,,,,
15.09,Kauê,227040200,Suporte para Monitor Articulado de Mesa,Aprovado,Aprovado,,,,,,,
15.09,Kauê,226499200,Espumante Branco Brut Codorníu Clasico 750ml,Aprovado,Aprovado,,,,,,,
15.09,Kauê,240362400,Vinagre Balsâmico Paganini Aceto Di Modena 500ml,Aprovado,Aprovado,,,,,,,
15.09,Kauê,241252700,Pista Hot Wheels City Praia do Tubarão Mattel,Aprovado,Aprovado,,,,,,,
15.09,Kauê,238150800,Jogo Ticket To Ride Tabuleiro Galápagos,Aprovado,Aprovado,,,,,,,
15.09,Kauê,240089100,Vinho Rosé Seco Cosecha Chile 750ml,Aprovado,Aprovado,,,,,,,
15.09,Kauê,240251700,Ômega 3 FTW PA00071999 DHA e EPA 90 Cápsulas,Aprovado,Aprovado,,,,,,,
15.09,Kauê,230560500,Cortina Lartex Voil Soul Gelo 230x270cm,Aprovado,Aprovado,,,,,,,
15.09,Kauê,226814200,Pelúcia Patrulha Canina Rubble 29cm,Aprovado,Aprovado,,,,,,,
15.09,Kauê,232529500,Colchão Casal Aiam Colchões de Espuma D-33,Aprovado,Aprovado,,,,,,,
15.09,Kauê,234364700,Poltrona Decorativa com Puff Moderno Matrix,Aprovado,Aprovado,,,,,,,
15.09,Kauê,238946200,Cômoda 8 Gavetas Móveis Lanza Paris,Aprovado,Aprovado,,,,,,,
15.09,Kauê,238996400,"Mesa Dobrável Multiuso 1,20m Otello DOB-BR1",Aprovado,Aprovado,,,,,,,
15.09,Kauê,240000500,Cabeceira Casal Caemmun Éden Cacao e Lamina Mel,Aprovado,Aprovado,,,,,,,
15.09,Kauê,240133100,Berço Mini Cama Branco e Amêndoa Móveis Peroba Magia,Aprovado,Aprovado,,,,,,,
15.09,Kauê,240135200,Berço Mini Cama Branco Móveis Peroba Magia,Aprovado,Aprovado,,,,,,,
15.09,Kauê,240136700,Frigideira Antiaderente Multiflon de Alumínio Gourmet Vermelho,Aprovado,Aprovado,,,,,,,
15.09,Kauê,240168700,Andador Infantil Infanti Appia Musical,Aprovado,Aprovado,,,,,,,
16.09,Kauê,238198600,Aparador de Pelos Britânia MultiGroom BAP21P 7 em 1 com Acessórios,Alteração,REINSERÇÃO CENAS IA,sim,,sim,,,,"0:03 - O aparador tá em pé sozinho. A parte de cima dele tá diferente.
0:11 - Tem um pente do lado esquerdo. Não vem com o kit.
0:12 - O aparador tá diferente."
16.09,Kauê,240891300,Berço Portátil Desmontável Baby Style Co-Sleeper até 9kg Cinza,Alteração,REINSERÇÃO CENAS IA,sim,,sim,,,,0:07 - Tá diferente do original
16.09,Kauê,238825800,Balcão de Cozinha Telasul 2 Portas Sálvia,Alteração,REINSERÇÃO CENAS IA,sim,,sim,,,,"0:12 - O modelo original não tem divisória no meio.
0:20 - Ele tá mais largo do que realmente é."
16.09,Kauê,238984500,LEGO Dragão Verde Florestal do Lloyd,Alteração,REINSERÇÃO CENAS IA,sim,,sim,,,,"0:06 - Tem um machado a mais; o boneco verde tá diferente, o filhote de dragão tá diferente; boneco vermelho tá diferente; costas do dragão diferente.
0:10 - Bonecos verde, vermelho e filhote diferentes. Dragão proporcionalmente menor.
0:13 - Dragão tá com braços, o original não tem. Ele também está com detalhes nas pernas.
0:15 - Dragão tá diferente. A boca tá aberta, as pernas são diferentes, tá com bracinhos. A parte do peito tá diferente. / Filhote de dragão diferente. / Boneco vermelho diferente."
16.09,Kauê,238659700,Espumante Branco Brut Aurora Procedências 750ml,Alteração,REINSERÇÃO CENAS IA,sim,,sim,,,,"A garrafa aparece na cor verde, porém o produto anunciado é azul. Corrigir a cor em todas as cenas para manter a fidelidade ao produto anunciado."
16.09,Kauê,235581900,Bateria para Nintendo Switch Clutch HX-CPCS-U,Alteração,REINSERÇÃO CENAS IA,sim,,sim,,,,00:06 – O carregador aparece diferente do modelo original do produto
16.09,Kauê,225415400,Sofá 3 Lugares Suede Decore Cascaya Linoforte,Alteração,REINSERÇÃO CENAS IA,sim,,sim,,,,"0:09 - O sofá ta disponível nas cores Bege, Castanho e Vermelho. Nesse take ele tá cinza. Aparece o rosto de crianças geradas por IA.
0:12 - Pés diferentes.
0:13 - Pés diferentes."
16.09,Kauê,227010700,Copo Infantil Antivazamento com Canudo e Tampa,Alteração,REINSERÇÃO CENAS IA/Alteração,sim,,sim,,,,"0:06 - cordão maior do que o produto original
Não aparece o canudo do produto. Mas temos fotos disponíveis no site."
16.09,Kauê,228701800,Funko Pop! Runaways Molly Hernandez N32669,Alteração,REINSERÇÃO CENAS IA,sim,,sim,,,"o editor devolveu com o mesmo erro, só deu zoom","0:06 - Refazer take. Ela tá andando de patins, com gente andando de patins atrás dela. Não tá ambientada corretamente. A posição dos braços estão erradas. O editor devolveu o vídeo com o mesmo erro, apenas deu zoom pára esconder os patins."
16.09,Kauê,231656900,Funko Pop! Marvel Zombie Gambit,Alteração,REINSERÇÃO CENAS IA,sim,,sim,,,,0:07 - O olho do boneco tá com luz
16.09,Kauê,232089500,Concha para Molho Inox Tramontina Utilitá Vermelha,Alteração,REINSERÇÃO CENAS IA,sim,,sim,,,,"A concha é de molho mas tá ambientada servindo sopa. São modelos diferentes, pode gerar confusão e sac."
16.09,Kauê,232095100,Jogo de Colher de Chá Tramontina Dynamic Castanho e Prata 3 Peças,Alteração,REINSERÇÃO CENAS IA,sim,,sim,,,,"Colher de chá, mas foi ambientada como colher de café. São modelos com tamanhos diferentes."
16.09,Kauê,238967000,Gabinete Para Banheiro Aéreo com Cuba e Espelheira Móveis Bechara Baden,Alteração,Alteração/áudio,sim,,sim,sim,"VERIFICAR: ""não fala"" que vem com espelheira — se for locução, incluir no roteiro e regravar",régua da espelheira,"O gabinete vem com espelheira, mas não fala isso no vídeo.
Precisa incluir régua de medidas da espelheira."
16.09,Kauê,240211300,Escrivaninha 3 Gavetas Móveis Albatroz Mimo Doble,Aprovado,Aprovado,,,,,,,
16.09,Kauê,240890700,Berço Portátil Desmontável Baby Style Co-Sleeper até 9kg Cinza Escuro,Aprovado,Aprovado,,,,,,,
16.09,Kauê,240967300,"Monitor Gamer Curvo BRX Xtreme 32"" 165Hz Full HD MGLED32BRX",Aprovado,Aprovado,,,,,,,
16.09,Kauê,241279300,Colchão Casal Americanflex de Molas Ensacadas 40x138x188cm,Aprovado,Aprovado,,,,,,,
16.09,Kauê,240179400,Playset Patrulha Canina Sunny Brinquedos,Aprovado,Aprovado,,,,,,,
16.09,Kauê,240453200,Bancada de Cozinha Luciane MDF Aura,Aprovado,Aprovado,,,,,,,
16.09,Kauê,240798600,Poltrona Decorativa Opala Moderna Nordeste Flex Luiza,Aprovado,Aprovado,,,,,,,
16.09,Kauê,240736900,Gaveteiro para Escritório 4 Gavetas Politorno Móveis Porto,Aprovado,Aprovado,,,,,,,
16.09,Kauê,241144100,Serra Tico Tico Elétrica Wap STT02 800W 3000GPM 4 Peças,Aprovado,Aprovado,,,,,,,
16.09,Kauê,241221000,"Pneu Aro 17"" 215/55R17 Pirelli 94V Powergy",Aprovado,Aprovado,,,,,,,
16.09,Kauê,237751800,Playset Barbie Profissões Clínica Médica Mattel,Aprovado,Aprovado,,,,,,,
16.09,Kauê,241252300,Pista Hot Wheels City Garagem de Acrobacias,Aprovado,Aprovado,,,,,,,
16.09,Kauê,240066600,Boneca Barbie Signature 60th Anniversary Miss,Aprovado,Aprovado,,,,,,,
16.09,Kauê,238888800,Vinho Tinto Meio Seco Porca de Murça 11447 Portugal 750ml,Aprovado,Aprovado,,,,,,,
16.09,Kauê,231167000,Casinha de Boneca Bella Casinha Bella Vila Casa,Aprovado,Aprovado,,,,,,,
16.09,Kauê,226186500,Gin Monkey 47 Dry Alemão 500ml,Aprovado,Aprovado,,,,,,,
16.09,Kauê,203586600,Creatina Monohidratada Pote 150g - Max Titanium,Aprovado,Aprovado,,,,,,,
16.09,Kauê,236661600,Boneca Disney Frozen Elsa Mattel,Aprovado,Aprovado,,,,,,,
16.09,Kauê,241249400,Carrinho Hot Wheels Oversized Monster Trucks,Aprovado,Aprovado,,,,,,,
16.09,Kauê,226545900,Vinho Tinto Seco Trapiche Roble Cabernet Sauvignon,Aprovado,Aprovado,,,,,,,
16.09,Kauê,237824500,Chocolate Kit Kat ao Leite 24 Unidades,Aprovado,Aprovado,,,,,,,
16.09,Kauê,240410600,Playset Mega Garagem Hot Wheels City Mattel,Aprovado,Aprovado,,,,,,,
16.09,Kauê,237870300,Vinho Branco Seco Concha y Toro Casillero del,Aprovado,Aprovado,,,,,,,
16.09,Kauê,230518800,Placa de Vídeo Galax GeForce GTX 1050 TI 4GB,Aprovado,Aprovado,,,,,,,
16.09,Kauê,240359700,Boneco Homem-Aranha Spidey and his Amazing Friends,Aprovado,Aprovado,,,,,,,
16.09,Kauê,235403600,Boneco JP com Som 32cm Baby Brink,Aprovado,Aprovado,,,,,,,
16.09,Kauê,240751200,Boneco Dos Rosa Leozin 26cm Baby Brink,Aprovado,Aprovado,,,,,,,
16.09,Kauê,231376600,Beta Alanina Probiótica 100% Pure em Pó 150g sem Sabor,Aprovado,Aprovado,,,,,,,
16.09,Kauê,238926800,Removedor Búfalo Bull 500ml,Aprovado,Aprovado,,,,,,,
16.09,Kauê,224424600,Boneca Bebezinho Real Primeiros Cuidados,Aprovado,Aprovado,,,,,,,
16.09,Kauê,225512500,Sofá Retrátil Reclinável 4 Lugares Suede Moviment Artesano Linoforte,Aprovado,Aprovado,,,,,,,
16.09,Kauê,225512400,Sofá Retrátil Reclinável 4 Lugares Suede Moviment Artesano Linoforte,Aprovado,Aprovado,,,,,,,
16.09,Kauê,225512600,Sofá Retrátil Reclinável 4 Lugares Suede Moviment Artesano Linoforte,Aprovado,Aprovado,,,,,,,
16.09,Kauê,225588600,Frigideira Antiaderente Hercules de Alumínio,Aprovado,Aprovado,,,,,,,
16.09,Kauê,226287000,Caçarola Tramontina Antiaderente com Tampa Chumbo 2L 18cm Turim,Aprovado,Aprovado,,,,,,,
16.09,Kauê,227010600,Copo Infantil Antivazamento com Canudo e Tampa,Aprovado,Aprovado,,,,,,,
16.09,Kauê,230066300,Escova Secadora Multilaser Essenza EB088 1200W,Aprovado,Aprovado,,,,,,,
16.09,Kauê,231654400,Funko Pop! Dragon Ball Kefla Super Saiyan,Aprovado,Aprovado,,,,,,,
16.09,Kauê,232049500,Faca para Churrasco Tramontina Inox 4”,Aprovado,Aprovado,,,,,,,
16.09,Kauê,232096900,Jogo de Colher Tramontina Leme 3 Peças,Aprovado,Aprovado,,,,,,,
16.09,Kauê,240133300,Cômoda de Bebê 3 Gavetas Moveis Peroba Harmonia,Aprovado,Aprovado,,,,,,,
16.09,Kauê,240244700,Gerador de Energia a Gasolina Tramontina Monofásico 4T,Aprovado,Aprovado,,,,,,,
17.09,Kauê,241383600,Colchão Queen Americanflex de Espuma D45 28x158x198cm Clinoflex Bambu,Alteração,REINSERÇÃO CENAS IA,sim,,sim,,,,"O colchão apresentado está diferente do produto anunciado, dando a impressão de que foi utilizado outro modelo para produzir o vídeo."
17.09,Kauê,240706500,Plaina Elétrica Black+Decker 710W BEW712,Alteração,REINSERÇÃO CENAS IA,sim,,sim,,,,"00:08 e 00:15 – O bocal de saída da serragem fica do lado esquerdo no produto original, mas aparece do lado direito no vídeo.
O homem aparece com duas mãos esquerdas"
17.09,Kauê,240040000,Armário Office Multiuso 2 Portas 7 Prateleiras Aramóveis Florença,Alteração,REINSERÇÃO CENAS IA,sim,,sim,,,,"00:17 – Na cena que mostra a parte interna do armário, aparece apenas uma porta, porém o produto possui duas."
17.09,Kauê,240554500,Fechadura Digital ELG SCFD100CZ com Senha de Embutir,Alteração,REINSERÇÃO CENAS IA,sim,,sim,,,,"00:10 – Na cena em que é apresentada a parte traseira da fechadura, aparecem vários botões que não existem no produto original."
17.09,Kauê,238859400,Cabeceira Solteiro Caemmun Lucila Freijo e Off White,Alteração,REINSERÇÃO CENAS IA,sim,,sim,,,lado da mesa lateral invertido — ver se espelhar a cena resolve,"Em várias cenas – A cabeceira aparece com a parte ripada e a mesa lateral posicionada do lado esquerdo, porém, no produto original, fica do lado direito."
17.09,Kauê,232059800,Espátula Inox Tramontina Utilità,Alteração,REINSERÇÃO CENAS IA,sim,,sim,,,,00:15 – O cabo da espátula aparece menor do que o tamanho real do produto.
17.09,Kauê,232067700,Faca para Frutas e Legumes Tramontina Inox 3”,Alteração,REINSERÇÃO CENAS IA,sim,,sim,,,,"Nas duas últimas cenas – A faca original possui uma leve curvatura, porém aparece reta nas cenas finais."
17.09,Kauê,238925700,Balcão de Cozinha Nesher 100% MDF 2 Portas 1 Gaveta Simone Mendes,Aprovado,Aprovado,,,,,,,
17.09,Kauê,240996000,LEGO Duplo Casa do Mickey com Minnie e Pluto,Aprovado,Aprovado,,,,,,,
17.09,Kauê,240995700,LEGO Botanicals Margaridas 11508 133 Peças,Aprovado,Aprovado,,,,,,,
17.09,Kauê,124346700,Colchão King Castor Mola Ensacadas/Pocket,Aprovado,Aprovado,,,,,,,
17.09,Kauê,240109700,"LEGO Speed Champions Carro de Corrida Oracle""",Aprovado,Aprovado,,,,,,,
17.09,Kauê,238216700,LEGO Technic Mercedes-AMG F1 W14 E Performance,Aprovado,Aprovado,,,,,,,
17.09,Kauê,240105400,"Painel para TV até 60"" Colibri Jurerê",Aprovado,Aprovado,,,,,,,
17.09,Kauê,240890600,Cadeirinha para Auto Baby Style Turbo de 0 até 36kg,Aprovado,Aprovado,,,,,,,
17.09,Kauê,240214500,Triciclo Infantil de Pedal Mototico Bandeirante,Aprovado,Aprovado,,,,,,,
17.09,Kauê,240132100,Berço Mini Cama Branco Moveis Peroba Ninho,Aprovado,Aprovado,,,,,,,
17.09,Kauê,241278700,Colchão Solteiro Padrão Americanflex de Espuma 24x88x188cm Clinoflex Bambu,Aprovado,Aprovado,,,,,,,
17.09,Kauê,238828900,Arara de Roupas de Madeira Preto Multivisão Urbana,Aprovado,Aprovado,,,,,,,
17.09,Kauê,240902400,Caixa de Som Polyvox Boombox XB-2 Bluetooth Amplificada Portátil 140W USB,Aprovado,Aprovado,,,,,,,
17.09,Kauê,240998300,LEGO Harry Potter Caldeirão: Sala Secreta de,Aprovado,Aprovado,,,,,,,
17.09,Kauê,238829900,Estante Multiuso 5 Prateleiras Multivisão Stronger,Aprovado,Aprovado,,,,,,,
17.09,Kauê,240883400,"Esmerilhadeira Nell Angular 720W 4 1/2"" (115mm) com Acessórios 4 Peças MB-TO033",Aprovado,Aprovado,,,,,,,
17.09,Kauê,240348900,Tambor de Brinquedo ML078 Lulie Baby,Aprovado,Aprovado,,,,,,,
17.09,Kauê,240693600,Mop Fit Bettanin Noviça Sekito Tiffany,Aprovado,Aprovado,,,,,,,
17.09,Kauê,240193600,Porta-Mantimentos de Plástico Hermético Retangular 150ml Ou Block,Aprovado,Aprovado,,,,,,,
17.09,Kauê,240348100,Kit de Ferramentas de Brinquedo Tool Set 18 Peças,Aprovado,Aprovado,,,,,,,
17.09,Kauê,240789300,Assento de Elevação Cosco Kids Moon Fix 15 a 36kg Preto,Aprovado,Aprovado,,,,,,,
17.09,Kauê,241218500,Garrafa Térmica de Plástico 1L Tramontina Exata Vanilla,Aprovado,Aprovado,,,,,,,
17.09,Kauê,241281200,Colchão Queen Americanflex de Molas Ensacadas 34x158x198cm Touch Amx,Aprovado,Aprovado,,,,,,,
17.09,Kauê,238829700,Estante Multiuso 3 Prateleiras Multivisão Stronger,Aprovado,Aprovado,,,,,,,
17.09,Kauê,224893300,Elástico de Cabelo 4 Unidades Lanossi Hair Ties Mermaid,Aprovado,Aprovado,,,,,,,
17.09,Kauê,225697100,Espremedor de Alho Tramontina,Aprovado,Aprovado,,,,,,,
17.09,Kauê,225999500,Faca para Carne Tramontina Inox 8” Polywoo,Aprovado,Aprovado,,,,,,,
17.09,Kauê,226594500,Espremedor de Frutas com Ralador,Aprovado,Aprovado,,,,,,,
17.09,Kauê,226931500,Centrifuga de Salada Ghidini Vera,Aprovado,Aprovado,,,,,,,
17.09,Kauê,227696800,Papel de Parede Infantil Azul Balões Vinílico - Evolux 53x1000cm,Aprovado,Aprovado,,,,,,,
17.09,Kauê,228879200,Frigideira Wok Antiaderente Multiflon,Aprovado,Aprovado,,,,,,,
17.09,Kauê,228879300,Frigideira Wok Antiaderente Multiflon,Aprovado,Aprovado,,,,,,,
17.09,Kauê,231656500,Funko Pop! Ultraman Kanegon,Aprovado,Aprovado,,,,,,,
17.09,Kauê,231656800,Funko Pop! Marvel Zombie Doctor Doom,Aprovado,Aprovado,,,,,,,
17.09,Kauê,231657000,Funko Pop! Marvel Zombie MODOK,Aprovado,Aprovado,,,,,,,
17.09,Kauê,232048900,Faca para Churrasco Tramontina Inox 4” New Color,Aprovado,Aprovado,,,,,,,
17.09,Kauê,232049200,Faca para Churrasco Tramontina Inox 4” New Color,Aprovado,Aprovado,,,,,,,
17.09,Kauê,232049700,Faca para Churrasco Tramontina Inox 4”,Aprovado,Aprovado,,,,,,,
17.09,Kauê,232056800,"Boleador 2,9cm Tramontina Utilitá Branco",Aprovado,Aprovado,,,,,,,
17.09,Kauê,232056200,"Boleador 2,9cm Tramontina Utilitá Preto",Aprovado,Aprovado,,,,,,,
17.09,Kauê,232058500,Espátula para Bolo Tramontina Ability,Aprovado,Aprovado,,,,,,,
17.09,Kauê,232059000,Espátula para Ovo Tramontina Ability,Aprovado,Aprovado,,,,,,,
17.09,Kauê,232059300,Espátula para Pizza Inox Tramontina Utilità,Aprovado,Aprovado,,,,,,,
17.09,Kauê,232059100,Espátula para Pizza Inox Tramontina Utilità,Aprovado,Aprovado,,,,,,,
17.09,Kauê,232059700,Espátula Inox Tramontina Utilità,Aprovado,Aprovado,,,,,,,
17.09,Kauê,232060000,Espátula para Manteiga Inox Tramontina,Aprovado,Aprovado,,,,,,,
17.09,Kauê,232059900,Espátula para Manteiga Inox Tramontina,Aprovado,Aprovado,,,,,,,
17.09,Kauê,232067900,Faca para Legumes Tramontina Inox 3”,Aprovado,Aprovado,,,,,,,
17.09,Kauê,232068400,Faca para Pão Tramontina Inox 7” Plenus,Aprovado,Aprovado,,,,,,,
17.09,Kauê,240244600,"Gerador de Energia a Gasolina Tramontina Monofásico 4T Partida Manual 3,5Hp GGT2000MI",Aprovado,Aprovado,,,,,,,
18.09,Dany,240192500,"Porta Sabão com Tampa Dosadora 2,3L Ou Flow",Aprovado,Aprovado,,,,,,,
18.09,Dany,240798400,Poltrona Decorativa Opala Moderna Nordeste Flex Luiza,Aprovado,Aprovado,,,,,,,
18.09,Dany,240998500,LEGO City A Van 60500 276 Peças,Aprovado,Aprovado,,,,,,,
18.09,Dany,241102400,Sofá 3 Lugares Retrátil Reclinável Veludo Berlim SMP,Aprovado,Aprovado,,,,,,,
18.09,Dany,240793400,Colchão King Umaflex de Espuma 25x193x203cm Siena Visco,Aprovado,Aprovado,,,,,,,
18.09,Dany,240287500,Jogo de Panelas Tefal Inox Fundo Triplo 4 Peças Ingenio,Aprovado,Aprovado,,,,,,,
18.09,Dany,241078400,Caixa de Som Vivensis VibeSound V3 Go Bluetooth Portátil 50W RMS,Aprovado,Aprovado,,,,,,,
18.09,Dany,238982100,LEGO Gato Brincalhão 3 em 1 31163 407 Peças,Aprovado,Aprovado,,,,,,,
18.09,Dany,086048500,Cafeteira Italiana Alumínio Bialetti,Aprovado,Aprovado,,,,,,,
18.09,Dany,201439700,Conjunto de Assadeiras 3 Peças Tramontina Cosmos 64310400,Aprovado,Aprovado,,,,,,,
18.09,Dany,217690600,Conjunto de Panelas Tramontina Cordoba 20799/790,Aprovado,Aprovado,,,,,,,
18.09,Dany,234637000,Poltrona do Papai Reclinável Moderno 3 Posições Matrix AUDI MX37,Aprovado,Aprovado,,,,,,,
18.09,Dany,237620000,Jogo de Panelas Brinox de Alumínio Verde 6 Peças,Aprovado,Aprovado,,,,,,,
18.09,Dany,237620300,Porta-filtro de Café 88 Graus,Aprovado,Aprovado,,,,,,,
18.09,Dany,226553900,Monitor Gamer LG 27GL650F-B.AWZ 27” LED IPS,Aprovado,Aprovado,,,,,,,
18.09,Dany,236872800,Jogo de Xícaras de Chá de Porcelana 240ml,Aprovado,Aprovado,,,,,,,
18.09,Dany,240062700,Sofá 4 Lugares Retrátil Reclinável Bouclé Mediterrâneo Parma Flexforma Estofados,Aprovado,Aprovado,,,,,,,
18.09,Dany,240087400,Sofá 2 Lugares Suede Spazium Linoforte,Aprovado,Aprovado,,,,,,,
18.09,Dany,240087800,Sofá 3 Lugares Suede Spazium Linoforte,Aprovado,Aprovado,,,,,,,
18.09,Dany,240348300,Cavalete de Pintura Infantil 62cm Lulie Kids,Alteração,REINSERÇÃO CENAS IA,sim,,sim,,,,0:03 - A ambientação tá desproporcional. Faz o produto aparecer maior do que realmente é.
18.09,Dany,238829400,Estante Multiuso 2 Portas 4 Prateleiras Multivisão Urbana,Alteração,REINSERÇÃO CENAS IA,sim,,sim,,,,"0:09 - Os detalhes da porta estão diferentes
0:14 - Os detalhes da porta estão diferentes"
18.09,Dany,240384800,LEGO Diversão no Parquinho com Bluey e Chloe 11201,Alteração,REINSERÇÃO CENAS IA,sim,,sim,,,,"0:03 - Tá diferente: a casinha, o pássaro, o conjunto de chá, a gangorra e a Bluey."
18.09,Dany,241007600,LEGO Speed Champions Carro de Corrida F1 Academy,Alteração,REINSERÇÃO CENAS IA,sim,,sim,,,,0:17 - boneca diferente
18.09,Dany,240999100,LEGO City Caminhão da Polícia 60481 71 Peças,Alteração,Alteração,sim,,sim,,,estabilizar imagem,"00:00 a 00:06 - Estabilizar imagem. Parece que a câmera fica tremendo.
0:19 - Estabilizar imagem. Parece que a câmera fica tremendo."
18.09,Dany,240736600,Escrivaninha 1 Gaveta 2 Portas Politorno Móveis Iracema,Alteração,REINSERÇÃO CENAS IA/Alteração,sim,,sim,,,,"0:08 - A cor do produto tá diferente. A mesa da escrivaninha tbm tá diferente
Não mostrou parte interna do produto."
18.09,Dany,238830900,Banqueta Alta Preta e Mel Multivisão Urbana,Alteração,Alteração,sim,,sim,,,,"0:07 - Precisa desenhar todas as réguas
0:09 - Tá com um bug na lateral inferior esquerda do vídeo"
18.09,Dany,240288000,Cadeirinha para Auto Galzerano Maximus 8012TF até 25kg 2 Posições,Alteração,REINSERÇÃO CENAS IA,sim,,sim,,,,"0:03 - Tá diferente: os cintos, as laterais da cadeira e a parte debaixo dela."
18.09,Dany,124340800,Colchão Casal Castor Mola Pocket,Alteração,Alteração,sim,,sim,,,,0:07 - Precisa desenhar todas as réguas de medidas
18.09,Dany,088043800,Conjunto de Chá Porcelana 6 Peças,Alteração,REINSERÇÃO CENAS IA,sim,,sim,,,,"Xícaras de chá, mas foram ambientadas como xícaras de café"
18.09,Dany,155589700,Smartphone Samsung Galaxy Note 20 Ultra 256GB,Alteração,REINSERÇÃO CENAS IA,sim,,sim,,,,0:09 - As câmeras tão diferentes
18.09,Dany,237850200,"Panela Tramontina Inox Fundo Triplo 16cm 1,5L Allegra",Alteração,REINSERÇÃO CENAS IA,sim,,sim,,,,0:09 - Panela aparenta estar suja
18.09,Dany,234515100,Massinha Play-Doh Mini Sorveteria Divertida,Alteração,REINSERÇÃO CENAS IA/Alteração,sim,,sim,,,,"Tem uma pecinha cinza que vai em cima da máquina de sorvete que não é mostrada no vídeo.
0:06 - a massinha tá com cor diferente.
0:12 - a massinha tá com cor diferente.
0:14 - a mesma cena aparece duas vezes seguidas."
18.09,Dany,238435600,"Painel para TV até 75"" Artely Belluno 1 Prateleira",Alteração,REINSERÇÃO CENAS IA,sim,,sim,,,,"0:09 - A gaveta tá errada. Tá com um buraco no centro.
0:17 - A gaveta tá errada. Tá com um buraco no centro."
18.09,Dany,217696200,Cuscuzeira Tramontina Antiaderente Turim 20268614,Alteração,REINSERÇÃO CENAS IA,sim,,sim,,,,"0:03 - A peça de inox tá duplicada. Ela aparece dentro da panela e em cima da mesa.
0:07 - A tampa tá com furinho
0:20 - O formato do cuscuz é diferente do formato da cuscuzeira."
18.09,Dany,080905100,Sapateira Unitária Smart Cromada Arthi 1812,Alteração,REINSERÇÃO CENAS IA,sim,,sim,,,,"0:03 - A sapateira parece ser maior do que realmente é
0:08 - Modelo tá diferente
0:17 - A sapateira parece ser maior do que realmente é"
18.09,Dany,237360300,Rack para TV até 60” XT Racer Max Air Preto e Branco,Alteração,Alteração áudio,sim,,,sim,"pronúncia de ""rack"" errada",,0:03- a pronúncia de 'rack' tá errada.
18.09,Dany,220544200,Jogo War Tabuleiro O Jogo da Estratégia,Alteração,REINSERÇÃO CENAS IA,sim,,sim,,,,0:08 - O formato das pecinhas tá diferente
18.09,Dany,238414500,Sofá-cama 3 Lugares Casal Reclinável Veludo Matrix Lavínia,Alteração,Alteração,sim,,sim,,,,"Ele é um sofá cama reclinável. Temos fotos disponíveis no site para mostrar as diferentes posições. No vídeo ele aparece em apenas uma.
0:15 - A forma como a opção de cores foi colocada não permite que o consumidor visualize direito."
18.09,Dany,238432300,Mesa de Centro de MDF Jasmin Artely,Alteração,Alteração,sim,,sim,,,,"Faltou medidas da profundidade
A maneira como as opções de cores foram colocadas, não permite que o consumidor visualize completamente."
18.09,Dany,238436300,"Painel para TV até 72"" Artely Trama 1 Prateleira",Alteração,REINSERÇÃO CENAS IA/Alteração,sim,,sim,,,,"0:06 - A mesma cena aparece duas vezes seguidas. Faltou informações sobre a profundidade.
0:12 - O tamanho tá desproporcional, parece muito maior do que realmente é."
18.09,Dany,238946000,Guarda-roupa Solteiro com Espelho 4 Gavetas 2 Portas de Correr Móveis Lanza Zurique,Alteração,REINSERÇÃO CENAS IA/Alteração,sim,,sim,,,,"0:10 - A mesma cena aparece duas vezes seguidas.
0:12 - Modelo tá diferente
Faltou mostrar completamente a parte interna
A forma como as opções de cores foram mostradas não permite a visualização adequada do produto."
18.09,Dany,240062500,Sofá 3 Lugares Retrátil Reclinável Bouclé Mediterrâneo Peruggia Flexforma Estofados,Alteração,REINSERÇÃO CENAS IA/áudio,sim,,sim,sim,"VERIFICAR: ""menciona 04"" lugares; o sofá é de 3 — se for na locução, corrigir roteiro e regravar",,"0:07 - A parte que abre tá bem maior do que realmente é. Ele é bipartido. Mas no vídeo tá com 03 partes.
0:21 - O sofá é de 3 lugares, mas menciona 04."
18.09,Dany,240062900,Sofá 4 Lugares Retrátil Reclinável Bouclé Mediterrâneo Bergamo Flexforma Estofados,Alteração,Alteração/áudio,sim,,sim,sim,"VERIFICAR: ""menciona de 03"" lugares; o sofá é de 4 — se for na locução, corrigir roteiro e regravar",,"0:19 - Sofá de 4 lugares, mas menciona de 03"
18.09,Dany,240064700,"Rack para TV até 75"" 4 Portas DJ Móveis Helo",Alteração,Alteração/áudio,sim,,sim,sim,"pronúncia de ""rack"" errada",,"0:03 - A maneira como fala ""rack"" tá errada.
Faltou mostrar compartimento interno.
Faltou régua de medidas."
18.09,Dany,240064100,"Painel para TV até 65"" DJ Móveis Ben",Alteração,Alteração,sim,,sim,,,,"Faltou régua de medidas.
Faltou mostrar parte interna."
18.09,Dany,240084200,"Painel para TV até 70"" DJ Móveis Alana",Alteração,Alteração,sim,,sim,,,,"Faltou régua de medidas.
Faltou mostrar parte interna."
18.09,Dany,240087700,Sofá 3 Lugares Retrátil Reclinável Suede Hannover Linoforte,Alteração,Alteração,sim,,sim,,,,Faltou informar a altura.
18.09,Dany,240100700,Sofá-cama Lugares Retrátil Bipartido Reclinável Veludo Matrix Nayla,Alteração,Alteração,sim,,sim,,,mostrar as posições (usar fotos do site se houver),"Faltou régua de medidas.
Ele é um sofá retrátil, reclinável que vira cama. Mas o sofá aparece em apenas uma posição no vídeo todo."
18.09,Dany,240144000,Poltrona Decorativa Moderna Matrix Xangai,Alteração,Alteração,sim,,sim,,,,Faltou medida da profundidade
18.09,Dany,240143300,Poltrona Decorativa com Puff Moderno Matrix Pequim,Alteração,Alteração,sim,,sim,,,,Faltou régua de medidas
18.09,Dany,240154800,Cozinha Compacta Valdemóveis Canastra com Balcão 5 Portas 1 Gaveta,Alteração,REINSERÇÃO CENAS IA,sim,,sim,,,,O vídeo todo foi mostrado sem a porta superior esquerda. Dando a entender que o produto não tem ela.
18.09,Dany,240169600,Berço Portátil Cosco Kids Cozzy até 18kg Rosa,Alteração,Alteração,sim,,sim,,,,Faltou informação de largura
21.09,Kauê,240891200,Berço Portátil Desmontável Baby Style Confort Cinza,Alteração,REINSERÇÃO CENAS IA,sim,,sim,,,,"00:06 e 00:21 – As rodas do berço aparecem diferentes do modelo original.
00:11 – O berço aparece menor do que seu tamanho real e sem as rodas."
21.09,Kauê,240991200,"Assadeira de Vidro Retangular Marinex Seletta 23,2x37,1cm",Alteração,REINSERÇÃO CENAS IA,sim,,sim,,,,"00:15 – As alças aparecem fechadas e com a logo da marca, porém, no produto original, elas são vazadas e não possuem esse detalhe."
21.09,Kauê,241278900,Colchão Viúva Americanflex de Espuma D33 24x128x188cm Clinoflex Bambu,Alteração,REINSERÇÃO CENAS IA,sim,,sim,,,,"00:13 e 00:17 – A IA alterou as características do colchão, fazendo com que ele apareça diferente do modelo original"
21.09,Kauê,240014700,Sofá-cama 3 Lugares Casal Reclinável Facto e Linho Matrix Esther,Alteração,REINSERÇÃO CENAS IA,sim,,sim,,,,00:06 e 00:18 – O sofá aparece menor do que seu tamanho real nas cenas.
21.09,Kauê,238838700,Sofá 3 Lugares Suede Adágio Linoforte,Alteração,Alteração,sim,,sim,,,,"00:05 – Na cena em que são apresentadas as medidas, apenas a régua do comprimeto está representada corretamente, enquanto os demais números aparecem “soltos”."
21.09,Kauê,238955800,LEGO A Batalha de Lava no Nether 21266,Alteração,REINSERÇÃO CENAS IA,sim,,sim,,,,"A IA alterou algumas características do produto e também aumentou sua proporção, fazendo com que ele apareça maior do que realmente é."
21.09,Kauê,230560100,Cortina Lartex Voil Gelo End 180x280cm,Alteração,REINSERÇÃO CENAS IA,sim,,sim,,,,"00:14 – Na cena em que é mostrada a parte superior da cortina, a costura aparece diferente do produto original, fazendo parecer que possui um acabamento mais firme do que realmente é."
21.09,Kauê,238432900,Mesa de Centro de MDF Orgânica Artely,Alteração,Alteração áudio,sim,,,sim,"VERIFICAR: ""é informado"" que tem 4 nichos; não tem — se for na locução, corrigir roteiro e regravar","se for lettering, corrigir na edição","É informado que a mesa possui 4 nichos, porém o produto não possui nichos."
21.09,Kauê,240054300,Sofá 4 Lugares Suede Vivaldi Linoforte,Alteração,REINSERÇÃO CENAS IA,sim,,sim,,,,"00:04 – O encosto e o assento aparecem divididos em duas partes, porém, no produto original, ambos são inteiriços."
21.09,Kauê,241101100,Ferro de Passar Roupa a Vapor Arno Ultragliss Protect FUP1 Turquesa 1830009392,Aprovado,Aprovado,,,,,,,
21.09,Kauê,240890800,Cadeirinha para Auto Baby Style Turbo de 0 até 36kg,Aprovado,Aprovado,,,,,,,
21.09,Kauê,240255700,LEGO Art Vincent van Gogh: Girassóis,Aprovado,Aprovado,,,,,,,
21.09,Kauê,240997300,LEGO Botanicals Buquê de Tulipas 11501 576 Peças,Aprovado,Aprovado,,,,,,,
21.09,Kauê,240347100,Carrinho de Controle Remoto Speed Stunt Car,Aprovado,Aprovado,,,,,,,
21.09,Kauê,241000500,LEGO Minecraft Masmorra dos Zumbis 21587,Aprovado,Aprovado,,,,,,,
21.09,Kauê,241280800,Colchão Super King Americanflex de Molas Ensacadas 34x193x203cm Seis Estrelas,Aprovado,Aprovado,,,,,,,
21.09,Kauê,240192200,Lixeira para Cozinha com Pedal Basculante 12L Ou Trium,Aprovado,Aprovado,,,,,,,
21.09,Kauê,240891000,Berço Portátil Desmontável Baby Style Estrelinha Rosa,Aprovado,Aprovado,,,,,,,
21.09,Kauê,240889300,Berço Portátil Desmontável Baby Style Joly com Mosquiteiro Azul,Aprovado,Aprovado,,,,,,,
21.09,Kauê,240995200,LEGO City Hot Rod 60485 81 Peças,Aprovado,Aprovado,,,,,,,
21.09,Kauê,240554400,Fechadura Digital ELG SCFD100PR com Senha de Embutir,Aprovado,Aprovado,,,,,,,
21.09,Kauê,240997100,LEGO City Food Truck de Batatas Fritas 60488,Aprovado,Aprovado,,,,,,,
21.09,Kauê,240687700,Assento de Elevação Replay Kids Fix Fit até 36kg,Aprovado,Aprovado,,,,,,,
21.09,Kauê,210489500,Cafeteira Inox Bialetti,Aprovado,Aprovado,,,,,,,
21.09,Kauê,238957800,LEGO Trem de Aventura Interativo 10427,Aprovado,Aprovado,,,,,,,
21.09,Kauê,237154000,LEGO Technic Bugatti Bolide 905 Peças,Aprovado,Aprovado,,,,,,,
21.09,Kauê,234980100,Frigideira Tramontina de Ferro Profissional Preta 24cm,Aprovado,Aprovado,,,,,,,
21.09,Kauê,234982300,Frigideira Antiaderente Tramontina de Alumínio Paris Preta 28cm com Espátula,Aprovado,Aprovado,,,,,,,
21.09,Kauê,238445300,Mesa Lateral Trama Artely,Aprovado,Aprovado,,,,,,,
21.09,Kauê,240184400,Caixa de Som Amplificada Candide Disney Stitch com Microfone,Aprovado,Aprovado,,,,,,,
