linha,sku,produto,af,aj,motivo,revisar,ad
330,240690600,Fralda Pampers Confort Sec Tam. XXG 14 a 18kg 148 Unidades,Aprovado,,lista de aprovados,,(VAZIA - conferir)
608,240350100,Playset Nave de Transporte Lulie Espacial 2 Peças,Aprovado,,lista de aprovados,,04/09/2026
610,240375700,Perfume Victorio & Lucchino Aguas de Perfume Nº 9 Noche Enigmática Masculino Eau de Parfum 150ml,Aprovado,,lista de aprovados,,04/09/2026
618,216465300,Cartucho de Tinta HP Colorido 901 Officejet,Aprovado,,lista de aprovados,,04/09/2026
757,241125100,Desinfetante Cif Espuma Milagrosa Extermina Limo sem Fragrância 500ml,Aprovado,,lista de aprovados,,04/09/2026
771,218817100,"Pneu Aro 15"" 205/65R15 Pirelli 94H Scorpion AT",Aprovado,,lista de aprovados,,04/09/2026
777,238264200,Colher de Silicone Hauskraft UTEN-305FN Fendi,Aprovado,,lista de aprovados,,04/09/2026
784,240374700,Kit Perfume Masculino Adolfo Dominguez Bambu Eau de Parfum 120ml + Desodorante 150ml + Eau de Parfum Travel Size 10ml,Aprovado,,lista de aprovados,,04/09/2026
785,043186100,Cyberpunk 2077 para Xbox One CD Projekt Red,Aprovado,,lista de aprovados,,04/09/2026
786,241257900,Boneca Barbie Armário dos Sonhos com Armário,Aprovado,,lista de aprovados,,04/09/2026
787,240647500,Shampoo Infantil Pampers Glicerina 400ml,Aprovado,,lista de aprovados,,04/09/2026
790,240066800,Boneca Anna Canções Mágicas Disney Frozen,Aprovado,,lista de aprovados,,04/09/2026
795,204581600,Jogo de Facas com Estojo Tramontina Century 24099021,Aprovado,,lista de aprovados,,04/09/2026
804,238490100,Fórmula Infantil Aptanutri Soja 3 800g,Aprovado,,lista de aprovados,,04/09/2026
836,238777800,Vinho Tinto Seco Siegel Chile 750ml,Aprovado,,lista de aprovados,,04/09/2026
1157,225588700,Frigideira Antiaderente Hercules de Alumínio,Aprovado,,lista de aprovados,,04/09/2026
1158,225588600,Frigideira Antiaderente Hercules de Alumínio,REINSERÇÃO CENAS IA,"0:03 - A parte de dentro da frigideira é lisa, não tem estampa.","parte de dentro da frigideira lisa, sem a estampa do original",,04/09/2026
1159,226287000,Caçarola Tramontina Antiaderente com Tampa Chumbo 2L 18cm Turim,REINSERÇÃO CENAS IA,"0:07 - Mesma cena usada duas vezes seguidas.
0:09 - A original não tem furinho na tampa.
0:14 - Mesma cena usada duas vezes seguidas.",tampa com furinho que o original nao tem + cena repetida 2x,,04/09/2026
1160,226287500,"Caçarola Tramontina Antiaderente com Tampa Vermelha 3,7L 22cm Turim",REINSERÇÃO CENAS IA,"0:03 - A panela original não tem furinho na tampa.
0:07 - A panela original não tem furinho na tampa.
0:13 - A panela original não tem furinho na tampa.","tampa com furinho que o original nao tem, em tres cenas",,04/09/2026
1162,226773100,Skate Hot Wheels Fun com Kit de Proteção,REINSERÇÃO CENAS IA,"0:03 - Tá diferente do original.
0:16 - Tá diferente do original.
0:19 - Tá diferente do original.",skate diferente do original em tres cenas,,04/09/2026
1164,226911600,Aspirador de Pó Portátil e Vertical Britânia,REINSERÇÃO CENAS IA,"0:02 - Tem um cabo saindo da alça do aspirador.
0:06 - O reservatório do original é meio transparente, dá pra enxergar dentro. No vídeo não tá. Tem um cabo saindo da alça do aspirador.
0:09 - Tem um cabo saindo da alça do aspirador.",cabo saindo da alca e reservatorio nao transparente,,04/09/2026
1165,227010700,Copo Infantil Antivazamento com Canudo e Tampa,REINSERÇÃO CENAS IA,"Vídeo começou com produto dentro da embalagem.
0:06 - cordão maior do que o produto original
Não aparece o canudo do produto. Mas temos fotos disponíveis no site.",cordao maior que o original e o canudo nunca aparece,,04/09/2026
1166,227010600,Copo Infantil Antivazamento com Canudo e Tampa,REINSERÇÃO CENAS IA,"0:03 - O cordão do produto original é bem pequeno.
0:18 - O cordão do produto original é bem pequeno.",cordao do original e bem menor,,04/09/2026
1170,227696900,Papel de Parede Infantil Creme Balões Vinílico,REINSERÇÃO CENAS IA,0:09 - Produto diferente do original.,produto diferente do original,,04/09/2026
1171,227696700,Papel de Parede Infantil Verde Balões Vinílico,Aprovado,,lista de aprovados,,04/09/2026
1174,228701800,Funko Pop! Runaways Molly Hernandez N32669,REINSERÇÃO CENAS IA,0:06 - A boneca original não tem patins. E não está nessa posição.,boneca com patins que o original nao tem e em outra posicao,,04/09/2026
1175,228702000,Funko Pop! Runaways Karolina Dean N32666,Aprovado,,lista de aprovados,,04/09/2026
1178,230066300,Escova Secadora Multilaser Essenza EB088 1200W,REINSERÇÃO CENAS IA,"0:16 - Parece que deu bug na hora da transição.
Em nenhum momento mostrou usabilidade do produto.",nao mostra a usabilidade do produto em momento algum,,04/09/2026
1179,230924800,Hipercalórico Max Titanium Sugar Gainers em Pó,Aprovado,,lista de aprovados,,04/09/2026
1180,230924900,Hipercalórico Max Titanium Sugar Gainers em Pó,Aprovado,,lista de aprovados,,04/09/2026
1183,231159600,Patins 4 Rodas Infantil Fun F0010-3 Branco e Rosa,REINSERÇÃO CENAS IA,"0:04 - As rodas tão diferentes.
0:15 - Tá aparecendo o rosto da criança. Precisa cortar um pouco a imagem.
Em 0:15 - Fala que o patins é indicado pra superfícies planas, ideal pra crianças que tão aprendendo a andar. Mas o vídeo começa com os patins ambientados na praia. Ideal colocar algum chão liso.","rodas diferentes, rosto de crianca aparecendo e ambientado na praia",,04/09/2026
1286,232099500,Jogo de Colher Tramontina Ipanema Azul 3 Peças,REINSERÇÃO CENAS IA,Colher de chá ambientada como se fosse de sobremesa no vídeo todo.,colher de cha ambientada como de sobremesa no video todo,,04/09/2026
1287,232100000,Jogo de Colher Tramontina Ipanema Branco 3 Peças,REINSERÇÃO CENAS IA,"0:03 - Colher de chá ambientada como de sobremesa.
0:12 - Colher de chá ambientada como de sobremesa.",colher de cha ambientada como de sobremesa,,04/09/2026
1297,232102600,Garfo Trinchante Tramontina Aço Inox Plenus,REINSERÇÃO CENAS IA,0:16 - Garfo bem maior do que nas outras cenas. Parece que foi esticado.,"garfo esticado, bem maior que nas outras cenas",,04/09/2026
1298,232102500,Garfo Trinchante Tramontina Aço Inox Plenus,Aprovado,,lista de aprovados,,04/09/2026
1299,232102700,"Garfo Trinchante Tramontina Aço Inox Plenus 26,1cm",REINSERÇÃO CENAS IA,"Em nenhum momento do vídeo aparece o Garfo por completo. Só aparece parte dele.
O vídeo é do garfo, mas a única animação que tem é na faca.",garfo nunca aparece completo e a animacao e da faca,,04/09/2026
1300,232102800,Jogo de Garfos de Mesa Tramontina Inox New Kolor 3 Peças,REINSERÇÃO CENAS IA edição,0:04 - a embalagem tá em pé sozinha,so a embalagem em pe sozinha em 0:04,,04/09/2026
1310,232105600,Jogo de Garfos de Mesa Tramontina Inox Ipanema 12 Peças,REINSERÇÃO CENAS IA,"0:03 - Aparecem 10 garfos, mas o kit é de 12.",aparecem 10 garfos num kit de 12,,04/09/2026
1326,232529500,Colchão Casal Aiam Colchões de Espuma D-33,Alteração,"Esse código é de colchão, mas veio vídeo de jogo de panelas.",vai pro editor; o cliente deve ter se confundido com o vídeo anexado,,04/09/2026
1327,233364200,Tela Protetora de Alimentos Redonda Hauskraft,Aprovado,,lista de aprovados,,04/09/2026
1328,233363900,Tela Protetora de Alimentos Redonda Hauskraft,Aprovado,,lista de aprovados,,04/09/2026
1329,233364000,Tela Protetora de Alimentos Redonda Hauskraft,REINSERÇÃO CENAS IA,"0:06 - Aparenta ser bem maior do que realmente é. Ela tem 30cm d diâmetro.
0:17 - A IA alucinou a cena.",proporcao errada (tem 30cm) e IA alucinou a cena,,04/09/2026
1330,233544500,Espátula Hercules Joy Vazada,Aprovado,,lista de aprovados,,04/09/2026
1332,233544600,Espátula Hercules Joy Vazada,Aprovado,,lista de aprovados,,04/09/2026
1335,234364700,Poltrona Decorativa com Puff Moderno Matrix,REINSERÇÃO CENAS IA edição,"Faltou régua de medidas.
0:14 - Não temos imagens desse ângulo do produto para conseguir conferir se os detalhes tão certos.","faltou regua de medidas; o 2o ponto e ressalva, nao pedido",SIM,04/09/2026
1337,234669700,Escrivaninha 3 Prateleiras Artely Link,Aprovado,,lista de aprovados,,04/09/2026
1338,234669800,Escrivaninha 3 Prateleiras Artely Link,Aprovado,,lista de aprovados,,04/09/2026
1343,234974300,Caldeirão de Alumínio Tramontina Antiaderente,Aprovado,,lista de aprovados,,04/09/2026
1344,234975400,"Caldeirão de Alumínio Tramontina Antiaderente Chumbo com Tampa 9,6L 26cm Paris",Aprovado,,lista de aprovados,,04/09/2026
1345,234974800,"Caldeirão de Alumínio Tramontina Antiaderente Chumbo com Tampa 5,7L 22cm Paris",Aprovado,,lista de aprovados,,04/09/2026
1346,234975000,"Caldeirão de Alumínio Tramontina Antiaderente Chumbo com Tampa 7,1L 24cm Paris",Aprovado,,lista de aprovados,,04/09/2026
1347,234975100,"Caldeirão de Alumínio Tramontina Antiaderente Vermelho com Tampa 7,1L 24cm Paris",Aprovado,,lista de aprovados,,04/09/2026
1348,234974700,"Caldeirão de Alumínio Tramontina Antiaderente Vermelho com Tampa 4,2L 20cm Paris",Aprovado,,lista de aprovados,,04/09/2026
1349,234974500,"Caldeirão de Alumínio Tramontina Antiaderente Vermelho com Tampa 3,1L 18cm Paris",Aprovado,,lista de aprovados,,04/09/2026
1351,234975500,"Caldeirão de Alumínio Tramontina Antiaderente Vermelho com Tampa 9,6L 26cm Paris",Aprovado,,lista de aprovados,,04/09/2026
1352,234974900,"Caldeirão de Alumínio Tramontina Antiaderente Vermelho com Tampa 5,7L 22cm Paris",Aprovado,,lista de aprovados,,04/09/2026
1426,236923500,Serra Tico Tico Elétrica Wap ESTT800 800W,Aprovado,,lista de aprovados,,04/09/2026
1496,238134700,Copo de Treinamento com Alça 260ml Buba 360,Aprovado,,lista de aprovados,,04/09/2026
1498,238135200,Copo de Treinamento com Alça 210ml Buba 360,Aprovado,,lista de aprovados,,04/09/2026
1499,238189500,Poltrona Reclinável Moderno 2 Posições Matrix Ranger,REINSERÇÃO CENAS IA,"00:06 – O apoio para as pernas aparece aberto até uma altura muito maior do que a apresentada nas imagens enviadas pelo fornecedor. Como não é possível confirmar se o produto realmente possui essa amplitude de ajuste, solicito manter o apoio no mesmo nível apresentado nas imagens do fornecedor, evitando representar uma funcionalidade não confirmada.
00:10 – Na cena, a parte inferior da poltrona aparece com as madeiras expostas, porém, pelas imagens enviadas pelo fornecedor, esse detalhe não existe no produto original.",apoio de pernas com amplitude nao confirmada e madeiras expostas inexistentes,,04/09/2026
1501,238189100,Puff Redondo Solteiro Marrom e Areia Copenhage Matrix,Aprovado,,lista de aprovados,,04/09/2026
1502,238249000,Jogo de Xícaras de Chá 180ml Hauskraft Willow 6 Peças,Aprovado,,lista de aprovados,,04/09/2026
1503,238249100,Jogo de Xícaras de Chá 180ml Hauskraft Willow 6 Peças,Aprovado,,lista de aprovados,,04/09/2026
1505,238250000,Jogo de Xícaras de Café 80ml Hauskraft Willow 6 Peças,Aprovado,,lista de aprovados,,04/09/2026
1506,238250800,Jogo de Xícaras de Café 80ml Hauskraft Willow 6 Peças,Aprovado,,lista de aprovados,,04/09/2026
1514,238253000,Forma para Air Fryer de Silicone Quadrada Antiaderente com Alças Hauskraft,Aprovado,,lista de aprovados,,04/09/2026
1516,238254800,Forma para Air Fryer de Silicone Antiaderente com Alças 20cm Hauskraft,Aprovado,,lista de aprovados,,04/09/2026
1517,238259800,Bowl Fibra de Bambú Azul Hauskraft FBBU010/AZ 440ml,REINSERÇÃO CENAS IA,"Durante todo o vídeo – O produto aparece muito maior do que seu tamanho real, deixando a proporção apresentada diferente do produto original.",produto muito maior que o tamanho real no video inteiro,,04/09/2026
