Situacao;SKU;Produto;Tipo;Categoria;Voz / Fila;Arquivo de audio no Drive
1 - AGUARDAR GRAVACAO;238828900;Arara de Roupas de Madeira Preto Multivisão Urbana;IAC;Comércio e Indústria;Rampim;
1 - AGUARDAR GRAVACAO;238825800;Balcão de Cozinha Telasul 2 Portas Sálvia;IAC;Móveis;Rampim;
1 - AGUARDAR GRAVACAO;240891300;Berço Portátil Desmontável Baby Style Co-Sleeper até 9kg Cinza;IAC;Bebê;Rampim;
1 - AGUARDAR GRAVACAO;240902400;Caixa de Som Polyvox Boombox XB-2 Bluetooth Amplificada Portátil 140W USB;IAC;Áudio;Rampim;
1 - AGUARDAR GRAVACAO;241279300;Colchão Casal Americanflex de Molas Ensacadas 40x138x188cm Diamante;IAC;Colchões;Rampim;
1 - AGUARDAR GRAVACAO;124346700;Colchão King Castor Mola Ensacadas/Pocket;IAC;Colchões;Rampim;
1 - AGUARDAR GRAVACAO;241383600;Colchão Queen Americanflex de Espuma D45 28x158x198cm Clinoflex Bambu;IAC;Colchões;Rampim;
1 - AGUARDAR GRAVACAO;241278700;Colchão Solteiro Padrão Americanflex de Espuma 24x88x188cm Clinoflex Bambu;IAC;Colchões;Rampim;
1 - AGUARDAR GRAVACAO;240883400;"Esmerilhadeira Nell Angular 720W 4 1/2"" (115mm) com Acessórios 4 Peças MB-TO033";IAC;Ferramentas;Rampim;
1 - AGUARDAR GRAVACAO;238829900;Estante Multiuso 5 Prateleiras Multivisão Stronger;IAC;Móveis;Rampim;
1 - AGUARDAR GRAVACAO;241101100;Ferro de Passar Roupa a Vapor Arno Ultragliss Protect FUP1 Turquesa 1830009392;IAC;Eletroportáteis;Rampim;
1 - AGUARDAR GRAVACAO;145620100;Garrafa Térmica 500ml;IAC;Utilidades Domésticas;Rampim;
1 - AGUARDAR GRAVACAO;143436100;Jogo de Xícaras para Chá Porcelana 12 Peças;IAC;Utilidades Domésticas;Rampim;
1 - AGUARDAR GRAVACAO;240995700;LEGO Botanicals Margaridas 11508 133 Peças;IAC;Brinquedos;Drika;
1 - AGUARDAR GRAVACAO;238984500;LEGO Dragão Verde Florestal do Lloyd;IAC;Brinquedos;Drika;
1 - AGUARDAR GRAVACAO;240996000;LEGO Duplo Casa do Mickey com Minnie e Pluto;IAC;Brinquedos;Drika;
1 - AGUARDAR GRAVACAO;240998300;LEGO Harry Potter Caldeirão: Sala Secreta de;IAC;Brinquedos;Drika;
1 - AGUARDAR GRAVACAO;240383300;LEGO O Creeper 21276 665 Peças;IAC;Brinquedos;Drika;
1 - AGUARDAR GRAVACAO;240109700;LEGO Speed Champions Carro de Corrida Oracle;IAC;Brinquedos;Drika;
1 - AGUARDAR GRAVACAO;238216700;LEGO Technic Mercedes-AMG F1 W14 E Performance;IAC;Brinquedos;Drika;
1 - AGUARDAR GRAVACAO;240192200;Lixeira para Cozinha com Pedal Basculante 12L Ou Trium;IAC;Utilidades Domésticas;Rampim;
1 - AGUARDAR GRAVACAO;240967300;"Monitor Gamer Curvo BRX Xtreme 32"" 165Hz Full HD MGLED32BRX Saída de Áudio";IAC;Informática;Rampim;
1 - AGUARDAR GRAVACAO;240212700;Patinete Infantil 3 Rodas Bandeirante Skatenet Max LED Pink;IAC;Esporte e Lazer;Rampim;
1 - AGUARDAR GRAVACAO;240798500;Poltrona Decorativa Opala Moderna Nordeste Flex Luiza;IAC;Móveis;Rampim;
1 - AGUARDAR GRAVACAO;240212900;Triciclo Infantil de Pedal Mototico Bandeirante;IAC;Brinquedos;Rampim;
2 - AUDIO PRONTO;240184400;Caixa de Som Amplificada Candide Disney Stitch com Microfone;IAC;Áudio;Rampim;iac_jul_240184400_caixa-de-som-candide-stitch.mp3
2 - AUDIO PRONTO;240185100;Caixa de Som Amplificada Candide Hello Kitty com Microfone;IAC;Áudio;Rampim;iac_jul_240185100_caixa-de-som-candide-hello-kitty.mp3
2 - AUDIO PRONTO;240211300;Escrivaninha 3 Gavetas Móveis Albatroz Mimo Doble;IAC;Móveis;Drika;iac_ago_240211300.mp3
2 - AUDIO PRONTO;240210700;Guarda-roupa Casal 4 Gavetas 6 Portas Móveis Albatroz Deville;IAC;Móveis;Rampim;iac_jul_240210700_240211000_guarda-roupa-casal-albatroz-deville.mp3
2 - AUDIO PRONTO;240204800;Guarda-roupa Casal 6 Gavetas 8 Portas Móveis Lopas Ergon;IAC;Móveis;Rampim;iac_jul_240204800_240204900_guarda-roupa-casal-lopas-ergon.mp3
2 - AUDIO PRONTO;238946000;Guarda-roupa Solteiro com Espelho 4 Gavetas 2 Portas de Correr Móveis Lanza Zurique;IAC;Móveis;Rampim;iac_jul_238946000_238945700_guarda-roupa-lanza-zurique.mp3
2 - AUDIO PRONTO;240191900;Lixeira para Cozinha com Pedal Basculante 20L Ou Trium;IAC;Utilidades Domésticas;Rampim;iac_jul_240191900_lixeira-pedal-ou-trium.mp3
2 - AUDIO PRONTO;240192300;Lixeira para Cozinha com Pedal Basculante 20L Ou Trium;IAC;Utilidades Domésticas;Rampim;iac_jul_240192300_lixeira-pedal-ou-trium.mp3
2 - AUDIO PRONTO;238432300;Mesa de Centro de MDF Jasmin Artely;IAC;Móveis;Drika;iac_jul_238432300.mp3
2 - AUDIO PRONTO;238432900;Mesa de Centro de MDF Orgânica Artely;IAC;Móveis;Rampim;iac_jul_238432900_mesa-centro-organica-artely.mp3
2 - AUDIO PRONTO;240018300;"Serra Mármore Tramontina Master 42506010 4.3/8"" 1200W 11000RPM";IAC;Ferramentas;Rampim;iac_jul_240018300_240018400_serra-marmore-tramontina-master.mp3
2 - AUDIO PRONTO;240087400;Sofá 2 Lugares Suede Spazium Linoforte;IAC;Móveis;Rampim;iac_jul_240087400_sofa-2-lugares-spazium.mp3
2 - AUDIO PRONTO;240087700;Sofá 3 Lugares Retrátil Reclinável Suede Hannover Linoforte;IAC;Móveis;Rampim;iac_jul_240087700_240087500_sofa-3-lugares-hannover.mp3
2 - AUDIO PRONTO;240087800;Sofá 3 Lugares Suede Spazium Linoforte;IAC;Móveis;Rampim;iac_jul_240087800_sofa-linoforte.mp3
2 - AUDIO PRONTO;240100700;Sofá-cama Lugares Retrátil Bipartido Reclinável Veludo Matrix Nayla;IAC;Móveis;Rampim;iac_jul_240100700_240100200_240101100_240100500_240100000_sofa-cama-3-lugares-nayla.mp3
3 - LU OFERTA (sem audio);227034100;Antena Digital Interna e Externa 10dB ELG Infinity;Lu Oferta;TV e Vídeo;;
3 - LU OFERTA (sem audio);231645800;Barbie Mini Conjunto Com Pets 26cm;Lu Oferta;Brinquedos;;
3 - LU OFERTA (sem audio);235581900;Bateria para Nintendo Switch Clutch HX-CPCS-U;Lu Oferta;Games;;
3 - LU OFERTA (sem audio);231376600;Beta Alanina Probiótica 100% Pure em Pó 150g sem Sabor;Lu Oferta;Suplementos Alimentares;;
3 - LU OFERTA (sem audio);232892400;Boneca Baby Alive Foodie Cuties com Acessórios;Lu Oferta;Brinquedos;;
3 - LU OFERTA (sem audio);238624400;Boneca Baby Alive Pequenos Sonhos com Acessórios;Lu Oferta;Brinquedos;;
3 - LU OFERTA (sem audio);240066600;Boneca Barbie Signature 60th Anniversary Miss;Lu Oferta;Brinquedos;;
3 - LU OFERTA (sem audio);224424600;Boneca Bebezinho Real Primeiros Cuidados;Lu Oferta;Brinquedos;;
3 - LU OFERTA (sem audio);240411100;Boneca Cabelo Loiro Mattel;Lu Oferta;Brinquedos;;
3 - LU OFERTA (sem audio);240205900;Boneca Hora de dormir Ana Julia com Acessórios;Lu Oferta;Brinquedos;;
3 - LU OFERTA (sem audio);180624700;Boneca Kristal Cry Babies que Chora com Acessórios;Lu Oferta;Brinquedos;;
3 - LU OFERTA (sem audio);240245600;Boneca Love Bebe Minha Naninha Preferida;Lu Oferta;Brinquedos;;
3 - LU OFERTA (sem audio);238423300;Boneca Love Bebê com Fralda e Chupeta;Lu Oferta;Brinquedos;;
3 - LU OFERTA (sem audio);240254800;Boneco Disney Stitch 30cm com Comidinhas;Lu Oferta;Brinquedos;;
3 - LU OFERTA (sem audio);240751200;Boneco Dos Rosa Leozin 26cm Baby Brink;Lu Oferta;Brinquedos;;
3 - LU OFERTA (sem audio);240359700;Boneco Homem-Aranha Spidey and his Amazing Friends;Lu Oferta;Brinquedos;;
3 - LU OFERTA (sem audio);235403600;Boneco JP com Som 32cm Baby Brink;Lu Oferta;Brinquedos;;
3 - LU OFERTA (sem audio);230266300;Boneco Luccas Neto Os Aventureiros Super Foca;Lu Oferta;Brinquedos;;
3 - LU OFERTA (sem audio);230438100;Boneco Marvel Olympus Venom 24cm Hasbro;Lu Oferta;Brinquedos;;
3 - LU OFERTA (sem audio);237269100;Chopp de Vinho Draft Red Forbes Garrafa 600ml;Lu Oferta;Mercado;;
3 - LU OFERTA (sem audio);240654600;Corretivo Líquido Eudora Niina Secrets Perfect Match Cor 5 10ml;Lu Oferta;Beleza e Perfumaria;;
3 - LU OFERTA (sem audio);230560500;Cortina Lartex Voil Soul Gelo 230x270cm;Lu Oferta;Cama, Mesa e Banho;;
3 - LU OFERTA (sem audio);238659700;Espumante Branco Brut Aurora Procedências 750ml;Lu Oferta;Mercado;;
3 - LU OFERTA (sem audio);226499200;Espumante Branco Brut Codorníu Clasico 750ml;Lu Oferta;Mercado;;
3 - LU OFERTA (sem audio);240140400;Funko Pop Stitch com Boia;Lu Oferta;Games;;
3 - LU OFERTA (sem audio);238152200;Jogo 7 Wonders: 2ª Edição Tabuleiro Galápagos;Lu Oferta;Brinquedos;;
3 - LU OFERTA (sem audio);240283000;Jogo Dixit Odyssey Galápagos;Lu Oferta;Brinquedos;;
3 - LU OFERTA (sem audio);238150800;Jogo Ticket To Ride Tabuleiro Galápagos;Lu Oferta;Brinquedos;;
3 - LU OFERTA (sem audio);217694500;Jogo de Facas 3 Peças Tramontina Century 24099/037;Lu Oferta;Utilidades Domésticas;;
3 - LU OFERTA (sem audio);204595800;Jogo de Facas 4 Peças;Lu Oferta;Utilidades Domésticas;;
3 - LU OFERTA (sem audio);232993500;Jogo de Facas Brinox Inox 2557/400 5 Peças;Lu Oferta;Utilidades Domésticas;;
3 - LU OFERTA (sem audio);217689200;Jogo de Facas Tramontina Plenus 3 Peças;Lu Oferta;Utilidades Domésticas;;
3 - LU OFERTA (sem audio);238823300;Jogo de Facas para Churrasco Tramontina Inox com Tábua Plenus 4 Peças;Lu Oferta;Utilidades Domésticas;;
3 - LU OFERTA (sem audio);237370400;Licor Amarula Coco Baunilha e Caramelo Vegan;Lu Oferta;Mercado;;
3 - LU OFERTA (sem audio);221146800;Limpador Especialista Cif Cozinha Gatilho 500ml;Lu Oferta;Mercado;;
3 - LU OFERTA (sem audio);226814200;Pelúcia Patrulha Canina Rubble 29cm;Lu Oferta;Brinquedos;;
3 - LU OFERTA (sem audio);240375400;Perfume Adolfo Dominguez Ámbar Negro Masculino Eau de Parfum 120ml;Lu Oferta;Beleza e Perfumaria;;
3 - LU OFERTA (sem audio);240374800;Perfume Banderas The Secret Masculino Eau de Toilette 50ml;Lu Oferta;Beleza e Perfumaria;;
3 - LU OFERTA (sem audio);240378300;Perfume Victorio & Lucchino Aguas de Perfume Nº 16 Flor Exótica Feminino Eau de Parfum150ml;Lu Oferta;Beleza e Perfumaria;;
3 - LU OFERTA (sem audio);241252700;Pista Hot Wheels City Praia do Tubarão Mattel;Lu Oferta;Brinquedos;;
3 - LU OFERTA (sem audio);238545500;Playset Celeiro da Judy Samba Toys 5 Peças;Lu Oferta;Brinquedos;;
3 - LU OFERTA (sem audio);235596400;Playset Marvel Spidey and His Amazing Friends;Lu Oferta;Brinquedos;;
3 - LU OFERTA (sem audio);240410600;Playset Mega Garagem Hot Wheels City Mattel;Lu Oferta;Brinquedos;;
3 - LU OFERTA (sem audio);225167500;Pneu Aro 18” 235/60R18 Firestone 103V Destination LE;Lu Oferta;Automotivo;;
3 - LU OFERTA (sem audio);236786600;Pneu Aro 19” 235/50R19 Pirelli 99H S-I Scorpion;Lu Oferta;Automotivo;;
3 - LU OFERTA (sem audio);238926800;Removedor Búfalo Bull 500ml;Lu Oferta;Mercado;;
3 - LU OFERTA (sem audio);235232200;Sabonete em Barra para o Corpo Protex;Lu Oferta;Mercado;;
3 - LU OFERTA (sem audio);228812400;Saco de Lixo Verde para Banheiro Embalixo;Lu Oferta;Mercado;;
3 - LU OFERTA (sem audio);226593500;Suporte para Fogão de Indução Inox 13cm;Lu Oferta;Flores e Jardim;;
3 - LU OFERTA (sem audio);227040200;Suporte para Monitor Articulado de Mesa;Lu Oferta;Informática;;
3 - LU OFERTA (sem audio);226188200;Tequila Don Julio Prata Blanco;Lu Oferta;Mercado;;
3 - LU OFERTA (sem audio);240362400;Vinagre Balsâmico Paganini Aceto Di Modena 500ml;Lu Oferta;Mercado;;
3 - LU OFERTA (sem audio);237870300;Vinho Branco Seco Concha y Toro Casillero del;Lu Oferta;Mercado;;
3 - LU OFERTA (sem audio);237800400;Vinho Branco Seco Nieto Senetiner Chardonnay;Lu Oferta;Mercado;;
3 - LU OFERTA (sem audio);240089100;Vinho Rosé Seco Cosecha Chile 750ml;Lu Oferta;Mercado;;
3 - LU OFERTA (sem audio);237867900;Vinho Tinto Meio Seco Concha y Toro Reserva Casillero del Diablo Red Blend Chile 750ml;Lu Oferta;Mercado;;
3 - LU OFERTA (sem audio);230948300;Vinho Tinto Seco Leyda Estate Cabernet Sauvignon Chile 750ml;Lu Oferta;Mercado;;
3 - LU OFERTA (sem audio);240196200;Vodka Orloff Tradicional 6844 1,75L;Lu Oferta;Mercado;;
3 - LU OFERTA (sem audio);238762700;Água Mineral sem Gás 850ml Voss;Lu Oferta;Mercado;;
3 - LU OFERTA (sem audio);240251700;Ômega 3 FTW PA00071999 DHA e EPA 90 Cápsulas;Lu Oferta;Suplementos Alimentares;;
