sku,status,arquivo,destino
144133500,COPIADO,iac_out_144133500_jogo_panelas_tramontina.docx,G:\Drives compartilhados\OAK-WORKSPACE\01 - JOBS\03 - IA E-COMMERCE\EM_ANDAMENTO\2026-08-AGOSTO\IAC_144133500_Jogo de Panelas Tramontina Fundo Triplo\Roteiro_e_Audio
144133500,COPIADO,iac_out_144133500_jogo_panelas_tramontina.mp3,G:\Drives compartilhados\OAK-WORKSPACE\01 - JOBS\03 - IA E-COMMERCE\EM_ANDAMENTO\2026-08-AGOSTO\IAC_144133500_Jogo de Panelas Tramontina Fundo Triplo\Roteiro_e_Audio
202444300,COPIADO,iac_out_202444300_panela_pressao_barazzoni.docx,G:\Drives compartilhados\OAK-WORKSPACE\01 - JOBS\03 - IA E-COMMERCE\EM_ANDAMENTO\2026-08-AGOSTO\IAC_202444300_Panela de Pressão Inox 5 Litros\Roteiro_e_Audio
202444300,COPIADO,iac_out_202444300_panela_pressao_barazzoni.mp3,G:\Drives compartilhados\OAK-WORKSPACE\01 - JOBS\03 - IA E-COMMERCE\EM_ANDAMENTO\2026-08-AGOSTO\IAC_202444300_Panela de Pressão Inox 5 Litros\Roteiro_e_Audio
219129200,COPIADO,iac_out_219129200_base_cama_box_castor.docx,G:\Drives compartilhados\OAK-WORKSPACE\01 - JOBS\03 - IA E-COMMERCE\EM_ANDAMENTO\2026-08-AGOSTO\IAC_219129200_Base Cama Box Solteiro Castor 27cm de Altura Poli\Roteiro_e_Audio
219129200,COPIADO,iac_out_219129200_base_cama_box_castor.mp3,G:\Drives compartilhados\OAK-WORKSPACE\01 - JOBS\03 - IA E-COMMERCE\EM_ANDAMENTO\2026-08-AGOSTO\IAC_219129200_Base Cama Box Solteiro Castor 27cm de Altura Poli\Roteiro_e_Audio
230256300,COPIADO,iac_out_230256300_escorregador_bel_fix.docx,G:\Drives compartilhados\OAK-WORKSPACE\01 - JOBS\03 - IA E-COMMERCE\EM_ANDAMENTO\2026-08-AGOSTO\IAC_230256300_Escorregador Infantil Pequeno 2 Degraus\Roteiro_e_Audio
230256300,COPIADO,iac_out_230256300_escorregador_bel_fix.mp3,G:\Drives compartilhados\OAK-WORKSPACE\01 - JOBS\03 - IA E-COMMERCE\EM_ANDAMENTO\2026-08-AGOSTO\IAC_230256300_Escorregador Infantil Pequeno 2 Degraus\Roteiro_e_Audio
230608300,COPIADO,iac_out_230608300_tablet_galaxy_a7_lite.docx,"G:\Drives compartilhados\OAK-WORKSPACE\01 - JOBS\03 - IA E-COMMERCE\EM_ANDAMENTO\2026-08-AGOSTO\IAC_230608300_Tablet Samsung Galaxy A7 Lite 8,7” Wi-Fi 64GB\Roteiro_e_Audio"
230608300,COPIADO,iac_out_230608300_tablet_galaxy_a7_lite.mp3,"G:\Drives compartilhados\OAK-WORKSPACE\01 - JOBS\03 - IA E-COMMERCE\EM_ANDAMENTO\2026-08-AGOSTO\IAC_230608300_Tablet Samsung Galaxy A7 Lite 8,7” Wi-Fi 64GB\Roteiro_e_Audio"
232040800,COPIADO,iac_out_232040800_smartphone_galaxy_a12.docx,G:\Drives compartilhados\OAK-WORKSPACE\01 - JOBS\03 - IA E-COMMERCE\EM_ANDAMENTO\2026-08-AGOSTO\IAC_232040800_Smartphone Samsung Galaxy A12 64GB Preto 4G\Roteiro_e_Audio
232040800,COPIADO,iac_out_232040800_smartphone_galaxy_a12.mp3,G:\Drives compartilhados\OAK-WORKSPACE\01 - JOBS\03 - IA E-COMMERCE\EM_ANDAMENTO\2026-08-AGOSTO\IAC_232040800_Smartphone Samsung Galaxy A12 64GB Preto 4G\Roteiro_e_Audio
238830100,COPIADO,iac_out_238830100_gaveteiro_multivisao.docx,G:\Drives compartilhados\OAK-WORKSPACE\01 - JOBS\03 - IA E-COMMERCE\EM_ANDAMENTO\2026-08-AGOSTO\IAC_238830100_Gaveteiro para Quarto Multivisão Decore FLY-BR\Roteiro_e_Audio
238830100,COPIADO,iac_out_238830100_gaveteiro_multivisao.mp3,G:\Drives compartilhados\OAK-WORKSPACE\01 - JOBS\03 - IA E-COMMERCE\EM_ANDAMENTO\2026-08-AGOSTO\IAC_238830100_Gaveteiro para Quarto Multivisão Decore FLY-BR\Roteiro_e_Audio
240130300,COPIADO,iac_out_240130300_notebook_asus_vivobook.docx,"G:\Drives compartilhados\OAK-WORKSPACE\01 - JOBS\03 - IA E-COMMERCE\EM_ANDAMENTO\2026-10-OUTUBRO\IAC_240130300_Notebook ASUS Vivobook 15 M1502YA-NJ655W Ryzen 7 16GB RAM 512GB SSD 15,6- Full HD W11 90NB0X22-M00X70\Roteiro_e_Audio"
240130300,COPIADO,iac_out_240130300_notebook_asus_vivobook.mp3,"G:\Drives compartilhados\OAK-WORKSPACE\01 - JOBS\03 - IA E-COMMERCE\EM_ANDAMENTO\2026-10-OUTUBRO\IAC_240130300_Notebook ASUS Vivobook 15 M1502YA-NJ655W Ryzen 7 16GB RAM 512GB SSD 15,6- Full HD W11 90NB0X22-M00X70\Roteiro_e_Audio"
241006600,COPIADO,iac_out_241006600_lego_technic_bmw.docx,G:\Drives compartilhados\OAK-WORKSPACE\01 - JOBS\03 - IA E-COMMERCE\EM_ANDAMENTO\2026-08-AGOSTO\IAC_241006600_LEGO Technic Carro BMW M4 GT3 EVO 42226\Roteiro_e_Audio
241006600,COPIADO,iac_out_241006600_lego_technic_bmw.mp3,G:\Drives compartilhados\OAK-WORKSPACE\01 - JOBS\03 - IA E-COMMERCE\EM_ANDAMENTO\2026-08-AGOSTO\IAC_241006600_LEGO Technic Carro BMW M4 GT3 EVO 42226\Roteiro_e_Audio
241349000,COPIADO,iac_out_241349000_copo_termico_fratelli.docx,G:\Drives compartilhados\OAK-WORKSPACE\01 - JOBS\03 - IA E-COMMERCE\EM_ANDAMENTO\2026-08-AGOSTO\IAC_241349000_Copo Térmico Fratelli para Cerveja Premium Branco 400ml com Tampa e Abridor\Roteiro_e_Audio
241349000,COPIADO,iac_out_241349000_copo_termico_fratelli.mp3,G:\Drives compartilhados\OAK-WORKSPACE\01 - JOBS\03 - IA E-COMMERCE\EM_ANDAMENTO\2026-08-AGOSTO\IAC_241349000_Copo Térmico Fratelli para Cerveja Premium Branco 400ml com Tampa e Abridor\Roteiro_e_Audio
241523300,CRIOU Roteiro_e_Audio,,"G:\Drives compartilhados\OAK-WORKSPACE\01 - JOBS\03 - IA E-COMMERCE\EM_ANDAMENTO\2026-10-OUTUBRO\IAC_241523300_Caixa de Som JBL Go 5 Bluetooth Amplificada Portátil 4,2W RMS USB-C (https---drive.google.com-drive-folders-1539XiC5P1PwnApKf9IeU1K5n0zWTNpHs-usp=drive_link)\Roteiro_e_Audio"
241523300,COPIADO,iac_out_241523300_caixa_som_jbl_go5.docx,"G:\Drives compartilhados\OAK-WORKSPACE\01 - JOBS\03 - IA E-COMMERCE\EM_ANDAMENTO\2026-10-OUTUBRO\IAC_241523300_Caixa de Som JBL Go 5 Bluetooth Amplificada Portátil 4,2W RMS USB-C (https---drive.google.com-drive-folders-1539XiC5P1PwnApKf9IeU1K5n0zWTNpHs-usp=drive_link)\Roteiro_e_Audio"
241523300,COPIADO,iac_out_241523300_caixa_som_jbl_go5.mp3,"G:\Drives compartilhados\OAK-WORKSPACE\01 - JOBS\03 - IA E-COMMERCE\EM_ANDAMENTO\2026-10-OUTUBRO\IAC_241523300_Caixa de Som JBL Go 5 Bluetooth Amplificada Portátil 4,2W RMS USB-C (https---drive.google.com-drive-folders-1539XiC5P1PwnApKf9IeU1K5n0zWTNpHs-usp=drive_link)\Roteiro_e_Audio"
241523400,CRIOU Roteiro_e_Audio,,"G:\Drives compartilhados\OAK-WORKSPACE\01 - JOBS\03 - IA E-COMMERCE\EM_ANDAMENTO\2026-10-OUTUBRO\IAC_241523400_Caixa de Som JBL Go 5 Bluetooth Amplificada Portátil 4,2W USB-C   (https---drive.google.com-drive-folders-1539XiC5P1PwnApKf9IeU1K5n0zWTNpHs-usp=drive_link)\Roteiro_e_Audio"
241523400,COPIADO,iac_out_241523400_caixa_som_jbl_go5.docx,"G:\Drives compartilhados\OAK-WORKSPACE\01 - JOBS\03 - IA E-COMMERCE\EM_ANDAMENTO\2026-10-OUTUBRO\IAC_241523400_Caixa de Som JBL Go 5 Bluetooth Amplificada Portátil 4,2W USB-C   (https---drive.google.com-drive-folders-1539XiC5P1PwnApKf9IeU1K5n0zWTNpHs-usp=drive_link)\Roteiro_e_Audio"
241523400,COPIADO,iac_out_241523400_caixa_som_jbl_go5.mp3,"G:\Drives compartilhados\OAK-WORKSPACE\01 - JOBS\03 - IA E-COMMERCE\EM_ANDAMENTO\2026-10-OUTUBRO\IAC_241523400_Caixa de Som JBL Go 5 Bluetooth Amplificada Portátil 4,2W USB-C   (https---drive.google.com-drive-folders-1539XiC5P1PwnApKf9IeU1K5n0zWTNpHs-usp=drive_link)\Roteiro_e_Audio"
241523600,COPIADO,iac_out_241523600_caixa_som_harman_kardon.docx,G:\Drives compartilhados\OAK-WORKSPACE\01 - JOBS\03 - IA E-COMMERCE\EM_ANDAMENTO\2026-10-OUTUBRO\IAC_241523600_Caixa de Som Harman Kardon Luna 2 HKLUNA2BLKBR Bluetooth Amplificada Portátil 40W RMS USB-C\Roteiro_e_Audio
241523600,COPIADO,iac_out_241523600_caixa_som_harman_kardon.mp3,G:\Drives compartilhados\OAK-WORKSPACE\01 - JOBS\03 - IA E-COMMERCE\EM_ANDAMENTO\2026-10-OUTUBRO\IAC_241523600_Caixa de Som Harman Kardon Luna 2 HKLUNA2BLKBR Bluetooth Amplificada Portátil 40W RMS USB-C\Roteiro_e_Audio
241633700,CRIOU Roteiro_e_Audio,,G:\Drives compartilhados\OAK-WORKSPACE\01 - JOBS\03 - IA E-COMMERCE\EM_ANDAMENTO\2026-10-OUTUBRO\IAC_241633700_Depurador de Ar Electrolux 80cm 5 e 6 Bocas 3 Velocidades DE8SS  (https---drive.google.com-drive-folders-1539XiC5P1PwnApKf9IeU1K5n0zWTNpHs-usp=drive_link)\Roteiro_e_Audio
241633700,COPIADO,iac_out_241633700_depurador_electrolux_80cm.docx,G:\Drives compartilhados\OAK-WORKSPACE\01 - JOBS\03 - IA E-COMMERCE\EM_ANDAMENTO\2026-10-OUTUBRO\IAC_241633700_Depurador de Ar Electrolux 80cm 5 e 6 Bocas 3 Velocidades DE8SS  (https---drive.google.com-drive-folders-1539XiC5P1PwnApKf9IeU1K5n0zWTNpHs-usp=drive_link)\Roteiro_e_Audio
241633700,COPIADO,iac_out_241633700_depurador_electrolux_80cm.mp3,G:\Drives compartilhados\OAK-WORKSPACE\01 - JOBS\03 - IA E-COMMERCE\EM_ANDAMENTO\2026-10-OUTUBRO\IAC_241633700_Depurador de Ar Electrolux 80cm 5 e 6 Bocas 3 Velocidades DE8SS  (https---drive.google.com-drive-folders-1539XiC5P1PwnApKf9IeU1K5n0zWTNpHs-usp=drive_link)\Roteiro_e_Audio
241634100,CRIOU Roteiro_e_Audio,,G:\Drives compartilhados\OAK-WORKSPACE\01 - JOBS\03 - IA E-COMMERCE\EM_ANDAMENTO\2026-10-OUTUBRO\IAC_241634100_Depurador de Ar Electrolux 60cm 4 Bocas 3 Velocidades DE6SS (https---drive.google.com-drive-folders-1539XiC5P1PwnApKf9IeU1K5n0zWTNpHs-usp=drive_link)\Roteiro_e_Audio
241634100,COPIADO,iac_out_241634100_depurador_electrolux_60cm.docx,G:\Drives compartilhados\OAK-WORKSPACE\01 - JOBS\03 - IA E-COMMERCE\EM_ANDAMENTO\2026-10-OUTUBRO\IAC_241634100_Depurador de Ar Electrolux 60cm 4 Bocas 3 Velocidades DE6SS (https---drive.google.com-drive-folders-1539XiC5P1PwnApKf9IeU1K5n0zWTNpHs-usp=drive_link)\Roteiro_e_Audio
241634100,COPIADO,iac_out_241634100_depurador_electrolux_60cm.mp3,G:\Drives compartilhados\OAK-WORKSPACE\01 - JOBS\03 - IA E-COMMERCE\EM_ANDAMENTO\2026-10-OUTUBRO\IAC_241634100_Depurador de Ar Electrolux 60cm 4 Bocas 3 Velocidades DE6SS (https---drive.google.com-drive-folders-1539XiC5P1PwnApKf9IeU1K5n0zWTNpHs-usp=drive_link)\Roteiro_e_Audio
241634300,CRIOU Roteiro_e_Audio,,G:\Drives compartilhados\OAK-WORKSPACE\01 - JOBS\03 - IA E-COMMERCE\EM_ANDAMENTO\2026-10-OUTUBRO\IAC_241634300_Depurador de Ar Electrolux 80cm 5 e 6 Bocas 3 Velocidades DE8SB (https---drive.google.com-drive-folders-1539XiC5P1PwnApKf9IeU1K5n0zWTNpHs-usp=drive_link)\Roteiro_e_Audio
241634300,COPIADO,iac_out_241634300_depurador_electrolux_80cm_slim.docx,G:\Drives compartilhados\OAK-WORKSPACE\01 - JOBS\03 - IA E-COMMERCE\EM_ANDAMENTO\2026-10-OUTUBRO\IAC_241634300_Depurador de Ar Electrolux 80cm 5 e 6 Bocas 3 Velocidades DE8SB (https---drive.google.com-drive-folders-1539XiC5P1PwnApKf9IeU1K5n0zWTNpHs-usp=drive_link)\Roteiro_e_Audio
241634300,COPIADO,iac_out_241634300_depurador_electrolux_80cm_slim.mp3,G:\Drives compartilhados\OAK-WORKSPACE\01 - JOBS\03 - IA E-COMMERCE\EM_ANDAMENTO\2026-10-OUTUBRO\IAC_241634300_Depurador de Ar Electrolux 80cm 5 e 6 Bocas 3 Velocidades DE8SB (https---drive.google.com-drive-folders-1539XiC5P1PwnApKf9IeU1K5n0zWTNpHs-usp=drive_link)\Roteiro_e_Audio
241705200,COPIADO,iac_out_241705200_aspirador_electrolux_abs05.docx,G:\Drives compartilhados\OAK-WORKSPACE\01 - JOBS\03 - IA E-COMMERCE\EM_ANDAMENTO\2026-10-OUTUBRO\IAC_241705200_Aspirador de Pó Electrolux 1300W Efficient ABS05 Azul (https---www.youtube.com-watch-v=nHCbrLRAIe0)\Roteiro_e_Audio
241705200,COPIADO,iac_out_241705200_aspirador_electrolux_abs05.mp3,G:\Drives compartilhados\OAK-WORKSPACE\01 - JOBS\03 - IA E-COMMERCE\EM_ANDAMENTO\2026-10-OUTUBRO\IAC_241705200_Aspirador de Pó Electrolux 1300W Efficient ABS05 Azul (https---www.youtube.com-watch-v=nHCbrLRAIe0)\Roteiro_e_Audio
241705400,COPIADO,iac_out_241705400_aspirador_electrolux_eas40.docx,G:\Drives compartilhados\OAK-WORKSPACE\01 - JOBS\03 - IA E-COMMERCE\EM_ANDAMENTO\2026-10-OUTUBRO\IAC_241705400_Aspirador de Pó Electrolux 1600W EasyBox EAS40 Azul (https---drive.google.com-drive-folders-1539XiC5P1PwnApKf9IeU1K5n0zWTNpHs-usp=drive_link)\Roteiro_e_Audio
241705400,COPIADO,iac_out_241705400_aspirador_electrolux_eas40.mp3,G:\Drives compartilhados\OAK-WORKSPACE\01 - JOBS\03 - IA E-COMMERCE\EM_ANDAMENTO\2026-10-OUTUBRO\IAC_241705400_Aspirador de Pó Electrolux 1600W EasyBox EAS40 Azul (https---drive.google.com-drive-folders-1539XiC5P1PwnApKf9IeU1K5n0zWTNpHs-usp=drive_link)\Roteiro_e_Audio
241765300,COPIADO,iac_out_241765300_cortador_grama_tramontina.docx,G:\Drives compartilhados\OAK-WORKSPACE\01 - JOBS\03 - IA E-COMMERCE\EM_ANDAMENTO\2026-10-OUTUBRO\IAC_241765300_Cortador de Grama à Gasolina Tramontina com Coletor 8 Níveis de Corte CCT53M (https---www.youtube.com-watch-v=UJQJlSfrq0M)\Roteiro_e_Audio
241765300,COPIADO,iac_out_241765300_cortador_grama_tramontina.mp3,G:\Drives compartilhados\OAK-WORKSPACE\01 - JOBS\03 - IA E-COMMERCE\EM_ANDAMENTO\2026-10-OUTUBRO\IAC_241765300_Cortador de Grama à Gasolina Tramontina com Coletor 8 Níveis de Corte CCT53M (https---www.youtube.com-watch-v=UJQJlSfrq0M)\Roteiro_e_Audio
241767400,COPIADO,iac_out_241767400_soundbar_philips.docx,G:\Drives compartilhados\OAK-WORKSPACE\01 - JOBS\03 - IA E-COMMERCE\EM_ANDAMENTO\2026-10-OUTUBRO\IAC_241767400_Soundbar Philips TAB4000-78 2.0 Canais Bluetooth 60W Preto (https---drive.google.com-drive-folders-1539XiC5P1PwnApKf9IeU1K5n0zWTNpHs-usp=drive_link)\Roteiro_e_Audio
241767400,COPIADO,iac_out_241767400_soundbar_philips.mp3,G:\Drives compartilhados\OAK-WORKSPACE\01 - JOBS\03 - IA E-COMMERCE\EM_ANDAMENTO\2026-10-OUTUBRO\IAC_241767400_Soundbar Philips TAB4000-78 2.0 Canais Bluetooth 60W Preto (https---drive.google.com-drive-folders-1539XiC5P1PwnApKf9IeU1K5n0zWTNpHs-usp=drive_link)\Roteiro_e_Audio
241899100,COPIADO,iac_out_241899100_andador_cosco_kids.docx,G:\Drives compartilhados\OAK-WORKSPACE\01 - JOBS\03 - IA E-COMMERCE\EM_ANDAMENTO\2026-10-OUTUBRO\IAC_241899100_Andador Infantil Cosco Kids Ziggy Musical (https---www.youtube.com-watch-v=TyVMjgphBg8)\Roteiro_e_Audio
241899100,COPIADO,iac_out_241899100_andador_cosco_kids.mp3,G:\Drives compartilhados\OAK-WORKSPACE\01 - JOBS\03 - IA E-COMMERCE\EM_ANDAMENTO\2026-10-OUTUBRO\IAC_241899100_Andador Infantil Cosco Kids Ziggy Musical (https---www.youtube.com-watch-v=TyVMjgphBg8)\Roteiro_e_Audio
241919100,COPIADO,iac_out_241919100_moedor_cafe_electrolux.docx,G:\Drives compartilhados\OAK-WORKSPACE\01 - JOBS\03 - IA E-COMMERCE\EM_ANDAMENTO\2026-10-OUTUBRO\IAC_241919100_Moedor de Café Electrolux EMC557718 10W (https---drive.google.com-drive-folders-1539XiC5P1PwnApKf9IeU1K5n0zWTNpHs-usp=drive_link)\Roteiro_e_Audio
241919100,COPIADO,iac_out_241919100_moedor_cafe_electrolux.mp3,G:\Drives compartilhados\OAK-WORKSPACE\01 - JOBS\03 - IA E-COMMERCE\EM_ANDAMENTO\2026-10-OUTUBRO\IAC_241919100_Moedor de Café Electrolux EMC557718 10W (https---drive.google.com-drive-folders-1539XiC5P1PwnApKf9IeU1K5n0zWTNpHs-usp=drive_link)\Roteiro_e_Audio
241919200,COPIADO,iac_out_241919200_gaseificador_electrolux.docx,G:\Drives compartilhados\OAK-WORKSPACE\01 - JOBS\03 - IA E-COMMERCE\EM_ANDAMENTO\2026-10-OUTUBRO\IAC_241919200_Gaseificador de Água Electrolux Efficient ESM02 (https---drive.google.com-drive-folders-1539XiC5P1PwnApKf9IeU1K5n0zWTNpHs-usp=drive_link)\Roteiro_e_Audio
241919200,COPIADO,iac_out_241919200_gaseificador_electrolux.mp3,G:\Drives compartilhados\OAK-WORKSPACE\01 - JOBS\03 - IA E-COMMERCE\EM_ANDAMENTO\2026-10-OUTUBRO\IAC_241919200_Gaseificador de Água Electrolux Efficient ESM02 (https---drive.google.com-drive-folders-1539XiC5P1PwnApKf9IeU1K5n0zWTNpHs-usp=drive_link)\Roteiro_e_Audio
241919300,COPIADO,iac_out_241919300_liquidificador_electrolux.docx,G:\Drives compartilhados\OAK-WORKSPACE\01 - JOBS\03 - IA E-COMMERCE\EM_ANDAMENTO\2026-10-OUTUBRO\IAC_241919300_Liquidificador Electrolux Efficient Sport Blender 320W 600ml Inox e Preto BSE20 (https---www.youtube.com-watch-v=8DZLiXjgees)\Roteiro_e_Audio
241919300,COPIADO,iac_out_241919300_liquidificador_electrolux.mp3,G:\Drives compartilhados\OAK-WORKSPACE\01 - JOBS\03 - IA E-COMMERCE\EM_ANDAMENTO\2026-10-OUTUBRO\IAC_241919300_Liquidificador Electrolux Efficient Sport Blender 320W 600ml Inox e Preto BSE20 (https---www.youtube.com-watch-v=8DZLiXjgees)\Roteiro_e_Audio
241923700,CRIOU Roteiro_e_Audio,,G:\Drives compartilhados\OAK-WORKSPACE\01 - JOBS\03 - IA E-COMMERCE\EM_ANDAMENTO\2026-10-OUTUBRO\IAC_241923700_Carrinho de Bebê com Bebê Conforto Joie Muze Juva 0 a 15kg  (https---drive.google.com-drive-folders-1539XiC5P1PwnApKf9IeU1K5n0zWTNpHs-usp=drive_link)\Roteiro_e_Audio
241923700,COPIADO,iac_out_241923700_carrinho_bebe_joie.docx,G:\Drives compartilhados\OAK-WORKSPACE\01 - JOBS\03 - IA E-COMMERCE\EM_ANDAMENTO\2026-10-OUTUBRO\IAC_241923700_Carrinho de Bebê com Bebê Conforto Joie Muze Juva 0 a 15kg  (https---drive.google.com-drive-folders-1539XiC5P1PwnApKf9IeU1K5n0zWTNpHs-usp=drive_link)\Roteiro_e_Audio
241923700,COPIADO,iac_out_241923700_carrinho_bebe_joie.mp3,G:\Drives compartilhados\OAK-WORKSPACE\01 - JOBS\03 - IA E-COMMERCE\EM_ANDAMENTO\2026-10-OUTUBRO\IAC_241923700_Carrinho de Bebê com Bebê Conforto Joie Muze Juva 0 a 15kg  (https---drive.google.com-drive-folders-1539XiC5P1PwnApKf9IeU1K5n0zWTNpHs-usp=drive_link)\Roteiro_e_Audio
241929200,COPIADO,iac_out_241929200_aspirador_vertical_arno.docx,G:\Drives compartilhados\OAK-WORKSPACE\01 - JOBS\03 - IA E-COMMERCE\EM_ANDAMENTO\2026-10-OUTUBRO\IAC_241929200_Aspirador de Pó Vertical Portátil Arno sem Fio 200W LXC4 X-Clean 4 Cinza e Prateado (https---www.youtube.com-watch-v=qSWJ6ZgLVag)\Roteiro_e_Audio
241929200,COPIADO,iac_out_241929200_aspirador_vertical_arno.mp3,G:\Drives compartilhados\OAK-WORKSPACE\01 - JOBS\03 - IA E-COMMERCE\EM_ANDAMENTO\2026-10-OUTUBRO\IAC_241929200_Aspirador de Pó Vertical Portátil Arno sem Fio 200W LXC4 X-Clean 4 Cinza e Prateado (https---www.youtube.com-watch-v=qSWJ6ZgLVag)\Roteiro_e_Audio
242000700,COPIADO,iac_out_242000700_mobile_musical_tiny_love.docx,G:\Drives compartilhados\OAK-WORKSPACE\01 - JOBS\03 - IA E-COMMERCE\EM_ANDAMENTO\2026-10-OUTUBRO\IAC_242000700_Móbile Musical para Berço Tiny Love (https---drive.google.com-drive-folders-1539XiC5P1PwnApKf9IeU1K5n0zWTNpHs-usp=drive_link)\Roteiro_e_Audio
242000700,COPIADO,iac_out_242000700_mobile_musical_tiny_love.mp3,G:\Drives compartilhados\OAK-WORKSPACE\01 - JOBS\03 - IA E-COMMERCE\EM_ANDAMENTO\2026-10-OUTUBRO\IAC_242000700_Móbile Musical para Berço Tiny Love (https---drive.google.com-drive-folders-1539XiC5P1PwnApKf9IeU1K5n0zWTNpHs-usp=drive_link)\Roteiro_e_Audio
242000900,COPIADO,iac_out_242000900_tapete_atividades_tiny_love.docx,G:\Drives compartilhados\OAK-WORKSPACE\01 - JOBS\03 - IA E-COMMERCE\EM_ANDAMENTO\2026-10-OUTUBRO\IAC_242000900_Tapete de Atividades Musical Tiny Love (https---drive.google.com-drive-folders-1539XiC5P1PwnApKf9IeU1K5n0zWTNpHs-usp=drive_link)\Roteiro_e_Audio
242000900,COPIADO,iac_out_242000900_tapete_atividades_tiny_love.mp3,G:\Drives compartilhados\OAK-WORKSPACE\01 - JOBS\03 - IA E-COMMERCE\EM_ANDAMENTO\2026-10-OUTUBRO\IAC_242000900_Tapete de Atividades Musical Tiny Love (https---drive.google.com-drive-folders-1539XiC5P1PwnApKf9IeU1K5n0zWTNpHs-usp=drive_link)\Roteiro_e_Audio
242005600,COPIADO,iac_out_242005600_carrinho_safety_tracer_trio.docx,G:\Drives compartilhados\OAK-WORKSPACE\01 - JOBS\03 - IA E-COMMERCE\EM_ANDAMENTO\2026-10-OUTUBRO\IAC_242005600_Carrinho de Bebê com Bebê Conforto Reversível Safety 1st Tracer Trio 0 a 22kg\Roteiro_e_Audio
242005600,COPIADO,iac_out_242005600_carrinho_safety_tracer_trio.mp3,G:\Drives compartilhados\OAK-WORKSPACE\01 - JOBS\03 - IA E-COMMERCE\EM_ANDAMENTO\2026-10-OUTUBRO\IAC_242005600_Carrinho de Bebê com Bebê Conforto Reversível Safety 1st Tracer Trio 0 a 22kg\Roteiro_e_Audio
242005700,CRIOU Roteiro_e_Audio,,G:\Drives compartilhados\OAK-WORKSPACE\01 - JOBS\03 - IA E-COMMERCE\EM_ANDAMENTO\2026-10-OUTUBRO\IAC_242005700_Berço Portátil Desmontável Safety 1st Mini Play 0 a 15kg Bege   (https---www.youtube.com-watch-v=rtdepmyOST0 - https---www.youtube.com-watch-v=pFfFZZh2hJI)\Roteiro_e_Audio
242005700,COPIADO,iac_out_242005700_berco_portatil_safety_bege.docx,G:\Drives compartilhados\OAK-WORKSPACE\01 - JOBS\03 - IA E-COMMERCE\EM_ANDAMENTO\2026-10-OUTUBRO\IAC_242005700_Berço Portátil Desmontável Safety 1st Mini Play 0 a 15kg Bege   (https---www.youtube.com-watch-v=rtdepmyOST0 - https---www.youtube.com-watch-v=pFfFZZh2hJI)\Roteiro_e_Audio
242005700,COPIADO,iac_out_242005700_berco_portatil_safety_bege.mp3,G:\Drives compartilhados\OAK-WORKSPACE\01 - JOBS\03 - IA E-COMMERCE\EM_ANDAMENTO\2026-10-OUTUBRO\IAC_242005700_Berço Portátil Desmontável Safety 1st Mini Play 0 a 15kg Bege   (https---www.youtube.com-watch-v=rtdepmyOST0 - https---www.youtube.com-watch-v=pFfFZZh2hJI)\Roteiro_e_Audio
242006200,COPIADO,iac_out_242006200_carrinho_safety_tracer.docx,G:\Drives compartilhados\OAK-WORKSPACE\01 - JOBS\03 - IA E-COMMERCE\EM_ANDAMENTO\2026-10-OUTUBRO\IAC_242006200_Carrinho de Bebê Safety 1st Tracer 0 a 22kg (https---www.youtube.com-watch-v=Yr3M_GpRFLM)\Roteiro_e_Audio
242006200,COPIADO,iac_out_242006200_carrinho_safety_tracer.mp3,G:\Drives compartilhados\OAK-WORKSPACE\01 - JOBS\03 - IA E-COMMERCE\EM_ANDAMENTO\2026-10-OUTUBRO\IAC_242006200_Carrinho de Bebê Safety 1st Tracer 0 a 22kg (https---www.youtube.com-watch-v=Yr3M_GpRFLM)\Roteiro_e_Audio
242006300,COPIADO,iac_out_242006300_berco_portatil_safety_cinza.docx,G:\Drives compartilhados\OAK-WORKSPACE\01 - JOBS\03 - IA E-COMMERCE\EM_ANDAMENTO\2026-10-OUTUBRO\IAC_242006300_Berço Portátil Desmontável Safety 1st Mini Play 0 a 15kg Cinza (https---www.youtube.com-watch-v=EQXP-K0iriQ)\Roteiro_e_Audio
242006300,COPIADO,iac_out_242006300_berco_portatil_safety_cinza.mp3,G:\Drives compartilhados\OAK-WORKSPACE\01 - JOBS\03 - IA E-COMMERCE\EM_ANDAMENTO\2026-10-OUTUBRO\IAC_242006300_Berço Portátil Desmontável Safety 1st Mini Play 0 a 15kg Cinza (https---www.youtube.com-watch-v=EQXP-K0iriQ)\Roteiro_e_Audio
242006800,COPIADO,iac_out_242006800_carrinho_safety_seed.docx,G:\Drives compartilhados\OAK-WORKSPACE\01 - JOBS\03 - IA E-COMMERCE\EM_ANDAMENTO\2026-10-OUTUBRO\IAC_242006800_Carrinho de Bebê Safety 1st Seed 0 a 15kg (https---www.youtube.com-watch-v=KCamITwoukA)\Roteiro_e_Audio
242006800,COPIADO,iac_out_242006800_carrinho_safety_seed.mp3,G:\Drives compartilhados\OAK-WORKSPACE\01 - JOBS\03 - IA E-COMMERCE\EM_ANDAMENTO\2026-10-OUTUBRO\IAC_242006800_Carrinho de Bebê Safety 1st Seed 0 a 15kg (https---www.youtube.com-watch-v=KCamITwoukA)\Roteiro_e_Audio
242006900,COPIADO,iac_out_242006900_carrinho_safety_tracer_reversivel.docx,G:\Drives compartilhados\OAK-WORKSPACE\01 - JOBS\03 - IA E-COMMERCE\EM_ANDAMENTO\2026-10-OUTUBRO\IAC_242006900_Carrinho de Bebê Safety 1st Tracer 0 a 22kg (https---drive.google.com-drive-folders-1539XiC5P1PwnApKf9IeU1K5n0zWTNpHs-usp=drive_link)\Roteiro_e_Audio
242006900,COPIADO,iac_out_242006900_carrinho_safety_tracer_reversivel.mp3,G:\Drives compartilhados\OAK-WORKSPACE\01 - JOBS\03 - IA E-COMMERCE\EM_ANDAMENTO\2026-10-OUTUBRO\IAC_242006900_Carrinho de Bebê Safety 1st Tracer 0 a 22kg (https---drive.google.com-drive-folders-1539XiC5P1PwnApKf9IeU1K5n0zWTNpHs-usp=drive_link)\Roteiro_e_Audio
242042100,COPIADO,iac_out_242042100_extratora_electrolux.docx,G:\Drives compartilhados\OAK-WORKSPACE\01 - JOBS\03 - IA E-COMMERCE\EM_ANDAMENTO\2026-10-OUTUBRO\IAC_242042100_Extratora Electrolux Portátil AcquaBoost Clean ESC10 1800W (https---www.youtube.com-watch-v=faJRAST1o-g)\Roteiro_e_Audio
242042100,COPIADO,iac_out_242042100_extratora_electrolux.mp3,G:\Drives compartilhados\OAK-WORKSPACE\01 - JOBS\03 - IA E-COMMERCE\EM_ANDAMENTO\2026-10-OUTUBRO\IAC_242042100_Extratora Electrolux Portátil AcquaBoost Clean ESC10 1800W (https---www.youtube.com-watch-v=faJRAST1o-g)\Roteiro_e_Audio
242183700,COPIADO,iac_out_242183700_microondas_electrolux_me34b.docx,G:\Drives compartilhados\OAK-WORKSPACE\01 - JOBS\03 - IA E-COMMERCE\EM_ANDAMENTO\2026-10-OUTUBRO\IAC_242183700_Micro-ondas Electrolux 34L Branco Efficient ME34B (https---drive.google.com-drive-folders-1539XiC5P1PwnApKf9IeU1K5n0zWTNpHs-usp=drive_link)\Roteiro_e_Audio
242183700,COPIADO,iac_out_242183700_microondas_electrolux_me34b.mp3,G:\Drives compartilhados\OAK-WORKSPACE\01 - JOBS\03 - IA E-COMMERCE\EM_ANDAMENTO\2026-10-OUTUBRO\IAC_242183700_Micro-ondas Electrolux 34L Branco Efficient ME34B (https---drive.google.com-drive-folders-1539XiC5P1PwnApKf9IeU1K5n0zWTNpHs-usp=drive_link)\Roteiro_e_Audio
242183900,COPIADO,iac_out_242183900_microondas_electrolux_me34s.docx,G:\Drives compartilhados\OAK-WORKSPACE\01 - JOBS\03 - IA E-COMMERCE\EM_ANDAMENTO\2026-10-OUTUBRO\IAC_242183900_Micro-ondas Electrolux 34L Cinza Espelhado Efficient ME34S (https---drive.google.com-drive-folders-1539XiC5P1PwnApKf9IeU1K5n0zWTNpHs-usp=drive_link)\Roteiro_e_Audio
242183900,COPIADO,iac_out_242183900_microondas_electrolux_me34s.mp3,G:\Drives compartilhados\OAK-WORKSPACE\01 - JOBS\03 - IA E-COMMERCE\EM_ANDAMENTO\2026-10-OUTUBRO\IAC_242183900_Micro-ondas Electrolux 34L Cinza Espelhado Efficient ME34S (https---drive.google.com-drive-folders-1539XiC5P1PwnApKf9IeU1K5n0zWTNpHs-usp=drive_link)\Roteiro_e_Audio
242332100,COPIADO,iac_out_242332100_purificador_electrolux_pn10b.docx,G:\Drives compartilhados\OAK-WORKSPACE\01 - JOBS\03 - IA E-COMMERCE\EM_ANDAMENTO\2026-10-OUTUBRO\IAC_242332100_Purificador de Água Natural Electrolux de Bancada e Parede Branco Efficient PN10B\Roteiro_e_Audio
242332100,COPIADO,iac_out_242332100_purificador_electrolux_pn10b.mp3,G:\Drives compartilhados\OAK-WORKSPACE\01 - JOBS\03 - IA E-COMMERCE\EM_ANDAMENTO\2026-10-OUTUBRO\IAC_242332100_Purificador de Água Natural Electrolux de Bancada e Parede Branco Efficient PN10B\Roteiro_e_Audio
242355100,COPIADO,iac_out_242355100_ar_condicionado_haier_9000.docx,G:\Drives compartilhados\OAK-WORKSPACE\01 - JOBS\03 - IA E-COMMERCE\EM_ANDAMENTO\2026-10-OUTUBRO\IAC_242355100_Ar-condicionado Split Hi Wall 9.000 BTUs Haier Inverter Frio Active Cool HSQB-09RC1MAP\Roteiro_e_Audio
242355100,COPIADO,iac_out_242355100_ar_condicionado_haier_9000.mp3,G:\Drives compartilhados\OAK-WORKSPACE\01 - JOBS\03 - IA E-COMMERCE\EM_ANDAMENTO\2026-10-OUTUBRO\IAC_242355100_Ar-condicionado Split Hi Wall 9.000 BTUs Haier Inverter Frio Active Cool HSQB-09RC1MAP\Roteiro_e_Audio
242355200,COPIADO,iac_out_242355200_ar_condicionado_haier_12000.docx,G:\Drives compartilhados\OAK-WORKSPACE\01 - JOBS\03 - IA E-COMMERCE\EM_ANDAMENTO\2026-10-OUTUBRO\IAC_242355200_Ar-condicionado Split Hi Wall 12.000 BTUs Haier Inverter Frio Active Cool HSQB-12RC1MAP\Roteiro_e_Audio
242355200,COPIADO,iac_out_242355200_ar_condicionado_haier_12000.mp3,G:\Drives compartilhados\OAK-WORKSPACE\01 - JOBS\03 - IA E-COMMERCE\EM_ANDAMENTO\2026-10-OUTUBRO\IAC_242355200_Ar-condicionado Split Hi Wall 12.000 BTUs Haier Inverter Frio Active Cool HSQB-12RC1MAP\Roteiro_e_Audio
