linha,sku,produto,af,motivo,revisar,obs_cliente
325,240843400,Bebida Mista Beats Green Mix Frutas Verdes 269ml 8 Unidades,REINSERÇÃO CENAS IA,IA alucinou o texto em duas cenas,,"0:01 - IA alucinou o texto.
0:08 - IA alucinou o texto."
445,237634400,Kit Lâminas Phillips OneBlade Face + Body,REINSERÇÃO CENAS IA,IA alucinou texto da embalagem,,"0:01 - IA alucinou texto da embalagem
0:07 - IA alucinou texto da embalagem"
711,237352900,"Amaciante Comfort Concentrado Mais Perfume Lavanda 1,5L",REINSERÇÃO CENAS IA,IA alucinou texto da embalagem em tres cenas,,"0:03 - IA alucinou texto da embalagem
0:07 - IA alucinou texto da embalagem
0:09 - IA alucinou texto da embalagem"
782,241386000,Mini Figura Surpresa Copa do Mundo FIFA 2026,Alteração,não é reinserção IA: só incluir lettering de sortimento na edição (roteiro já contempla),,"O produto é sortimento, mas não menciona isso no vídeo."
1198,232049400,"Faca para Churrasco Tramontina Inox 4""",REINSERÇÃO CENAS IA edição,so abre com embalagem em pe,,vídeo começa com embalagem em pé
1213,232059300,Espátula para Pizza Inox Tramontina Utilità,REINSERÇÃO CENAS IA,ambientada com doces sendo espatula de pizza + cena repetida,,"começo do vídeo com embalagem.
0:06 - Mesma cena aparece duas vezes seguidas, com zoom.
O produto é uma espátula para pizza. Na maior parte do vídeo aparece ela ambientada ao lado de doces."
1214,232059100,Espátula para Pizza Inox Tramontina Utilità,REINSERÇÃO CENAS IA,ambientada com doces sendo espatula de pizza,,"0:03 - Começo do vídeo com produto na embalagem.
O ideal é seguir a indicação do produto. Esse produto é indicado pra pizza. Foi ambientado na maior parte do vídeo com doces."
1229,232070400,"Faca Chef Inox 6"" Tramontina Plenu",REINSERÇÃO CENAS IA,faca flutuando e cortando fruta em vez de carne,,"começo do vídeo com embalagem em pé.
0:15 - faca flutuando
0:16 - embalagem em pé.
Roteiro diz que é indicado pra carnes, mas no vídeo só passa ela cortando maçã e tomate."
1230,232069900,"Faca Chef Inox 6"" Tramontina Plenu",REINSERÇÃO CENAS IA,"corta couve e tomate, audio diz carnes - a cena esta errada",,"vídeo começa com embalagem em pé
No áudio diz que ela é indicada pra carnes e churrasco, mas no vídeo só mostra ela cortando couve e tomate."
1231,232070700,"Faca para Tomate Tramontina Plenus Inox Preto 5"" 23428105",REINSERÇÃO CENAS IA,embalagem em cima do tomate,,"0:03 - Vídeo começa com embalagem em pé.
0:16 - embalagem em cima do tomate."
1232,232070800,"Faca para Tomates Tramontina Inox 5"" Plenu",REINSERÇÃO CENAS IA,IA alucinou a cena,,"0:05 - embalagem em pé
0:12 - IA alucinou a cena."
1234,232085100,Pá para Bolo Inox Tramontina Utilitá,REINSERÇÃO CENAS IA,"pa flutuando, ao lado de salmao, cabo errado",,"0:02 - Pá para bolo ambientada ao lado de um salmão.
0:09 - Pá flutuando.
0:12 - Cabo tá todo em inox.
0:13 - Cabo tá todo em inox.
0:14 - Aparece rapidamente uma cena e some.
0:15 - Cabo tá todo em inox."
1235,232085800,Pegador Multiuso Nylon Tramontina Ability Preto,REINSERÇÃO CENAS IA,modelo completamente diferente,,"0:06 - Modelo completamente diferente.
0:09 - Ponta do cabo diferente
0:11 - Tá escrito Tramontina no cabo"
1236,232086000,Pegador Multiuso Nylon Tramontina Ability Vermelho,REINSERÇÃO CENAS IA,produto completamente diferente,,"0:17 - produto completamente diferente.
0:18 - aqui aparecem outros produtos diferentes do produto anunciado."
1238,232086100,Pegador de Massas Inox e Nylon Tramontina Utilitá,REINSERÇÃO CENAS IA edição,so abre com embalagem,,começo do vídeo com embalagem.
1239,232086900,Raspador de Limão de Inox Tramontina Utilitá,REINSERÇÃO CENAS IA,produto em pe sozinho em quatro cenas,,"Vídeo começa com produto na embalagem, em pé.
0:10 - Produto em pé, sozinho
0:13 - Produto em pé, sozinho
0:14 - Produto em pé, sozinho
0:15 - Produto em pé, sozinho"
1244,232088900,Colher de Servir Tramontina Ability Vermelho,REINSERÇÃO CENAS IA,embalagem pendurada em cima do fogao + cena repetida,,"0:03 - Vídeo começa com embalagem.
0:14 - Embalagem pendura em cima do fogão.
0:16 - Embalagem pendura em cima do fogão.
0:17 - Mesma cena passa duas vezes seguidas."
1248,232089600,Concha para Molho Inox Tramontina Utilitá Branca,REINSERÇÃO CENAS IA/áudio,panela suja e uso errado + audio duplicado,,"0:04 - panela toda suja. A concha é para molho. Mas tá sendo usada para pegar sopa.
0:06 - Parece que tá duplicado o áudio."
1250,232089900,Escumadeira Inox Tramontina Utilitá,REINSERÇÃO CENAS IA,IA alucinou o local onde esta pendurada,,"0:03 - Vídeo começa com embalagem. IA alucinou o local onde tá pendura.
0:07 - IA alucinou o local onde tá pendura."
1253,232090100,"Concha de Feijão e Sopa Inox Tramontina Utilitá Preta 30,8cm",REINSERÇÃO CENAS IA,ambientacao desconexa,,0:04 - ambientação desconexa.
1257,232090700,Colher de Servir Aço Inox Tramontina Utilitá,Alteração/áudio,não é reinserção: editor faz a alteração + regravar áudio,,"0:02 - Vídeo começa com produto na embalagem.
0:17 - Parece que a Lu fala: - fácil de limpar ""ta na"" mão ou na máquina."
1264,232095400,Jogo de Colher Tramontina New Kolor 3 Peças,REINSERÇÃO CENAS IA edição,só edição: cortar as cenas,,"0:07 - O jogo tem 3 colheres. Mas aparecem 8. Pode gerar confusão e sac.
0:10 - A letra ""ô"" de ""anatômico"" tá minúsculo.
0:11 - A letra ""ã"" de ""mão"" tá minúsculo."
1269,232096100,Jogo de Colher Tramontina New Kolor Azul 3 Peças,REINSERÇÃO CENAS IA edição,só edição: cortar as cenas,,"0:17 - Apareceram 05 colheres, mas no kit vem 03. Pode gerar confusão e sac."
1270,232096300,Jogo de Colher Tramontina New Kolor Vermelho 3 Peças,REINSERÇÃO CENAS IA,colher de cha ambientada como de sopa,,"Vídeo começa com produto dentro da embalagem, em pé. Além disso, são colheres de chá, mas pelo tamanho, parecem colheres de sopa.
0:09 - São colheres de chá, mas pelo tamanho, parecem colheres de sopa.
0:10 - É uma colher de chá, no vídeo está sendo usada para comer sopa.
0:12 - Ambientação desconexa com a real utilidade do produto.
Vídeo todo feito para uma colher de sopa. Produto original é colher de chá."
1271,232096400,Jogo de Colher Tramontina New Kolor Azul 12 Peças,REINSERÇÃO CENAS IA,video todo feito como colher de mesa sendo de cha,,"0:01 - É uma colher de chá, ela ta ambientada como se fosse de sobremesa.
0:08 - A colher de chá, tá servindo sopa.
0:09 - bugou a caixa azul de texto.
0:12 - a colher é de chá!
...
Restante do vídeo TODO feito como se fosse colher de mesa!"
1273,232097400,Jogo de Colher Tramontina Leme Vermelho 12 Peças,REINSERÇÃO CENAS IA,aparecem mais colheres do que o kit tem,,"0:02 - O kit vem com 12 colheres, mas aparecem mais. Pode gerar confusão e sac.
0:11 - O kit vem com 12 colheres, mas aparecem mais.
0:12 - Aparece um take rapidamente e logo some."
1278,232099300,Jogo de Colher Tramontina Ipanema Branco 12 Peças,REINSERÇÃO CENAS IA,colheres minusculas,,0:18 - As colheres são de mesa e estão minúsculas
1280,232098100,Jogo de Colher Tramontina Ipanema Azul 3 Peças,REINSERÇÃO CENAS IA,produto na embalagem e desproporcional,,"0:14 - Produto na embalagem, ambientado em cima da mesa. Bem maior do que o resto dos objetos"
1281,232099000,Jogo de Colher Tramontina Ipanema Preto 12 Peças,REINSERÇÃO CENAS IA,"IA alucina a colher, bug de transicao e corte",,"0:04 - Deu bug na transição, passa muito rápido.
0:05 - A IA alucina a colher. Aparece primeiro com o cabo de um lado e depois vira pro outro.
0:07 - Tem um corte no vídeo."
1283,232099200,Jogo de Colher Tramontina Ipanema Vermelho 12 Peças,REINSERÇÃO CENAS IA,colheres de mesa ambientadas com cafe - ambientacao desconexa,,"0:03 - Vídeo começa com embalagem em pé
0:04 - As colheres são de mesa, mas foram ambientadas ao lado de café e biscoitos.
0:09 - Em primeiro plano aparece uma xícara de café com uma colher de café. As colheres são de mesa.
0:21 - Ambientação desconexa."
1288,232100600,Jogo de Colher Tramontina Ipanema Vermelho 12 Peças,REINSERÇÃO CENAS IA,colher de cha ambientada com cafe e doce,,"0:02 - Colher de chá, mas foi ambientada com café.
0:10 - Colher de chá, tão comendo doce.
0:11 a 0:14 - Colher de chá para comer doce.
0:18 - Colher de chá para comer doce."
1289,232100400,Jogo de Colher Tramontina Ipanema Preto 12 Peças,REINSERÇÃO CENAS IA,video todo feito como colher de mesa sendo de cha,,"A colher é de chá, vídeo todo feito como se fosse colher de mesa!"
1290,232099900,Jogo de Colher Tramontina Ipanema Vermelho 3 Peças,REINSERÇÃO CENAS IA,colher de cha feita como de sopa,,"Vídeo começa com embalagem em pé.
Colher de chá, vídeo feito como se fosse colher de sopa."
1292,232099400,Jogo de Colher Tramontina Ipanema Preto 3 Peças,REINSERÇÃO CENAS IA,video todo feito como colher de mesa sendo de cha,,Colher de chá. Vídeo todo feito como se fosse colher de mesa.
1296,232102300,Garfo de Mesa Tramontina Aço Inox Churrasco,REINSERÇÃO CENAS IA,comeco do cabo diferente do original,,0:03 - o começo do cabo tá diferente
1302,232103400,Jogo de Garfos de Mesa Tramontina Inox New Kolor 12 Peças,REINSERÇÃO CENAS IA edição,so abre com produto na embalagem,,0:03 - Vídeo começa com produto na embalagem.
1304,232104200,Jogo de Garfos de Mesa Tramontina Inox Leme 12 Peças,REINSERÇÃO CENAS IA edição,"video tremendo, legenda bugada, embalagem em pe",,"0:07 - O vídeo tá tremendo.
0:11 - Bugou o contorno azul da legenda.
0:17 - Embalagem em pé."
1306,232104600,Jogo de Garfos de Mesa Tramontina Inox Ipanema 3 Peças,REINSERÇÃO CENAS IA edição,so embalagem em pe em 0:12,,0:12 - Embalagem em pé.
1316,232180100,Kit Babador de Silicone Tramontina Urso Le Petit com Colher,REINSERÇÃO CENAS IA/áudio,modelo diferente + trepidacao na voz e locucao desconexa,,"0:03 até 0:12 - Modelo completamente diferente do original.
0:12 - Na hora que fala ""fungos"" dá uma trepidação na voz.
0:14 - colher diferente do original
0:14 - Locução desconexa. Tá falando: ""e em silicone e polipropileno poder direto na lava-louças"""
1319,232448400,Bicicleta Aro 29 Dropp RS3 Alumínio Freio a Disco,REINSERÇÃO CENAS IA,detalhes da bicicleta diferentes e paisagem estrangeira,,"0:04 - Os detalhes no cano da roda da frente tão diferentes. O cano onde vai o banco tbm tá diferente.
0:06 - Os detalhes no cano da roda da frente tão diferentes. O cano onde vai o banco tbm tá diferente.
0:18 - paisagem estrangeira."
1323,232524200,Cama Box Solteiro Aiam Colchões 54x88x188cm,REINSERÇÃO CENAS IA edição,faltou regua de medidas - elemento grafico,,Faltou régua de medidas.
1324,232524100,Cama Box Casal Aiam Colchões 54x138x188cm,Alteração áudio,ela fala 'e' duas vezes; a regua o editor resolve,SIM,"0:12 - Ela fala ""e"" duas vezes seguidas ""reflorestada e e ainda tem proteção""
Faltou régua de medidas."
1336,234659600,Geladeira/Refrigerador Midea Frost Free - Duplex 347L SmartSensor MD-RT468MTA041,REINSERÇÃO CENAS IA,modelo e proporcao da geladeira diferentes,,"0:13 - A parte de dentro da geladeira tá diferente do original.
0:15 - Geladeira tá mais larga do que realmente é.
0:20 - Modelo de geladeira tá diferente."
1386,235465200,Patins In Line Gonew Fitness Abec 9 Azul,REINSERÇÃO CENAS IA,rodas diferentes e falta o freio traseiro,,"0:05 - os detalhes das rodas tão diferentes
0:10 - tá faltando o freio traseiro. A parte de trás dos patins tá diferente"
