linha,sku,produto_email,produto_planilha,nome,af_novo,af_atual,aj_novo,aj_atual,editor,flag,af_proposto,confianca,motivo
374,241107500,Fechadura Digital ELG Signature Pro SHFP703 com Senha e Biométrica de Embutir Wi-Fi,Fechadura Digital ELG Signature Pro SHFP703 com Senha e Biométrica de Embutir Wi-Fi,exato,Aprovado,,,,Bidóia,,Aprovado,alta,lista de aprovados
379,240805000,"Smartphone Huawei Pura 80 Ultra 512GB 16GB RAM Dourado 6,8"" Câm Quádrupla + Selfie 13MP","Smartphone Huawei Pura 80 Ultra 512GB 16GB RAM Dourado 6,8"" Câm Quádrupla + Selfie 13MP",exato,Aprovado,,,,Lucas,,Aprovado,alta,lista de aprovados
614,240347500,Comidinha para Brincar Mini Horta Lulie Kids,Comidinha para Brincar Mini Horta Lulie Kids,exato,Aprovado,,,,Lucas,,Aprovado,alta,lista de aprovados
616,238160800,Boneca Baby Alive Harper Hugs Bebê Shampoo,Boneca Baby Alive Harper Hugs Bebê Shampoo,exato,Aprovado,,,,Lucas,,Aprovado,alta,lista de aprovados
1228,232069100,"Faca para Churrasco Tramontina Inox 6"" Plenus",Faca para Churrasco Tramontina Inox 6” Plenus,exato,Aprovado,,,,Diogo,,Aprovado,alta,lista de aprovados
1233,232085000,Pá para Bolo Inox Tramontina Utilitá,Pá para Bolo Inox Tramontina Utilitá,exato,Aprovado,,,,Diogo,,Aprovado,alta,lista de aprovados
1242,232087700,Colher de Servir Tramontina Ability Vermelho,Colher de Servir Tramontina Ability Vermelho,exato,Aprovado,,,,Diogo,,Aprovado,alta,lista de aprovados
1247,232089200,"Concha de Sorvete Inox Utilitá 21,1cm","Concha de Sorvete Inox Utilitá 21,1cm",exato,Aprovado,,,,Diogo,,Aprovado,alta,lista de aprovados
1251,232089700,Escumadeira Inox Tramontina Utilitá,Escumadeira Inox Tramontina Utilitá,exato,Aprovado,,,,Diogo,,Aprovado,alta,lista de aprovados
1252,232090300,Concha de Feijão e Sopa Inox Tramontina Utilitá,Concha de Feijão e Sopa Inox Tramontina Utilitá,exato,Aprovado,,,,Diogo,,Aprovado,alta,lista de aprovados
1254,232090400,Concha de Feijão e Sopa Inox Tramontina Utilitá,Concha de Feijão e Sopa Inox Tramontina Utilitá,exato,Aprovado,,,,Diogo,,Aprovado,alta,lista de aprovados
1255,232090500,Colher de Servir Aço Inox Tramontina Utilitá,Colher de Servir Aço Inox Tramontina Utilitá,exato,Aprovado,,,,Diogo,,Aprovado,alta,lista de aprovados
1256,232090800,Colher de Servir Aço Inox Tramontina Utilitá,Colher de Servir Aço Inox Tramontina Utilitá,exato,Aprovado,,,,Diogo,,Aprovado,alta,lista de aprovados
1260,232095000,Jogo de Colher Tramontina Dynamic Castanho 12 Peças,Jogo de Colher Tramontina Dynamic Castanho 12 Peças,exato,Aprovado,,,,Diogo,,Aprovado,alta,lista de aprovados
1266,232095300,Jogo de Colher Tramontina New Kolor 3 Peças,Jogo de Colher Tramontina New Kolor 3 Peças,exato,Aprovado,,,,Diogo,,Aprovado,alta,lista de aprovados
1267,232095900,Jogo de Colher Tramontina New Kolor 12 Peças,Jogo de Colher Tramontina New Kolor 12 Peças,exato,Aprovado,,,,Diogo,,Aprovado,alta,lista de aprovados
1268,232095800,Jogo de Colher Tramontina New Kolor 12 Peças,Jogo de Colher Tramontina New Kolor 12 Peças,exato,Aprovado,,,,Diogo,,Aprovado,alta,lista de aprovados
1282,232098500,Jogo de Colher Tramontina Ipanema Vermelho 3 Peças,Jogo de Colher Tramontina Ipanema Vermelho 3 Peças,exato,Aprovado,,,,Diogo,,Aprovado,alta,lista de aprovados
1291,232100500,Jogo de Colher Tramontina Ipanema Azul 12 Peças,Jogo de Colher Tramontina Ipanema Azul 12 Peças,exato,Aprovado,,,,Diogo,,Aprovado,alta,lista de aprovados
1294,232101700,Garfo de Mesa Tramontina Aço Inox Churrasco,Garfo de Mesa Tramontina Aço Inox Churrasco,exato,Aprovado,,,,Diogo,,Aprovado,alta,lista de aprovados
1295,232102400,Garfo de Mesa Tramontina Aço Inox Churrasco,Garfo de Mesa Tramontina Aço Inox Churrasco,exato,Aprovado,,,,Diogo,,Aprovado,alta,lista de aprovados
1301,232103100,Jogo de Garfos de Mesa Tramontina Inox New Kolor 3 Peças,Jogo de Garfos de Mesa Tramontina Inox New Kolor 3 Peças,exato,Aprovado,,,,Diogo,,Aprovado,alta,lista de aprovados
1303,232104500,Jogo de Garfos de Mesa Tramontina Inox Leme 12 Peças,Jogo de Garfos de Mesa Tramontina Inox Leme 12 Peças,exato,Aprovado,,,,Diogo,,Aprovado,alta,lista de aprovados
1305,232105100,Jogo de Garfos de Mesa Tramontina Inox Ipanema 3 Peças,Jogo de Garfos de Mesa Tramontina Inox Ipanema 3 Peças,exato,Aprovado,,,,Diogo,,Aprovado,alta,lista de aprovados
1307,232104700,Jogo de Garfos de Mesa Tramontina Inox Ipanema 3 Peças,Jogo de Garfos de Mesa Tramontina Inox Ipanema 3 Peças,exato,Aprovado,,,,Diogo,,Aprovado,alta,lista de aprovados
1308,232105800,Jogo de Garfos de Mesa Tramontina Inox Ipanema 12 Peças,Jogo de Garfos de Mesa Tramontina Inox Ipanema 12 Peças,exato,Aprovado,,,,Diogo,,Aprovado,alta,lista de aprovados
1311,232105700,Jogo de Garfos de Mesa Tramontina Inox Ipanema 12 Peças,Jogo de Garfos de Mesa Tramontina Inox Ipanema 12 Peças,exato,Aprovado,,,,Diogo,,Aprovado,alta,lista de aprovados
1313,232106500,Garfo Trinchante Tramontina Aço Inox Utilità,Garfo Trinchante Tramontina Aço Inox Utilità,exato,Aprovado,,,,Diogo,,Aprovado,alta,lista de aprovados
1358,234976700,"Fervedor Tramontina de Alumínio 1,2L 12cm Paris","Fervedor Tramontina de Alumínio 1,2L 12cm Paris",exato,Aprovado,,,,Bidóia,,Aprovado,alta,lista de aprovados
325,240843400,Bebida Mista Beats Green Mix Frutas Verdes 269ml 8 Unidades,Bebida Mista Beats Green Mix Frutas Verdes 269ml 8 Unidades,exato,__ALTERACAO__,,"0:01 - IA alucinou o texto.
0:08 - IA alucinou o texto.",,Lucas,SKU em 2 linhas,REINSERÇÃO CENAS IA,alta,cena precisa ser refeita
1137,240843400,Bebida Mista Beats Green Mix Frutas Verdes 269ml 8 Unidades,Bebida Mista Beats Green Mix Frutas Verdes 269ml 8 Unidades,exato,__ALTERACAO__,,"0:01 - IA alucinou o texto.
0:08 - IA alucinou o texto.",,Lucas,SKU em 2 linhas,REINSERÇÃO CENAS IA,alta,cena precisa ser refeita
445,237634400,Kit Lâminas Phillips OneBlade Face + Body,Kit Lâminas Phillips OneBlade Face + Body,exato,__ALTERACAO__,,"0:01 - IA alucinou texto da embalagem
0:07 - IA alucinou texto da embalagem",,Lucas,SKU em 2 linhas,REINSERÇÃO CENAS IA,alta,cena precisa ser refeita
1143,237634400,Kit Lâminas Phillips OneBlade Face + Body,Kit Lâminas Phillips OneBlade Face + Body,exato,__ALTERACAO__,,"0:01 - IA alucinou texto da embalagem
0:07 - IA alucinou texto da embalagem",,Bidóia,SKU em 2 linhas,REINSERÇÃO CENAS IA,alta,cena precisa ser refeita
711,237352900,"Amaciante Comfort Concentrado Mais Perfume Lavanda 1,5L","Amaciante Comfort Concentrado Mais Perfume Lavanda 1,5L",exato,__ALTERACAO__,,"0:03 - IA alucinou texto da embalagem
0:07 - IA alucinou texto da embalagem
0:09 - IA alucinou texto da embalagem",,Lucas,,REINSERÇÃO CENAS IA,alta,cena precisa ser refeita
782,241386000,Mini Figura Surpresa Copa do Mundo FIFA 2026,Mini Figura Surpresa Copa do Mundo FIFA 2026,exato,__ALTERACAO__,,"O produto é sortimento, mas não menciona isso no vídeo.",,Lucas,,REINSERÇÃO CENAS IA,alta,cena precisa ser refeita
1198,232049400,"Faca para Churrasco Tramontina Inox 4""",Faca para Churrasco Tramontina Inox 4”,exato,__ALTERACAO__,,vídeo começa com embalagem em pé,,Diogo,,REINSERÇÃO CENAS IA edição,media,so problema de edicao
1213,232059300,Espátula para Pizza Inox Tramontina Utilità,Espátula para Pizza Inox Tramontina Utilità,exato,__ALTERACAO__,,"começo do vídeo com embalagem.
0:06 - Mesma cena aparece duas vezes seguidas, com zoom.
O produto é uma espátula para pizza. Na maior parte do vídeo aparece ela ambientada ao lado de doces.",,Diogo,,REINSERÇÃO CENAS IA,alta,cena precisa ser refeita
1214,232059100,Espátula para Pizza Inox Tramontina Utilità,Espátula para Pizza Inox Tramontina Utilità,exato,__ALTERACAO__,,"0:03 - Começo do vídeo com produto na embalagem.
O ideal é seguir a indicação do produto. Esse produto é indicado pra pizza. Foi ambientado na maior parte do vídeo com doces.",,Diogo,,REINSERÇÃO CENAS IA edição,media,so problema de edicao
1229,232070400,"Faca Chef Inox 6"" Tramontina Plenu",Faca Chef Inox 6” Tramontina Plenu,exato,__ALTERACAO__,,"começo do vídeo com embalagem em pé.
0:15 - faca flutuando
0:16 - embalagem em pé.
Roteiro diz que é indicado pra carnes, mas no vídeo só passa ela cortando maçã e tomate.",,Diogo,,REINSERÇÃO CENAS IA/roteiro,media,cena + roteiro citado
1230,232069900,"Faca Chef Inox 6"" Tramontina Plenu",Faca Chef Inox 6” Tramontina Plenu,exato,__ALTERACAO__,,"vídeo começa com embalagem em pé
No áudio diz que ela é indicada pra carnes e churrasco, mas no vídeo só mostra ela cortando couve e tomate.",,Diogo,,Alteração,BAIXA,so audio - sem valor proprio no vocabulario
1231,232070700,"Faca para Tomate Tramontina Plenus Inox Preto 5"" 23428105","Faca para Tomate Tramontina Plenus Inox Preto 5"" 23428105",exato,__ALTERACAO__,,"0:03 - Vídeo começa com embalagem em pé.
0:16 - embalagem em cima do tomate.",,Diogo,,REINSERÇÃO CENAS IA,alta,cena precisa ser refeita
1232,232070800,"Faca para Tomates Tramontina Inox 5"" Plenu",Faca para Tomates Tramontina Inox 5” Plenu,exato,__ALTERACAO__,,"0:05 - embalagem em pé
0:12 - IA alucinou a cena.",,Diogo,,REINSERÇÃO CENAS IA,alta,cena precisa ser refeita
1234,232085100,Pá para Bolo Inox Tramontina Utilitá,Pá para Bolo Inox Tramontina Utilitá,exato,__ALTERACAO__,,"0:02 - Pá para bolo ambientada ao lado de um salmão.
0:09 - Pá flutuando.
0:12 - Cabo tá todo em inox.
0:13 - Cabo tá todo em inox.
0:14 - Aparece rapidamente uma cena e some.
0:15 - Cabo tá todo em inox.",,Diogo,,REINSERÇÃO CENAS IA,alta,cena precisa ser refeita
1235,232085800,Pegador Multiuso Nylon Tramontina Ability Preto,Pegador Multiuso Nylon Tramontina Ability Preto,exato,__ALTERACAO__,,"0:06 - Modelo completamente diferente.
0:09 - Ponta do cabo diferente
0:11 - Tá escrito Tramontina no cabo",,Diogo,,REINSERÇÃO CENAS IA,alta,cena precisa ser refeita
1236,232086000,Pegador Multiuso Nylon Tramontina Ability Vermelho,Pegador Multiuso Nylon Tramontina Ability Vermelho,exato,__ALTERACAO__,,"0:17 - produto completamente diferente.
0:18 - aqui aparecem outros produtos diferentes do produto anunciado.",,Diogo,,REINSERÇÃO CENAS IA,alta,cena precisa ser refeita
1238,232086100,Pegador de Massas Inox e Nylon Tramontina Utilitá,Pegador de Massas Inox e Nylon Tramontina Utilitá,exato,__ALTERACAO__,,começo do vídeo com embalagem.,,Diogo,,REINSERÇÃO CENAS IA edição,media,so problema de edicao
1239,232086900,Raspador de Limão de Inox Tramontina Utilitá,Raspador de Limão de Inox Tramontina Utilitá,exato,__ALTERACAO__,,"Vídeo começa com produto na embalagem, em pé.
0:10 - Produto em pé, sozinho
0:13 - Produto em pé, sozinho
0:14 - Produto em pé, sozinho
0:15 - Produto em pé, sozinho",,Diogo,,REINSERÇÃO CENAS IA edição,media,so problema de edicao
1244,232088900,Colher de Servir Tramontina Ability Vermelho,Colher de Servir Tramontina Ability Vermelho,exato,__ALTERACAO__,,"0:03 - Vídeo começa com embalagem.
0:14 - Embalagem pendura em cima do fogão.
0:16 - Embalagem pendura em cima do fogão.
0:17 - Mesma cena passa duas vezes seguidas.",,Diogo,,REINSERÇÃO CENAS IA,alta,cena precisa ser refeita
1248,232089600,Concha para Molho Inox Tramontina Utilitá Branca,Concha para Molho Inox Tramontina Utilitá Branca,exato,__ALTERACAO__,,"0:04 - panela toda suja. A concha é para molho. Mas tá sendo usada para pegar sopa.
0:06 - Parece que tá duplicado o áudio.",,Diogo,,REINSERÇÃO CENAS IA/áudio,media,cena + audio citado
1250,232089900,Escumadeira Inox Tramontina Utilitá,Escumadeira Inox Tramontina Utilitá,exato,__ALTERACAO__,,"0:03 - Vídeo começa com embalagem. IA alucinou o local onde tá pendura.
0:07 - IA alucinou o local onde tá pendura.",,Diogo,,REINSERÇÃO CENAS IA,alta,cena precisa ser refeita
1253,232090100,"Concha de Feijão e Sopa Inox Tramontina Utilitá Preta 30,8cm","Concha de Feijão e Sopa Inox Tramontina Utilitá Preta 30,8cm",exato,__ALTERACAO__,,0:04 - ambientação desconexa.,,Diogo,,REINSERÇÃO CENAS IA,alta,cena precisa ser refeita
1257,232090700,Colher de Servir Aço Inox Tramontina Utilitá,Colher de Servir Aço Inox Tramontina Utilitá,exato,__ALTERACAO__,,"0:02 - Vídeo começa com produto na embalagem.
0:17 - Parece que a Lu fala: - fácil de limpar ""ta na"" mão ou na máquina.",,Diogo,,Alteração,BAIXA,so audio - sem valor proprio no vocabulario
1264,232095400,Jogo de Colher Tramontina New Kolor 3 Peças,Jogo de Colher Tramontina New Kolor 3 Peças,exato,__ALTERACAO__,,"0:07 - O jogo tem 3 colheres. Mas aparecem 8. Pode gerar confusão e sac.
0:10 - A letra ""ô"" de ""anatômico"" tá minúsculo.
0:11 - A letra ""ã"" de ""mão"" tá minúsculo.",,Diogo,,REINSERÇÃO CENAS IA,alta,cena precisa ser refeita
1269,232096100,Jogo de Colher Tramontina New Kolor Azul 3 Peças,Jogo de Colher Tramontina New Kolor Azul 3 Peças,exato,__ALTERACAO__,,"0:17 - Apareceram 05 colheres, mas no kit vem 03. Pode gerar confusão e sac.",,Diogo,,REINSERÇÃO CENAS IA,alta,cena precisa ser refeita
1270,232096300,Jogo de Colher Tramontina New Kolor Vermelho 3 Peças,Jogo de Colher Tramontina New Kolor Vermelho 3 Peças,exato,__ALTERACAO__,,"Vídeo começa com produto dentro da embalagem, em pé. Além disso, são colheres de chá, mas pelo tamanho, parecem colheres de sopa.
0:09 - São colheres de chá, mas pelo tamanho, parecem colheres de sopa.
0:10 - É uma colher de chá, no vídeo está sendo usada para comer sopa.
0:12 - Ambientação desconexa com a real utilidade do produto.
Vídeo todo feito para uma colher de sopa. Produto original é colher de chá.",,Diogo,,REINSERÇÃO CENAS IA,alta,cena precisa ser refeita
1271,232096400,Jogo de Colher Tramontina New Kolor Azul 12 Peças,Jogo de Colher Tramontina New Kolor Azul 12 Peças,exato,__ALTERACAO__,,"0:01 - É uma colher de chá, ela ta ambientada como se fosse de sobremesa.
0:08 - A colher de chá, tá servindo sopa.
0:09 - bugou a caixa azul de texto.
0:12 - a colher é de chá!
...
Restante do vídeo TODO feito como se fosse colher de mesa!",,Diogo,,REINSERÇÃO CENAS IA,alta,cena precisa ser refeita
1273,232097400,Jogo de Colher Tramontina Leme Vermelho 12 Peças,Jogo de Colher Tramontina Leme Vermelho 12 Peças,exato,__ALTERACAO__,,"0:02 - O kit vem com 12 colheres, mas aparecem mais. Pode gerar confusão e sac.
0:11 - O kit vem com 12 colheres, mas aparecem mais.
0:12 - Aparece um take rapidamente e logo some.",,Diogo,,REINSERÇÃO CENAS IA,alta,cena precisa ser refeita
1278,232099300,Jogo de Colher Tramontina Ipanema Branco 12 Peças,Jogo de Colher Tramontina Ipanema Branco 12 Peças,exato,__ALTERACAO__,,0:18 - As colheres são de mesa e estão minúsculas,,Diogo,,REINSERÇÃO CENAS IA,alta,cena precisa ser refeita
1280,232098100,Jogo de Colher Tramontina Ipanema Azul 3 Peças,Jogo de Colher Tramontina Ipanema Azul 3 Peças,exato,__ALTERACAO__,,"0:14 - Produto na embalagem, ambientado em cima da mesa. Bem maior do que o resto dos objetos",,Diogo,,REINSERÇÃO CENAS IA,alta,cena precisa ser refeita
1281,232099000,Jogo de Colher Tramontina Ipanema Preto 12 Peças,Jogo de Colher Tramontina Ipanema Preto 12 Peças,exato,__ALTERACAO__,,"0:04 - Deu bug na transição, passa muito rápido.
0:05 - A IA alucina a colher. Aparece primeiro com o cabo de um lado e depois vira pro outro.
0:07 - Tem um corte no vídeo.",,Diogo,,REINSERÇÃO CENAS IA,alta,cena precisa ser refeita
1283,232099200,Jogo de Colher Tramontina Ipanema Vermelho 12 Peças,Jogo de Colher Tramontina Ipanema Vermelho 12 Peças,exato,__ALTERACAO__,,"0:03 - Vídeo começa com embalagem em pé
0:04 - As colheres são de mesa, mas foram ambientadas ao lado de café e biscoitos.
0:09 - Em primeiro plano aparece uma xícara de café com uma colher de café. As colheres são de mesa.
0:21 - Ambientação desconexa.",,Diogo,,REINSERÇÃO CENAS IA,alta,cena precisa ser refeita
1288,232100600,Jogo de Colher Tramontina Ipanema Vermelho 12 Peças,Jogo de Colher Tramontina Ipanema Vermelho 12 Peças,exato,__ALTERACAO__,,"0:02 - Colher de chá, mas foi ambientada com café.
0:10 - Colher de chá, tão comendo doce.
0:11 a 0:14 - Colher de chá para comer doce.
0:18 - Colher de chá para comer doce.",,Diogo,,REINSERÇÃO CENAS IA,alta,cena precisa ser refeita
1289,232100400,Jogo de Colher Tramontina Ipanema Preto 12 Peças,Jogo de Colher Tramontina Ipanema Preto 12 Peças,exato,__ALTERACAO__,,"A colher é de chá, vídeo todo feito como se fosse colher de mesa!",,Diogo,,REINSERÇÃO CENAS IA,alta,cena precisa ser refeita
1290,232099900,Jogo de Colher Tramontina Ipanema Vermelho 3 Peças,Jogo de Colher Tramontina Ipanema Vermelho 3 Peças,exato,__ALTERACAO__,,"Vídeo começa com embalagem em pé.
Colher de chá, vídeo feito como se fosse colher de sopa.",,Diogo,,REINSERÇÃO CENAS IA,alta,cena precisa ser refeita
1292,232099400,Jogo de Colher Tramontina Ipanema Preto 3 Peças,Jogo de Colher Tramontina Ipanema Preto 3 Peças,exato,__ALTERACAO__,,Colher de chá. Vídeo todo feito como se fosse colher de mesa.,,Diogo,,REINSERÇÃO CENAS IA,alta,cena precisa ser refeita
1296,232102300,Garfo de Mesa Tramontina Aço Inox Churrasco,Garfo de Mesa Tramontina Aço Inox Churrasco,exato,__ALTERACAO__,,0:03 - o começo do cabo tá diferente,,Diogo,,REINSERÇÃO CENAS IA,alta,cena precisa ser refeita
1302,232103400,Jogo de Garfos de Mesa Tramontina Inox New Kolor 12 Peças,Jogo de Garfos de Mesa Tramontina Inox New Kolor 12 Peças,exato,__ALTERACAO__,,0:03 - Vídeo começa com produto na embalagem.,,Diogo,,REINSERÇÃO CENAS IA edição,media,so problema de edicao
1304,232104200,Jogo de Garfos de Mesa Tramontina Inox Leme 12 Peças,Jogo de Garfos de Mesa Tramontina Inox Leme 12 Peças,exato,__ALTERACAO__,,"0:07 - O vídeo tá tremendo.
0:11 - Bugou o contorno azul da legenda.
0:17 - Embalagem em pé.",,Diogo,,REINSERÇÃO CENAS IA edição,media,so problema de edicao
1306,232104600,Jogo de Garfos de Mesa Tramontina Inox Ipanema 3 Peças,Jogo de Garfos de Mesa Tramontina Inox Ipanema 3 Peças,exato,__ALTERACAO__,,0:12 - Embalagem em pé.,,Diogo,,REINSERÇÃO CENAS IA edição,media,so problema de edicao
1316,232180100,Kit Babador de Silicone Tramontina Urso Le Petit com Colher,Kit Babador de Silicone Tramontina Urso Le Petit com Colher,exato,__ALTERACAO__,,"0:03 até 0:12 - Modelo completamente diferente do original.
0:12 - Na hora que fala ""fungos"" dá uma trepidação na voz.
0:14 - colher diferente do original
0:14 - Locução desconexa. Tá falando: ""e em silicone e polipropileno poder direto na lava-louças""",,Diogo,,REINSERÇÃO CENAS IA/áudio,media,cena + audio citado
1319,232448400,Bicicleta Aro 29 Dropp RS3 Alumínio Freio a Disco,Bicicleta Aro 29 Dropp RS3 Alumínio Freio a Disco,exato,__ALTERACAO__,,"0:04 - Os detalhes no cano da roda da frente tão diferentes. O cano onde vai o banco tbm tá diferente.
0:06 - Os detalhes no cano da roda da frente tão diferentes. O cano onde vai o banco tbm tá diferente.
0:18 - paisagem estrangeira.",,Diogo,,REINSERÇÃO CENAS IA,alta,cena precisa ser refeita
1323,232524200,Cama Box Solteiro Aiam Colchões 54x88x188cm,Cama Box Solteiro Aiam Colchões 54x88x188cm,exato,__ALTERACAO__,,Faltou régua de medidas.,,Diogo,,REINSERÇÃO CENAS IA edição,media,so problema de edicao
1324,232524100,Cama Box Casal Aiam Colchões 54x138x188cm,Cama Box Casal Aiam Colchões 54x138x188cm,exato,__ALTERACAO__,,"0:12 - Ela fala ""e"" duas vezes seguidas ""reflorestada e e ainda tem proteção""
Faltou régua de medidas.",,Diogo,,Alteração,BAIXA,so audio - sem valor proprio no vocabulario
1336,234659600,Geladeira/Refrigerador Midea Frost Free - Duplex 347L SmartSensor MD-RT468MTA041,Geladeira/Refrigerador Midea Frost Free - Duplex 347L SmartSensor MD-RT468MTA041,exato,__ALTERACAO__,,"0:13 - A parte de dentro da geladeira tá diferente do original.
0:15 - Geladeira tá mais larga do que realmente é.
0:20 - Modelo de geladeira tá diferente.",,Bidóia,,REINSERÇÃO CENAS IA,alta,cena precisa ser refeita
1386,235465200,Patins In Line Gonew Fitness Abec 9 Azul,Patins In Line Gonew Fitness Abec 9 Azul,exato,__ALTERACAO__,,"0:05 - os detalhes das rodas tão diferentes
0:10 - tá faltando o freio traseiro. A parte de trás dos patins tá diferente",,Ronan,,REINSERÇÃO CENAS IA,alta,cena precisa ser refeita
